run_key,config_key,json_file,sweep,tag,seed,stage,backbone,backbone_effective,edge_mode,min_cooc,hidden_dim,num_layers,lr,temperature,epochs,patience,eval_every,dropout,neg_mode,neg_ratio,mask_rate,mae_epochs,mae_alpha,remask,mae_lr,init_from,test_auc,test_ap,val_auc,val_ap,test_auc_uniform,test_ap_uniform,auc_c=1,n_c=1,auc_c=2-4,n_c=2-4,auc_c>=5,n_c>=5,auc_degq1,auc_degq2,auc_degq3,auc_degq4,effective_rank,alignment,uniformity,degree_bias_rho,knn_room_purity,n_labelled,train_auc,best_epoch,epochs_run,final_loss,wall_clock_s,n_params,n_nodes,n_edges,git_commit,scenes_sha256,torch,python
stageA_4156547435,"{""edge_mode"": ""dedup"", ""epochs"": 1000, ""eval_every"": 10, ""min_cooc"": 1, ""patience"": 20, ""seed"": 0}",stageA/stageA_4156547435.json,stageA,,0,,sage,sage,dedup,1,64,2,0.001,0.5,1000,20,10,0.0,uniform,1.0,0.75,100,3.0,,0.001,,0.7753926644622345,0.7640858269810362,0.7871434860056101,0.7810743683849193,0.8534020149566962,0.8433290890188001,0.7067763996419688,1097,0.8584639524830737,403,0.9313415951914635,268,0.5864617000646413,0.7412558286260709,0.8610731180584122,0.9030550544699634,25.14823341369629,0.9691141843795776,-2.8790509700775146,0.7261200945927235,0.7593366093366092,814,0.8092039438997636,100,300,0.515264093875885,4.49279260635376,57472,1068,17669,4d5e678,b9288cb03392952e,2.9.1+cu128,3.12.3
stageA_4704365770,"{""edge_mode"": ""dedup"", ""epochs"": 1000, ""eval_every"": 10, ""min_cooc"": 1, ""patience"": 20, ""seed"": 1}",stageA/stageA_4704365770.json,stageA,,1,,sage,sage,dedup,1,64,2,0.001,0.5,1000,20,10,0.0,uniform,1.0,0.75,100,3.0,,0.001,,0.7773297536905469,0.7638505803073222,0.7883217353248296,0.7791291568969113,0.8490122924387298,0.8397432991518874,0.7115884745315277,1097,0.8549636212568631,403,0.9296869723779293,268,0.6095238095238096,0.738071648971303,0.8584533113944878,0.8949324290278043,25.395858764648438,0.9827768802642822,-2.877897262573242,0.7027706082928761,0.7730958230958231,814,0.8083415575804008,100,300,0.5177983045578003,4.270057678222656,57472,1068,17669,4d5e678,b9288cb03392952e,2.9.1+cu128,3.12.3
stageA_8554851523,"{""edge_mode"": ""dedup"", ""epochs"": 1000, ""eval_every"": 10, ""min_cooc"": 1, ""patience"": 20, ""seed"": 2}",stageA/stageA_8554851523.json,stageA,,2,,sage,sage,dedup,1,64,2,0.001,0.5,1000,20,10,0.0,uniform,1.0,0.75,100,3.0,,0.001,,0.7743615763395508,0.7636368205808151,0.7850083689932639,0.77624223118631,0.8491453773469012,0.8417591494146222,0.7073028250638309,1097,0.8514197815029809,403,0.9329772236104545,268,0.598167151475975,0.734197399422313,0.8627866618675443,0.8935820173537977,23.856769561767578,0.9660077095031738,-2.828397274017334,0.7155157237522217,0.7616707616707616,814,0.8032026203603395,90,290,0.5168601274490356,4.092641592025757,57472,1068,17669,4d5e678,b9288cb03392952e,2.9.1+cu128,3.12.3
stageA_4912129557,"{""edge_mode"": ""dedup"", ""epochs"": 1000, ""eval_every"": 10, ""min_cooc"": 1, ""patience"": 20, ""seed"": 3}",stageA/stageA_4912129557.json,stageA,,3,,sage,sage,dedup,1,64,2,0.001,0.5,1000,20,10,0.0,uniform,1.0,0.75,100,3.0,,0.001,,0.7755071942630168,0.7639379463785991,0.7857553720235049,0.7791493393281553,0.8478433206732049,0.8380337783201299,0.7080215684899581,1097,0.8546267810426329,403,0.9327703957587626,268,0.5971463585434174,0.7351844458245842,0.865815250925545,0.8950709973898759,23.788122177124023,0.9631503820419312,-2.831056833267212,0.72187608318364,0.7563882063882065,814,0.8055869398400852,90,290,0.5187105536460876,4.138962268829346,57472,1068,17669,4d5e678,b9288cb03392952e,2.9.1+cu128,3.12.3
stageA_5918235116,"{""edge_mode"": ""dedup"", ""epochs"": 1000, ""eval_every"": 10, ""min_cooc"": 1, ""patience"": 20, ""seed"": 4}",stageA/stageA_5918235116.json,stageA,,4,,sage,sage,dedup,1,64,2,0.001,0.5,1000,20,10,0.0,uniform,1.0,0.75,100,3.0,,0.001,,0.779014429475236,0.764904682113573,0.7867471105218977,0.7800403604595241,0.8452603217583586,0.8346621598589055,0.7166887686285509,1097,0.8487980418355546,403,0.9291952286080908,268,0.625413434604611,0.7356637979475349,0.8573092348827642,0.8902853500488769,23.518264770507812,0.9612599611282349,-2.7767274379730225,0.6816839087855113,0.765847665847666,814,0.8026350623279249,80,280,0.5185524821281433,4.119394302368164,57472,1068,17669,4d5e678,b9288cb03392952e,2.9.1+cu128,3.12.3
stageA_3345318285,"{""edge_mode"": ""multiplicity"", ""epochs"": 1000, ""eval_every"": 10, ""min_cooc"": 1, ""patience"": 20, ""seed"": 0}",stageA/stageA_3345318285.json,stageA,,0,,sage,sage,multiplicity,1,64,2,0.001,0.5,1000,20,10,0.0,uniform,1.0,0.75,100,3.0,,0.001,,0.7886451700415635,0.7781634119618047,0.7902904962019615,0.7810919153112339,0.8498008845027742,0.8395801489909205,0.7307671683777641,1097,0.8499980350987503,403,0.933298017829405,268,0.6375107735401853,0.7684150080343851,0.8521968839983547,0.888420975722823,25.312204360961914,0.9804717898368835,-2.887683629989624,0.6516097418617388,0.7871007371007371,814,0.8147216102693515,100,300,0.5168880820274353,4.427904844284058,57472,1068,17669,4d5e678,b9288cb03392952e,2.9.1+cu128,3.12.3
stageA_7688322633,"{""edge_mode"": ""multiplicity"", ""epochs"": 1000, ""eval_every"": 10, ""min_cooc"": 1, ""patience"": 20, ""seed"": 1}",stageA/stageA_7688322633.json,stageA,,1,,sage,sage,multiplicity,1,64,2,0.001,0.5,1000,20,10,0.0,uniform,1.0,0.75,100,3.0,,0.001,,0.7918929536659773,0.7775096525823159,0.7923497932065273,0.7811989805403358,0.8390977866956042,0.827102587741103,0.7412920676299409,1097,0.8419180804598991,403,0.9237923786047141,268,0.6788192199956906,0.7691432782263232,0.8449005039078568,0.8689747956746514,25.26850128173828,1.0077067613601685,-2.8632562160491943,0.5921718195418076,0.8006142506142506,814,0.8117615647077061,90,290,0.5186470150947571,4.3455986976623535,57472,1068,17669,4d5e678,b9288cb03392952e,2.9.1+cu128,3.12.3
stageA_6384396194,"{""edge_mode"": ""multiplicity"", ""epochs"": 1000, ""eval_every"": 10, ""min_cooc"": 1, ""patience"": 20, ""seed"": 2}",stageA/stageA_6384396194.json,stageA,,2,,sage,sage,multiplicity,1,64,2,0.001,0.5,1000,20,10,0.0,uniform,1.0,0.75,100,3.0,,0.001,,0.7850000511865032,0.7778243034569043,0.78788696996376,0.7821019121372208,0.8558847203169468,0.8515988358312261,0.7202603150509205,1097,0.8585285135241345,403,0.9394310967785505,268,0.6020025317819435,0.7615870128845909,0.872394333607569,0.8944701145834384,24.971120834350586,0.971727192401886,-2.8984694480895996,0.7190560368904342,0.8058968058968059,814,0.8133965513829213,120,320,0.5160431265830994,4.766540288925171,57472,1068,17669,4d5e678,b9288cb03392952e,2.9.1+cu128,3.12.3
stageA_7980892648,"{""edge_mode"": ""multiplicity"", ""epochs"": 1000, ""eval_every"": 10, ""min_cooc"": 1, ""patience"": 20, ""seed"": 3}",stageA/stageA_7980892648.json,stageA,,3,,sage,sage,multiplicity,1,64,2,0.001,0.5,1000,20,10,0.0,uniform,1.0,0.75,100,3.0,,0.001,,0.7929112451628755,0.7817186662832123,0.7916303029217255,0.7811426783286586,0.8411836366986752,0.8338984082003493,0.7372363748107755,1097,0.8528583699179232,403,0.9306599074761936,268,0.6575993859082094,0.7658432654107393,0.8615577437268612,0.8798839049068315,23.860990524291992,0.9820774793624878,-2.846766471862793,0.642320838859151,0.7891891891891893,814,0.8111888550216475,90,290,0.5196211934089661,4.410906553268433,57472,1068,17669,4d5e678,b9288cb03392952e,2.9.1+cu128,3.12.3
stageA_4042587904,"{""edge_mode"": ""multiplicity"", ""epochs"": 1000, ""eval_every"": 10, ""min_cooc"": 1, ""patience"": 20, ""seed"": 4}",stageA/stageA_4042587904.json,stageA,,4,,sage,sage,multiplicity,1,64,2,0.001,0.5,1000,20,10,0.0,uniform,1.0,0.75,100,3.0,,0.001,,0.7901171019225651,0.7788618878277096,0.7940917338916074,0.78668936997601,0.8529043861714544,0.8484572694750414,0.7340303872758696,1097,0.8505229444325927,403,0.9288617714594449,268,0.6429056237879767,0.7665653742643362,0.8590382044426162,0.8843571435769784,24.89307403564453,0.9709436893463135,-2.8697750568389893,0.6528116170548895,0.7981572481572482,814,0.8160753912519484,110,310,0.516346275806427,4.6084303855896,57472,1068,17669,4d5e678,b9288cb03392952e,2.9.1+cu128,3.12.3
stageA_6613748438,"{""edge_mode"": ""weighted"", ""epochs"": 1000, ""eval_every"": 10, ""min_cooc"": 1, ""patience"": 20, ""seed"": 0}",stageA/stageA_6613748438.json,stageA,,0,,sage,wsage,weighted,1,64,2,0.001,0.5,1000,20,10,0.0,uniform,1.0,0.75,100,3.0,,0.001,,0.7805337088716446,0.7677277316877977,0.7880843579165047,0.7848343795836752,0.8457270786838926,0.8446838057616387,0.7212605749122452,1097,0.8402661599092777,403,0.9333338961302086,268,0.6231523378582203,0.7613947791283432,0.8467361682435214,0.8824398613308608,27.37328338623047,0.997856855392456,-2.9120776653289795,0.6591038524680342,0.7324324324324325,814,0.8058511410705054,80,280,0.5175047516822815,4.088122129440308,57472,1068,17669,4d5e678,b9288cb03392952e,2.9.1+cu128,3.12.3
stageA_1346793291,"{""edge_mode"": ""weighted"", ""epochs"": 1000, ""eval_every"": 10, ""min_cooc"": 1, ""patience"": 20, ""seed"": 1}",stageA/stageA_1346793291.json,stageA,,1,,sage,wsage,weighted,1,64,2,0.001,0.5,1000,20,10,0.0,uniform,1.0,0.75,100,3.0,,0.001,,0.7841167640916443,0.7754276744144667,0.7898730062857027,0.7841569604418073,0.852623500235458,0.853343680796049,0.7235910772695586,1097,0.8483994475820487,403,0.9352016782602824,268,0.6240276879982763,0.7608057551829178,0.8553051727684081,0.8879347267431901,27.53097152709961,0.9662463068962097,-2.8976640701293945,0.6668770836175242,0.7331695331695333,814,0.8056426968533345,90,290,0.5187854170799255,4.287448406219482,57472,1068,17669,4d5e678,b9288cb03392952e,2.9.1+cu128,3.12.3
stageA_6382648313,"{""edge_mode"": ""weighted"", ""epochs"": 1000, ""eval_every"": 10, ""min_cooc"": 1, ""patience"": 20, ""seed"": 2}",stageA/stageA_6382648313.json,stageA,,2,,sage,wsage,weighted,1,64,2,0.001,0.5,1000,20,10,0.0,uniform,1.0,0.75,100,3.0,,0.001,,0.7837171894514854,0.7773307481587034,0.7861907772158638,0.7808868430754152,0.8534754355971418,0.8540705556405155,0.7204882093079851,1097,0.8520794269225155,403,0.9397328966029581,268,0.6048938806291747,0.7645592425004191,0.8577077334430276,0.8980678531477693,26.672164916992188,0.9631769061088562,-2.893124580383301,0.7026542681947654,0.7329238329238328,814,0.8068480436249841,90,290,0.5183338522911072,4.1703879833221436,57472,1068,17669,4d5e678,b9288cb03392952e,2.9.1+cu128,3.12.3
stageA_4110835896,"{""edge_mode"": ""weighted"", ""epochs"": 1000, ""eval_every"": 10, ""min_cooc"": 1, ""patience"": 20, ""seed"": 3}",stageA/stageA_4110835896.json,stageA,,3,,sage,wsage,weighted,1,64,2,0.001,0.5,1000,20,10,0.0,uniform,1.0,0.75,100,3.0,,0.001,,0.78416539126963,0.782488031230373,0.7905717020536025,0.7861738993811748,0.8494227442108064,0.8516471064296206,0.7182355622285377,1097,0.8561369480030989,403,0.9458089923684745,268,0.6046959168282697,0.7611680418773845,0.861186240230358,0.9000758346854246,26.528671264648438,0.9630831480026245,-2.8868050575256348,0.6823155764258088,0.7223587223587223,814,0.8067362792751793,90,290,0.5195199251174927,4.28447699546814,57472,1068,17669,4d5e678,b9288cb03392952e,2.9.1+cu128,3.12.3
stageA_1973460384,"{""edge_mode"": ""weighted"", ""epochs"": 1000, ""eval_every"": 10, ""min_cooc"": 1, ""patience"": 20, ""seed"": 4}",stageA/stageA_1973460384.json,stageA,,4,,sage,wsage,weighted,1,64,2,0.001,0.5,1000,20,10,0.0,uniform,1.0,0.75,100,3.0,,0.001,,0.7835697083393051,0.7742805725000486,0.7916702923773059,0.7885324466239635,0.842588386294302,0.8393696793745513,0.7279989234316544,1097,0.8369679328116053,403,0.9307401060309314,268,0.6459882029734971,0.7594169895207957,0.8430635540929657,0.878654425621542,25.65190315246582,0.9858094453811646,-2.8476297855377197,0.6355350779573111,0.7203931203931203,814,0.8035976806023704,80,280,0.5196824669837952,4.000624895095825,57472,1068,17669,4d5e678,b9288cb03392952e,2.9.1+cu128,3.12.3
stageA_2743929685,"{""edge_mode"": ""dedup"", ""epochs"": 1000, ""eval_every"": 10, ""min_cooc"": 10, ""patience"": 20, ""seed"": 0}",stageA/stageA_2743929685.json,stageA,,0,,sage,sage,dedup,10,64,2,0.001,0.5,1000,20,10,0.0,uniform,1.0,0.75,100,3.0,,0.001,,0.7256163494809689,0.732345641199853,0.7082612456747405,0.6581876140305917,0.9989186851211073,0.9988442296364693,,,,,0.7256163494809689,136,0.6660341555977229,0.7038398692810457,0.7971453287197232,0.7313025210084034,16.35746955871582,0.03448163717985153,-0.976617157459259,-0.6224698437153815,0.42911547911547915,814,0.7227614813005978,10,210,0.4235696494579315,0.7626240253448486,57472,1068,1358,4d5e678,b9288cb03392952e,2.9.1+cu128,3.12.3
stageA_8629348798,"{""edge_mode"": ""dedup"", ""epochs"": 1000, ""eval_every"": 10, ""min_cooc"": 10, ""patience"": 20, ""seed"": 1}",stageA/stageA_8629348798.json,stageA,,1,,sage,sage,dedup,10,64,2,0.001,0.5,1000,20,10,0.0,uniform,1.0,0.75,100,3.0,,0.001,,0.632974697231834,0.6169054032634306,0.6505190311418686,0.6180939980355056,0.9998378027681661,0.9998377969216407,,,,,0.632974697231834,136,0.5358159392789373,0.6734068627450981,0.6738754325259515,0.6377100840336135,32.380924224853516,0.004955255892127752,-3.0513949394226074,0.6251659305694317,0.4259213759213759,814,0.6853385122554256,290,490,0.42372334003448486,1.5285871028900146,57472,1068,1358,4d5e678,b9288cb03392952e,2.9.1+cu128,3.12.3
stageA_3463044179,"{""edge_mode"": ""dedup"", ""epochs"": 1000, ""eval_every"": 10, ""min_cooc"": 10, ""patience"": 20, ""seed"": 2}",stageA/stageA_3463044179.json,stageA,,2,,sage,sage,dedup,10,64,2,0.001,0.5,1000,20,10,0.0,uniform,1.0,0.75,100,3.0,,0.001,,0.6444636678200691,0.6437540448809312,0.65403330449827,0.6310265078556334,0.9997837370242215,0.9997829242262939,,,,,0.6444636678200691,136,0.43572106261859583,0.7228349673202614,0.703287197231834,0.6915966386554622,13.632803916931152,0.022453054785728455,-0.7723791003227234,-0.6227057773841506,0.42567567567567566,814,0.6941815980383179,10,210,0.42900171875953674,0.7713310718536377,57472,1068,1358,4d5e678,b9288cb03392952e,2.9.1+cu128,3.12.3
stageA_7317523941,"{""edge_mode"": ""dedup"", ""epochs"": 1000, ""eval_every"": 10, ""min_cooc"": 10, ""patience"": 20, ""seed"": 3}",stageA/stageA_7317523941.json,stageA,,3,,sage,sage,dedup,10,64,2,0.001,0.5,1000,20,10,0.0,uniform,1.0,0.75,100,3.0,,0.001,,0.7164792387543253,0.7087652903798152,0.6457071799307958,0.6321330947869453,1.0,1.0,,,,,0.7164792387543253,136,0.5476755218216318,0.6999591503267973,0.8326124567474049,0.7701680672268908,13.520113945007324,0.026696588844060898,-0.7478958368301392,-0.6223232705878584,0.42567567567567566,814,0.6683442202618968,10,210,0.4211411774158478,0.7657349109649658,57472,1068,1358,4d5e678,b9288cb03392952e,2.9.1+cu128,3.12.3
stageA_1733399195,"{""edge_mode"": ""dedup"", ""epochs"": 1000, ""eval_every"": 10, ""min_cooc"": 10, ""patience"": 20, ""seed"": 4}",stageA/stageA_1733399195.json,stageA,,4,,sage,sage,dedup,10,64,2,0.001,0.5,1000,20,10,0.0,uniform,1.0,0.75,100,3.0,,0.001,,0.7050713667820069,0.6968878893371405,0.6513300173010381,0.6020384343795515,1.0,1.0,,,,,0.7050713667820069,136,0.6458728652751423,0.7718545751633986,0.7132352941176471,0.6808823529411765,14.82291316986084,0.030980916693806648,-0.9243258237838745,-0.6225446216743385,0.43194103194103195,814,0.7066854559452465,10,210,0.4192091226577759,0.8685019016265869,57472,1068,1358,4d5e678,b9288cb03392952e,2.9.1+cu128,3.12.3
stageA_0381274686,"{""edge_mode"": ""multiplicity"", ""epochs"": 1000, ""eval_every"": 10, ""min_cooc"": 10, ""patience"": 20, ""seed"": 0}",stageA/stageA_0381274686.json,stageA,,0,,sage,sage,multiplicity,10,64,2,0.001,0.5,1000,20,10,0.0,uniform,1.0,0.75,100,3.0,,0.001,,0.7625432525951558,0.7410324655456744,0.7205882352941176,0.6745931590073702,0.9988646193771626,0.9987813839853884,,,,,0.7625432525951558,136,0.7556925996204934,0.7461192810457515,0.7923875432525951,0.7565126050420168,16.13759422302246,0.0321115106344223,-0.96872878074646,-0.6231461606455845,0.4380835380835381,814,0.750024164911531,10,210,0.42353543639183044,0.9763288497924805,57472,1068,1358,4d5e678,b9288cb03392952e,2.9.1+cu128,3.12.3
stageA_1480155496,"{""edge_mode"": ""multiplicity"", ""epochs"": 1000, ""eval_every"": 10, ""min_cooc"": 10, ""patience"": 20, ""seed"": 1}",stageA/stageA_1480155496.json,stageA,,1,,sage,sage,multiplicity,10,64,2,0.001,0.5,1000,20,10,0.0,uniform,1.0,0.75,100,3.0,,0.001,,0.6654411764705883,0.6751083374681814,0.6486807958477508,0.6268020690274636,1.0,1.0,,,,,0.6654411764705883,136,0.6088709677419355,0.6764705882352942,0.7035034602076125,0.6672268907563026,14.341421127319336,0.034586526453495026,-0.8361626863479614,-0.6245805497596602,0.4179361179361179,814,0.6897556037158002,10,210,0.42649176716804504,0.952131986618042,57472,1068,1358,4d5e678,b9288cb03392952e,2.9.1+cu128,3.12.3
stageA_8435289217,"{""edge_mode"": ""multiplicity"", ""epochs"": 1000, ""eval_every"": 10, ""min_cooc"": 10, ""patience"": 20, ""seed"": 2}",stageA/stageA_8435289217.json,stageA,,2,,sage,sage,multiplicity,10,64,2,0.001,0.5,1000,20,10,0.0,uniform,1.0,0.75,100,3.0,,0.001,,0.6906898788927336,0.6879085827517653,0.6934472318339101,0.6574690081745053,0.9998378027681661,0.9998377969216407,,,,,0.6906898788927336,136,0.5434060721062619,0.7540849673202615,0.7320501730103807,0.7157563025210084,13.4166259765625,0.021585125476121902,-0.7656922340393066,-0.6230632490592471,0.44004914004914003,814,0.7326093186681996,10,210,0.4290025234222412,0.9594967365264893,57472,1068,1358,4d5e678,b9288cb03392952e,2.9.1+cu128,3.12.3
stageA_2967627093,"{""edge_mode"": ""multiplicity"", ""epochs"": 1000, ""eval_every"": 10, ""min_cooc"": 10, ""patience"": 20, ""seed"": 3}",stageA/stageA_2967627093.json,stageA,,3,,sage,sage,multiplicity,10,64,2,0.001,0.5,1000,20,10,0.0,uniform,1.0,0.75,100,3.0,,0.001,,0.7505406574394464,0.7310578831273492,0.6734429065743945,0.6509153250301604,1.0,1.0,,,,,0.7505406574394464,136,0.6356736242884251,0.7305964052287582,0.8250432525951558,0.8004201680672269,13.500053405761719,0.02524636499583721,-0.7488045692443848,-0.6231898832303017,0.43538083538083533,814,0.7171772670078583,10,210,0.4213216006755829,0.8682787418365479,57472,1068,1358,4d5e678,b9288cb03392952e,2.9.1+cu128,3.12.3
stageA_3447311737,"{""edge_mode"": ""multiplicity"", ""epochs"": 1000, ""eval_every"": 10, ""min_cooc"": 10, ""patience"": 20, ""seed"": 4}",stageA/stageA_3447311737.json,stageA,,4,,sage,sage,multiplicity,10,64,2,0.001,0.5,1000,20,10,0.0,uniform,1.0,0.75,100,3.0,,0.001,,0.726400302768166,0.7242875278619235,0.683336937716263,0.6286360177901166,1.0,1.0,,,,,0.726400302768166,136,0.6992409867172675,0.7949346405228758,0.7204801038062284,0.6857142857142857,14.736838340759277,0.029312117025256157,-0.9209829568862915,-0.6233660608335105,0.4388206388206389,814,0.7365541344891793,10,210,0.41916224360466003,0.8539197444915771,57472,1068,1358,4d5e678,b9288cb03392952e,2.9.1+cu128,3.12.3
stageA_9686971359,"{""edge_mode"": ""weighted"", ""epochs"": 1000, ""eval_every"": 10, ""min_cooc"": 10, ""patience"": 20, ""seed"": 0}",stageA/stageA_9686971359.json,stageA,,0,,sage,wsage,weighted,10,64,2,0.001,0.5,1000,20,10,0.0,uniform,1.0,0.75,100,3.0,,0.001,,0.7901167820069204,0.776452896483048,0.7106401384083045,0.670360323614647,0.9987564878892734,0.9986540579425275,,,,,0.7901167820069204,136,0.7208254269449714,0.8633578431372549,0.8161764705882353,0.7508403361344538,15.237310409545898,0.02623819187283516,-0.9035835266113281,-0.6234539969179429,0.4300982800982801,814,0.7230005867410099,10,210,0.41959866881370544,0.9086716175079346,57472,1068,1358,4d5e678,b9288cb03392952e,2.9.1+cu128,3.12.3
stageA_3387102707,"{""edge_mode"": ""weighted"", ""epochs"": 1000, ""eval_every"": 10, ""min_cooc"": 10, ""patience"": 20, ""seed"": 1}",stageA/stageA_3387102707.json,stageA,,1,,sage,wsage,weighted,10,64,2,0.001,0.5,1000,20,10,0.0,uniform,1.0,0.75,100,3.0,,0.001,,0.7146950692041523,0.722940209696969,0.6806877162629758,0.6621842821292638,0.9999459342560554,0.9999463288965221,,,,,0.7146950692041523,136,0.6297438330170777,0.7175245098039216,0.7880622837370241,0.7157563025210084,14.810609817504883,0.029728157445788383,-0.9635177850723267,-0.6238673861262034,0.4298525798525798,814,0.7194127332973828,10,210,0.4267149865627289,0.7763283252716064,57472,1068,1358,4d5e678,b9288cb03392952e,2.9.1+cu128,3.12.3
stageA_5960542573,"{""edge_mode"": ""weighted"", ""epochs"": 1000, ""eval_every"": 10, ""min_cooc"": 10, ""patience"": 20, ""seed"": 2}",stageA/stageA_5960542573.json,stageA,,2,,sage,wsage,weighted,10,64,2,0.001,0.5,1000,20,10,0.0,uniform,1.0,0.75,100,3.0,,0.001,,0.6708477508650521,0.6795878047944672,0.6524113321799307,0.6682876647076879,1.0,1.0,,,,,0.6708477508650521,136,0.5704459203036053,0.6991421568627451,0.720371972318339,0.682563025210084,16.805959701538086,0.026223592460155487,-1.087456464767456,-0.6234322548708376,0.4283783783783784,814,0.6955874023652785,10,210,0.4254045784473419,0.7752153873443604,57472,1068,1358,4d5e678,b9288cb03392952e,2.9.1+cu128,3.12.3
stageA_4063941872,"{""edge_mode"": ""weighted"", ""epochs"": 1000, ""eval_every"": 10, ""min_cooc"": 10, ""patience"": 20, ""seed"": 3}",stageA/stageA_4063941872.json,stageA,,3,,sage,wsage,weighted,10,64,2,0.001,0.5,1000,20,10,0.0,uniform,1.0,0.75,100,3.0,,0.001,,0.7013948961937717,0.714940726972235,0.6651167820069205,0.6800615889146313,0.9996756055363322,0.9996719348544686,,,,,0.7013948961937717,136,0.6000948766603416,0.7790032679738562,0.7419982698961937,0.6718487394957983,15.947330474853516,0.03223096951842308,-0.9789868593215942,-0.6239762196175753,0.43894348894348895,814,0.6816959698014915,10,210,0.4212358593940735,0.7670855522155762,57472,1068,1358,4d5e678,b9288cb03392952e,2.9.1+cu128,3.12.3
stageA_7918518438,"{""edge_mode"": ""weighted"", ""epochs"": 1000, ""eval_every"": 10, ""min_cooc"": 10, ""patience"": 20, ""seed"": 4}",stageA/stageA_7918518438.json,stageA,,4,,sage,wsage,weighted,10,64,2,0.001,0.5,1000,20,10,0.0,uniform,1.0,0.75,100,3.0,,0.001,,0.74405276816609,0.7308852851913271,0.7211288927335642,0.6925750850817146,1.0,1.0,,,,,0.74405276816609,136,0.6620018975332068,0.7865604575163399,0.791955017301038,0.7264705882352941,16.909664154052734,0.03816073760390282,-0.9272590279579163,-0.6238027225638424,0.4484029484029484,814,0.7342054746666937,10,210,0.42202967405319214,0.7635898590087891,57472,1068,1358,4d5e678,b9288cb03392952e,2.9.1+cu128,3.12.3
stageA_5017802622,"{""edge_mode"": ""dedup"", ""epochs"": 1000, ""eval_every"": 10, ""min_cooc"": 2, ""patience"": 20, ""seed"": 0}",stageA/stageA_5017802622.json,stageA,,0,,sage,sage,dedup,2,64,2,0.001,0.5,1000,20,10,0.0,uniform,1.0,0.75,100,3.0,,0.001,,0.7934661658978192,0.7584828192204536,0.8064769756641443,0.7631813048535762,0.9681281802412485,0.9565017997644195,,,0.7460920887679217,403,0.86470405053718,268,0.6655118354075136,0.8059754453197076,0.8498384098863008,0.8377301923462406,23.546138763427734,0.3040439486503601,-2.6180102825164795,0.8980095309711856,0.5922604422604422,814,0.819677005597015,210,410,0.45544499158859253,2.816617965698242,57472,1068,6702,4d5e678,b9288cb03392952e,2.9.1+cu128,3.12.3
stageA_9711377074,"{""edge_mode"": ""dedup"", ""epochs"": 1000, ""eval_every"": 10, ""min_cooc"": 2, ""patience"": 20, ""seed"": 1}",stageA/stageA_9711377074.json,stageA,,1,,sage,sage,dedup,2,64,2,0.001,0.5,1000,20,10,0.0,uniform,1.0,0.75,100,3.0,,0.001,,0.7665294808780188,0.7383383168383151,0.7900280072227985,0.7572932073433764,0.9690832243176433,0.9555644040281462,,,0.7074659872121534,403,0.8553451075472118,268,0.5933671395668415,0.762987012987013,0.84555166697366,0.8437001594896332,24.858686447143555,0.29128891229629517,-2.602735757827759,0.8983323295222195,0.567936117936118,814,0.7901650736522611,200,400,0.45416131615638733,2.7750258445739746,57472,1068,6702,4d5e678,b9288cb03392952e,2.9.1+cu128,3.12.3
stageA_6465329281,"{""edge_mode"": ""dedup"", ""epochs"": 1000, ""eval_every"": 10, ""min_cooc"": 2, ""patience"": 20, ""seed"": 2}",stageA/stageA_6465329281.json,stageA,,2,,sage,sage,dedup,2,64,2,0.001,0.5,1000,20,10,0.0,uniform,1.0,0.75,100,3.0,,0.001,,0.7901679322851539,0.7659921021399765,0.8038628201341059,0.774818851366195,0.9716129806037213,0.9611752834316638,,,0.736577013679076,403,0.8707542763084726,268,0.6314378616912149,0.7985593641331346,0.8591989149182002,0.853016794345526,24.19959259033203,0.3121476471424103,-2.6756834983825684,0.9014619537966266,0.5837837837837838,814,0.8176319370962353,260,460,0.4540015459060669,3.149207353591919,57472,1068,6702,4d5e678,b9288cb03392952e,2.9.1+cu128,3.12.3
stageA_1661492855,"{""edge_mode"": ""dedup"", ""epochs"": 1000, ""eval_every"": 10, ""min_cooc"": 2, ""patience"": 20, ""seed"": 3}",stageA/stageA_1661492855.json,stageA,,3,,sage,sage,dedup,2,64,2,0.001,0.5,1000,20,10,0.0,uniform,1.0,0.75,100,3.0,,0.001,,0.7843132899935812,0.7541056067230687,0.8018683327373562,0.765727037033989,0.9699405429536626,0.9595021304867585,,,0.7319729450876992,403,0.8630191071468292,268,0.6313120560512513,0.7904158682847208,0.8538907215459066,0.8436827289286305,23.975921630859375,0.2997034788131714,-2.63085675239563,0.9017703257516123,0.5814496314496314,814,0.8135802795722877,240,440,0.4543367922306061,2.9236583709716797,57472,1068,6702,4d5e678,b9288cb03392952e,2.9.1+cu128,3.12.3
stageA_0261415851,"{""edge_mode"": ""dedup"", ""epochs"": 1000, ""eval_every"": 10, ""min_cooc"": 2, ""patience"": 20, ""seed"": 4}",stageA/stageA_0261415851.json,stageA,,4,,sage,sage,dedup,2,64,2,0.001,0.5,1000,20,10,0.0,uniform,1.0,0.75,100,3.0,,0.001,,0.790381151427791,0.7584231191732106,0.8079961620554326,0.7681561358436096,0.9702936871586552,0.9591814286984993,,,0.7382966055626023,403,0.8687023155459662,268,0.6442313275398222,0.7955876091121993,0.853304643413319,0.8513870368917824,23.41611671447754,0.30668556690216064,-2.6362218856811523,0.9003600110140637,0.5750614250614251,814,0.8162222933838272,190,390,0.45431163907051086,2.731938123703003,57472,1068,6702,4d5e678,b9288cb03392952e,2.9.1+cu128,3.12.3
stageA_0379774903,"{""edge_mode"": ""multiplicity"", ""epochs"": 1000, ""eval_every"": 10, ""min_cooc"": 2, ""patience"": 20, ""seed"": 0}",stageA/stageA_0379774903.json,stageA,,0,,sage,sage,multiplicity,2,64,2,0.001,0.5,1000,20,10,0.0,uniform,1.0,0.75,100,3.0,,0.001,,0.7918337068370052,0.7571988418089424,0.7973574152509434,0.7690930472144191,0.969589619781406,0.9614083058644405,,,0.7495534608173423,403,0.855411837978513,268,0.6671956955116418,0.8167802143211979,0.8494616453724945,0.819584978342528,25.913223266601562,0.3196186125278473,-2.699873208999634,0.8980165882344915,0.5882063882063883,814,0.8150146190688349,270,470,0.4530060291290283,3.3769876956939697,57472,1068,6702,4d5e678,b9288cb03392952e,2.9.1+cu128,3.12.3
stageA_6066693259,"{""edge_mode"": ""multiplicity"", ""epochs"": 1000, ""eval_every"": 10, ""min_cooc"": 2, ""patience"": 20, ""seed"": 1}",stageA/stageA_6066693259.json,stageA,,1,,sage,sage,multiplicity,2,64,2,0.001,0.5,1000,20,10,0.0,uniform,1.0,0.75,100,3.0,,0.001,,0.7809284361042198,0.7523703840323723,0.795682756568149,0.7723327833594829,0.9695607463558406,0.9581730820130521,,,0.7356894823843528,403,0.8489556687501391,268,0.6481216250217741,0.7961819601163863,0.8476699207957267,0.8160727203005029,26.826702117919922,0.3153022825717926,-2.6846699714660645,0.8967226141653831,0.6130221130221131,814,0.8065789638560927,250,450,0.4528811275959015,3.308753490447998,57472,1068,6702,4d5e678,b9288cb03392952e,2.9.1+cu128,3.12.3
stageA_5379219759,"{""edge_mode"": ""multiplicity"", ""epochs"": 1000, ""eval_every"": 10, ""min_cooc"": 2, ""patience"": 20, ""seed"": 2}",stageA/stageA_5379219759.json,stageA,,2,,sage,sage,multiplicity,2,64,2,0.001,0.5,1000,20,10,0.0,uniform,1.0,0.75,100,3.0,,0.001,,0.7787851395141713,0.7497687583008037,0.7828984921408757,0.7608768320626631,0.9715885492436273,0.9616448959962,,,0.7309448880046447,403,0.850724025179616,268,0.6087347823562429,0.8073504364487971,0.8538404862773991,0.8257379663764478,27.152620315551758,0.30056241154670715,-2.7105846405029297,0.9015389746634546,0.5986486486486486,814,0.8025445359489864,350,550,0.4570525288581848,3.88322377204895,57472,1068,6702,4d5e678,b9288cb03392952e,2.9.1+cu128,3.12.3
stageA_8936190353,"{""edge_mode"": ""multiplicity"", ""epochs"": 1000, ""eval_every"": 10, ""min_cooc"": 2, ""patience"": 20, ""seed"": 3}",stageA/stageA_8936190353.json,stageA,,3,,sage,sage,multiplicity,2,64,2,0.001,0.5,1000,20,10,0.0,uniform,1.0,0.75,100,3.0,,0.001,,0.7876803756210563,0.7586011451450315,0.7946166608549643,0.7687579568268363,0.9694741260791442,0.959186166023728,,,0.7480520537104355,403,0.8472707253597882,268,0.6715311514119263,0.8055318997941949,0.8493193121117232,0.810582093584682,26.230880737304688,0.3295001685619354,-2.697585105895996,0.8977833726611754,0.5889434889434889,814,0.8136342831087101,290,490,0.45287492871284485,3.5431063175201416,57472,1068,6702,4d5e678,b9288cb03392952e,2.9.1+cu128,3.12.3
stageA_0129366067,"{""edge_mode"": ""multiplicity"", ""epochs"": 1000, ""eval_every"": 10, ""min_cooc"": 2, ""patience"": 20, ""seed"": 4}",stageA/stageA_0129366067.json,stageA,,4,,sage,sage,multiplicity,2,64,2,0.001,0.5,1000,20,10,0.0,uniform,1.0,0.75,100,3.0,,0.001,,0.786889687967111,0.7498396031927088,0.8002070002509765,0.7687575330423939,0.9683947041695448,0.9569742917258766,,,0.7464544973799336,403,0.8476933514246947,268,0.6801343217140534,0.8046359378326591,0.8399169443560675,0.8103990726941547,25.109268188476562,0.3307492733001709,-2.6742351055145264,0.8963058830342955,0.5912776412776413,814,0.8139233055803073,230,430,0.4559183120727539,3.03487491607666,57472,1068,6702,4d5e678,b9288cb03392952e,2.9.1+cu128,3.12.3
stageA_8148744511,"{""edge_mode"": ""weighted"", ""epochs"": 1000, ""eval_every"": 10, ""min_cooc"": 2, ""patience"": 20, ""seed"": 0}",stageA/stageA_8148744511.json,stageA,,0,,sage,wsage,weighted,2,64,2,0.001,0.5,1000,20,10,0.0,uniform,1.0,0.75,100,3.0,,0.001,,0.78591687562883,0.767053241025712,0.7962357937193636,0.7665590531469318,0.9711399006309955,0.9614155443173602,,,0.7372722465266093,403,0.8590653290922435,268,0.6535796543248108,0.799269036973955,0.8496960766255295,0.8255898066079257,26.918848037719727,0.3070420026779175,-2.6806085109710693,0.895259410020774,0.5992628992628993,814,0.8073721005513479,250,450,0.45767322182655334,2.9161887168884277,57472,1068,6702,4d5e678,b9288cb03392952e,2.9.1+cu128,3.12.3
stageA_5377339259,"{""edge_mode"": ""weighted"", ""epochs"": 1000, ""eval_every"": 10, ""min_cooc"": 2, ""patience"": 20, ""seed"": 1}",stageA/stageA_5377339259.json,stageA,,1,,sage,wsage,weighted,2,64,2,0.001,0.5,1000,20,10,0.0,uniform,1.0,0.75,100,3.0,,0.001,,0.7900346703210058,0.7527112907693297,0.7972996683998126,0.7583759294730159,0.9671909044267404,0.9521439213939892,,,0.7473124442981662,403,0.8542774206463956,268,0.692163276365959,0.7978585622028245,0.8405113950334064,0.8179465056082831,24.738340377807617,0.3195245862007141,-2.6331872940063477,0.8914197886543695,0.5987714987714987,814,0.8103113339552239,210,410,0.45763641595840454,2.676668167114258,57472,1068,6702,4d5e678,b9288cb03392952e,2.9.1+cu128,3.12.3
stageA_3903131725,"{""edge_mode"": ""weighted"", ""epochs"": 1000, ""eval_every"": 10, ""min_cooc"": 2, ""patience"": 20, ""seed"": 2}",stageA/stageA_3903131725.json,stageA,,2,,sage,wsage,weighted,2,64,2,0.001,0.5,1000,20,10,0.0,uniform,1.0,0.75,100,3.0,,0.001,,0.7907165273708968,0.7666964758816552,0.8034330502997284,0.7710013221037941,0.9698117230549861,0.9576185600229759,,,0.7443170261784753,403,0.8604889116266655,268,0.6829988193624557,0.7947360017032148,0.8512031346807548,0.8208138328932116,24.50254249572754,0.3032539188861847,-2.6386711597442627,0.8939821308402582,0.5889434889434889,814,0.8097318619124526,200,400,0.45655277371406555,2.667083978652954,57472,1068,6702,4d5e678,b9288cb03392952e,2.9.1+cu128,3.12.3
stageA_9083023441,"{""edge_mode"": ""weighted"", ""epochs"": 1000, ""eval_every"": 10, ""min_cooc"": 2, ""patience"": 20, ""seed"": 3}",stageA/stageA_9083023441.json,stageA,,3,,sage,wsage,weighted,2,64,2,0.001,0.5,1000,20,10,0.0,uniform,1.0,0.75,100,3.0,,0.001,,0.7859190966615657,0.7702360823101166,0.7992763875346759,0.7770955030570623,0.9738873181251818,0.9668989985305826,,,0.734572672171826,403,0.8631303245323309,268,0.652786111057348,0.7904424810162516,0.8475610777139604,0.8372072755161626,24.52703857421875,0.2939205467700958,-2.663276195526123,0.8953307199001119,0.5862407862407863,814,0.8049515830363111,200,400,0.45339593291282654,2.6803219318389893,57472,1068,6702,4d5e678,b9288cb03392952e,2.9.1+cu128,3.12.3
stageA_6905333828,"{""edge_mode"": ""weighted"", ""epochs"": 1000, ""eval_every"": 10, ""min_cooc"": 2, ""patience"": 20, ""seed"": 4}",stageA/stageA_6905333828.json,stageA,,4,,sage,wsage,weighted,2,64,2,0.001,0.5,1000,20,10,0.0,uniform,1.0,0.75,100,3.0,,0.001,,0.7938448519792733,0.7684405722157386,0.8011931387856726,0.774730763366602,0.9704824749411981,0.9581521280821916,,,0.7482314089929107,403,0.8624352158729454,268,0.6786536861052509,0.8044940032644952,0.8484653125470956,0.8302655545968747,25.698951721191406,0.3080061376094818,-2.6861395835876465,0.8963019457117699,0.5958230958230958,814,0.8094255402094008,220,420,0.45882827043533325,2.975463390350342,57472,1068,6702,4d5e678,b9288cb03392952e,2.9.1+cu128,3.12.3
stageA_9689410325,"{""edge_mode"": ""dedup"", ""epochs"": 1000, ""eval_every"": 10, ""min_cooc"": 3, ""patience"": 20, ""seed"": 0}",stageA/stageA_9689410325.json,stageA,,0,,sage,sage,dedup,3,64,2,0.001,0.5,1000,20,10,0.0,uniform,1.0,0.75,100,3.0,,0.001,,0.7478836971706178,0.7379147588926682,0.7708815495923772,0.752277794001561,0.9779664727591169,0.9657692701372753,,,0.6605560032232071,170,0.803278129898453,268,0.5621559339393163,0.7628476546284765,0.8382556239788865,0.8226720482713634,32.55558395385742,0.18269212543964386,-2.764341354370117,0.8265708000396725,0.5071253071253071,814,0.7974871520471165,550,750,0.4425117075443268,3.809232234954834,57472,1068,4375,4d5e678,b9288cb03392952e,2.9.1+cu128,3.12.3
stageA_9047712387,"{""edge_mode"": ""dedup"", ""epochs"": 1000, ""eval_every"": 10, ""min_cooc"": 3, ""patience"": 20, ""seed"": 1}",stageA/stageA_9047712387.json,stageA,,1,,sage,sage,dedup,3,64,2,0.001,0.5,1000,20,10,0.0,uniform,1.0,0.75,100,3.0,,0.001,,0.7285398552990971,0.7226235442847898,0.7580586309709973,0.7366378937917346,0.9759492087320949,0.963451808715059,,,0.6316142895514371,170,0.7900224902882846,268,0.4972474715145308,0.759319219593192,0.8358258975325709,0.8148646444879322,32.8235969543457,0.1851452738046646,-2.7714900970458984,0.8268863396371383,0.5017199017199017,814,0.7886609663758093,500,700,0.44141677021980286,3.5592169761657715,57472,1068,4375,4d5e678,b9288cb03392952e,2.9.1+cu128,3.12.3
stageA_6609238146,"{""edge_mode"": ""dedup"", ""epochs"": 1000, ""eval_every"": 10, ""min_cooc"": 3, ""patience"": 20, ""seed"": 2}",stageA/stageA_6609238146.json,stageA,,2,,sage,sage,dedup,3,64,2,0.001,0.5,1000,20,10,0.0,uniform,1.0,0.75,100,3.0,,0.001,,0.7413575613519318,0.7358909564721747,0.772200329434332,0.7600105997423523,0.9786962323554556,0.9642762465990866,,,0.6440907869997313,170,0.8030566346350441,268,0.5139760167285452,0.772623495226235,0.8434292656361276,0.8285428897586432,33.12887954711914,0.19273529946804047,-2.821080207824707,0.8361797932105911,0.5183046683046683,814,0.8015618066191451,630,830,0.43874695897102356,4.215022802352905,57472,1068,4375,4d5e678,b9288cb03392952e,2.9.1+cu128,3.12.3
stageA_0240134107,"{""edge_mode"": ""dedup"", ""epochs"": 1000, ""eval_every"": 10, ""min_cooc"": 3, ""patience"": 20, ""seed"": 3}",stageA/stageA_0240134107.json,stageA,,3,,sage,sage,dedup,3,64,2,0.001,0.5,1000,20,10,0.0,uniform,1.0,0.75,100,3.0,,0.001,,0.7277527574487606,0.7271163022367484,0.7654031400512917,0.7513611637091737,0.9800150121974104,0.9698275052013807,,,0.6226027397260273,170,0.7944523955564643,268,0.4803909017197968,0.7616438356164383,0.8398894055548574,0.8216528049575994,34.269935607910156,0.19972845911979675,-2.8457555770874023,0.8287390141817883,0.50995085995086,814,0.7972564896466152,680,880,0.439928263425827,4.470742225646973,57472,1068,4375,4d5e678,b9288cb03392952e,2.9.1+cu128,3.12.3
stageA_8005102632,"{""edge_mode"": ""dedup"", ""epochs"": 1000, ""eval_every"": 10, ""min_cooc"": 3, ""patience"": 20, ""seed"": 4}",stageA/stageA_8005102632.json,stageA,,4,,sage,sage,dedup,3,64,2,0.001,0.5,1000,20,10,0.0,uniform,1.0,0.75,100,3.0,,0.001,,0.7391370071516441,0.7229838594138465,0.7629428076979212,0.7437794780963297,0.9778987093680283,0.9671080248622315,,,0.6490598979317754,170,0.796275471955292,268,0.5409038535398797,0.764321295143213,0.8311340119810651,0.8142530984996739,31.6776180267334,0.17584726214408875,-2.751791477203369,0.8300988098520231,0.507985257985258,814,0.7959349999236298,460,660,0.44024738669395447,3.3879168033599854,57472,1068,4375,4d5e678,b9288cb03392952e,2.9.1+cu128,3.12.3
stageA_0856901022,"{""edge_mode"": ""multiplicity"", ""epochs"": 1000, ""eval_every"": 10, ""min_cooc"": 3, ""patience"": 20, ""seed"": 0}",stageA/stageA_0856901022.json,stageA,,0,,sage,sage,multiplicity,3,64,2,0.001,0.5,1000,20,10,0.0,uniform,1.0,0.75,100,3.0,,0.001,,0.7406486520297743,0.7078244255319333,0.7662475761556264,0.7477846444524237,0.979102812701987,0.9708360525297473,,,0.6680633897394573,170,0.7866915422885572,268,0.6031237997695558,0.7689912826899129,0.8054124251183443,0.7811684605348989,32.50519943237305,0.18086162209510803,-2.7474746704101562,0.8232475781341707,0.5179361179361179,814,0.7982597975774076,550,750,0.4430186152458191,4.164071321487427,57472,1068,4375,4d5e678,b9288cb03392952e,2.9.1+cu128,3.12.3
stageA_9766829416,"{""edge_mode"": ""multiplicity"", ""epochs"": 1000, ""eval_every"": 10, ""min_cooc"": 3, ""patience"": 20, ""seed"": 1}",stageA/stageA_9766829416.json,stageA,,1,,sage,sage,multiplicity,3,64,2,0.001,0.5,1000,20,10,0.0,uniform,1.0,0.75,100,3.0,,0.001,,0.7045359771480995,0.6762737709719409,0.7583713850837139,0.7370990317336186,0.9782792268718334,0.9710173495150011,,,0.6050094010206822,170,0.7676685067811626,268,0.45950155763239875,0.7630552096305521,0.8048259394244063,0.7835534898891063,34.6868896484375,0.1907770186662674,-2.8013010025024414,0.8252211480476782,0.5097051597051597,814,0.7882551426729444,670,870,0.438109427690506,4.703617811203003,57472,1068,4375,4d5e678,b9288cb03392952e,2.9.1+cu128,3.12.3
stageA_9538624265,"{""edge_mode"": ""multiplicity"", ""epochs"": 1000, ""eval_every"": 10, ""min_cooc"": 3, ""patience"": 20, ""seed"": 2}",stageA/stageA_9538624265.json,stageA,,2,,sage,sage,multiplicity,3,64,2,0.001,0.5,1000,20,10,0.0,uniform,1.0,0.75,100,3.0,,0.001,,0.724427138716874,0.6831950354919365,0.7570943057901212,0.7384406900870975,0.9777840328600321,0.9695325142697413,,,0.6379801235562718,170,0.7792629319157637,268,0.5339691887509068,0.7608966376089663,0.8099367433287252,0.7873450750163079,33.83781051635742,0.18869924545288086,-2.781170129776001,0.8251989580219761,0.5027027027027027,814,0.7947124238575165,710,910,0.4389744699001312,4.9031593799591064,57472,1068,4375,4d5e678,b9288cb03392952e,2.9.1+cu128,3.12.3
stageA_4919515732,"{""edge_mode"": ""multiplicity"", ""epochs"": 1000, ""eval_every"": 10, ""min_cooc"": 3, ""patience"": 20, ""seed"": 3}",stageA/stageA_4919515732.json,stageA,,3,,sage,sage,multiplicity,3,64,2,0.001,0.5,1000,20,10,0.0,uniform,1.0,0.75,100,3.0,,0.001,,0.7290715372907154,0.6823077305383954,0.7667010696190655,0.7414245385272953,0.9803694668584892,0.9710206308536687,,,0.6473811442385173,170,0.7808900701969603,268,0.5615798233260786,0.7613325031133251,0.8053914792007038,0.7831254076973255,32.531681060791016,0.17554055154323578,-2.7452309131622314,0.8288539564138186,0.5163390663390665,814,0.7986369109991904,540,740,0.44075268507003784,4.150418043136597,57472,1068,4375,4d5e678,b9288cb03392952e,2.9.1+cu128,3.12.3
stageA_5504747337,"{""edge_mode"": ""multiplicity"", ""epochs"": 1000, ""eval_every"": 10, ""min_cooc"": 3, ""patience"": 20, ""seed"": 4}",stageA/stageA_5504747337.json,stageA,,4,,sage,sage,multiplicity,3,64,2,0.001,0.5,1000,20,10,0.0,uniform,1.0,0.75,100,3.0,,0.001,,0.7092950522299368,0.6988247712570363,0.75829840912408,0.7467662267044765,0.980875086007381,0.9737572449284471,,,0.5982943862476497,170,0.7797059224425816,268,0.440297870524474,0.762826899128269,0.8224414561601943,0.8035918134377039,35.28702926635742,0.19484302401542664,-2.846390962600708,0.8261093385530411,0.5094594594594594,814,0.7962750717736607,790,990,0.4331054985523224,5.4654340744018555,57472,1068,4375,4d5e678,b9288cb03392952e,2.9.1+cu128,3.12.3
stageA_5748402830,"{""edge_mode"": ""weighted"", ""epochs"": 1000, ""eval_every"": 10, ""min_cooc"": 3, ""patience"": 20, ""seed"": 0}",stageA/stageA_5748402830.json,stageA,,0,,sage,wsage,weighted,3,64,2,0.001,0.5,1000,20,10,0.0,uniform,1.0,0.75,100,3.0,,0.001,,0.7354517211901336,0.7101680102585044,0.7686766330977253,0.7496038467321504,0.979895123120869,0.9696031707898042,,,0.6453263497179694,170,0.7926208001090439,268,0.5517219306106772,0.7773765047737651,0.8164299777973274,0.7909939660795826,32.945159912109375,0.18052135407924652,-2.772695302963257,0.832608144570735,0.5167076167076168,814,0.8013420075682425,550,750,0.44184139370918274,3.7533926963806152,57472,1068,4375,4d5e678,b9288cb03392952e,2.9.1+cu128,3.12.3
stageA_0925718184,"{""edge_mode"": ""weighted"", ""epochs"": 1000, ""eval_every"": 10, ""min_cooc"": 3, ""patience"": 20, ""seed"": 1}",stageA/stageA_0925718184.json,stageA,,1,,sage,wsage,weighted,3,64,2,0.001,0.5,1000,20,10,0.0,uniform,1.0,0.75,100,3.0,,0.001,,0.7195638122641314,0.7102329998534402,0.7685697754425471,0.7541409524691552,0.97944162965743,0.9692056104346484,,,0.6131077088369595,170,0.7870919375724119,268,0.47917466820296156,0.7563096720630967,0.8300867160990324,0.8055691454664057,33.9636116027832,0.1893172711133957,-2.8141345977783203,0.8327019414942122,0.5031941031941032,814,0.7934222581538628,670,870,0.43721407651901245,4.308328151702881,57472,1068,4375,4d5e678,b9288cb03392952e,2.9.1+cu128,3.12.3
stageA_2270734602,"{""edge_mode"": ""weighted"", ""epochs"": 1000, ""eval_every"": 10, ""min_cooc"": 3, ""patience"": 20, ""seed"": 2}",stageA/stageA_2270734602.json,stageA,,2,,sage,wsage,weighted,3,64,2,0.001,0.5,1000,20,10,0.0,uniform,1.0,0.75,100,3.0,,0.001,,0.7364681720564625,0.7061471573802357,0.7652624007005693,0.7392760146478414,0.9781124246783846,0.9679295857994666,,,0.660153102336825,170,0.784876984938322,268,0.572440575257116,0.775840597758406,0.8128063340454945,0.7802103718199609,31.024486541748047,0.17935194075107574,-2.7577872276306152,0.8299935502219496,0.5,814,0.7959881323214791,390,590,0.43977639079093933,3.0882861614227295,57472,1068,4375,4d5e678,b9288cb03392952e,2.9.1+cu128,3.12.3
stageA_2445205400,"{""edge_mode"": ""weighted"", ""epochs"": 1000, ""eval_every"": 10, ""min_cooc"": 3, ""patience"": 20, ""seed"": 3}",stageA/stageA_2445205400.json,stageA,,3,,sage,wsage,weighted,3,64,2,0.001,0.5,1000,20,10,0.0,uniform,1.0,0.75,100,3.0,,0.001,,0.7357749004399406,0.6992691114060549,0.7563697587623277,0.7217865552108513,0.9776797814891266,0.9687701980880932,,,0.6689632017190438,170,0.7781554555987187,268,0.5962744847010626,0.7539020340390203,0.8061455322357673,0.7827584801043704,30.03717613220215,0.16094014048576355,-2.6859514713287354,0.8304163571740659,0.4965601965601966,814,0.7832088717463962,390,590,0.44234949350357056,3.154512643814087,57472,1068,4375,4d5e678,b9288cb03392952e,2.9.1+cu128,3.12.3
stageA_8487341010,"{""edge_mode"": ""weighted"", ""epochs"": 1000, ""eval_every"": 10, ""min_cooc"": 3, ""patience"": 20, ""seed"": 4}",stageA/stageA_8487341010.json,stageA,,4,,sage,wsage,weighted,3,64,2,0.001,0.5,1000,20,10,0.0,uniform,1.0,0.75,100,3.0,,0.001,,0.7316465461520818,0.7208301736641023,0.7759742290611121,0.7621170378787907,0.9798065094555993,0.970175421121983,,,0.6303250067150149,170,0.7959176719144007,268,0.49556181453505743,0.772997094229971,0.8323279292865822,0.8185950750163079,34.59029769897461,0.1879294365644455,-2.843611001968384,0.83071703143869,0.524938574938575,814,0.8018266926548483,680,880,0.44026029109954834,4.5278496742248535,57472,1068,4375,4d5e678,b9288cb03392952e,2.9.1+cu128,3.12.3
stageA_5582917550,"{""edge_mode"": ""dedup"", ""epochs"": 1000, ""eval_every"": 10, ""min_cooc"": 5, ""patience"": 20, ""seed"": 0}",stageA/stageA_5582917550.json,stageA,,0,,sage,sage,dedup,5,64,2,0.001,0.5,1000,20,10,0.0,uniform,1.0,0.75,100,3.0,,0.001,,0.7199125640454443,0.7137129304765695,0.7540376475829806,0.7224567104377343,0.9860492314546669,0.9798737959375439,,,,,0.7199125640454443,268,0.57722749886929,0.7847892888498684,0.7749498774782803,0.73958565382045,35.742286682128906,0.03845223784446716,-2.722522735595703,0.744714901779909,0.45085995085995084,814,0.7821552100620142,850,1000,0.42979055643081665,3.8859615325927734,57472,1068,2676,4d5e678,b9288cb03392952e,2.9.1+cu128,3.12.3
stageA_1329338231,"{""edge_mode"": ""dedup"", ""epochs"": 1000, ""eval_every"": 10, ""min_cooc"": 5, ""patience"": 20, ""seed"": 1}",stageA/stageA_1329338231.json,stageA,,1,,sage,sage,dedup,5,64,2,0.001,0.5,1000,20,10,0.0,uniform,1.0,0.75,100,3.0,,0.001,,0.685822287814658,0.6584979782053204,0.7161672978391623,0.6712041573913031,0.9885692804633548,0.9856491897327235,,,,,0.685822287814658,268,0.47014925373134325,0.7572706321334504,0.7425373134328359,0.7690465582535085,34.724517822265625,0.021663278341293335,-2.631438970565796,0.7428312431628467,0.4546683046683046,814,0.7683839199930125,670,870,0.433340847492218,3.507659912109375,57472,1068,2676,4d5e678,b9288cb03392952e,2.9.1+cu128,3.12.3
stageA_0690742466,"{""edge_mode"": ""dedup"", ""epochs"": 1000, ""eval_every"": 10, ""min_cooc"": 5, ""patience"": 20, ""seed"": 2}",stageA/stageA_0690742466.json,stageA,,2,,sage,sage,dedup,5,64,2,0.001,0.5,1000,20,10,0.0,uniform,1.0,0.75,100,3.0,,0.001,,0.620433281354422,0.5981840930946176,0.6649587881488082,0.6347683880396725,0.9885553575406549,0.9830166199826563,,,,,0.620433281354422,268,0.538783355947535,0.5973441615452151,0.7127422588549789,0.6319893071953664,10.245452880859375,0.02287498489022255,-0.8415146470069885,-0.7288000376999791,0.44398034398034397,814,0.6600659446239847,10,210,0.4330592155456543,1.0105156898498535,57472,1068,2676,4d5e678,b9288cb03392952e,2.9.1+cu128,3.12.3
stageA_6364186196,"{""edge_mode"": ""dedup"", ""epochs"": 1000, ""eval_every"": 10, ""min_cooc"": 5, ""patience"": 20, ""seed"": 3}",stageA/stageA_6364186196.json,stageA,,3,,sage,sage,dedup,5,64,2,0.001,0.5,1000,20,10,0.0,uniform,1.0,0.75,100,3.0,,0.001,,0.7252728892849186,0.6813264853452929,0.7522276676319894,0.6932170531134664,0.9896552684339497,0.9877811248657604,,,,,0.7252728892849186,268,0.5516169154228856,0.8001536435469709,0.7622521719759412,0.7833593227890399,35.24749755859375,0.008798421360552311,-2.577223062515259,0.7459271097898205,0.44471744471744473,814,0.7908074941042886,870,1000,0.4306923747062683,4.042492628097534,57472,1068,2676,4d5e678,b9288cb03392952e,2.9.1+cu128,3.12.3
stageA_1957707897,"{""edge_mode"": ""dedup"", ""epochs"": 1000, ""eval_every"": 10, ""min_cooc"": 5, ""patience"": 20, ""seed"": 4}",stageA/stageA_1957707897.json,stageA,,4,,sage,sage,dedup,5,64,2,0.001,0.5,1000,20,10,0.0,uniform,1.0,0.75,100,3.0,,0.001,,0.7139326687458232,0.6936692109835412,0.7677656493651146,0.7332053425936799,0.9891261973713522,0.9846203089875505,,,,,0.7139326687458232,268,0.48942786069651734,0.766489244951712,0.806471374470929,0.7892069503230118,33.49844741821289,0.00737158115953207,-2.558398962020874,0.7458475653458808,0.4555282555282555,814,0.7854974233557516,620,820,0.43067559599876404,3.1974875926971436,57472,1068,2676,4d5e678,b9288cb03392952e,2.9.1+cu128,3.12.3
stageA_1568236051,"{""edge_mode"": ""multiplicity"", ""epochs"": 1000, ""eval_every"": 10, ""min_cooc"": 5, ""patience"": 20, ""seed"": 0}",stageA/stageA_1568236051.json,stageA,,0,,sage,sage,multiplicity,5,64,2,0.001,0.5,1000,20,10,0.0,uniform,1.0,0.75,100,3.0,,0.001,,0.7177823568723546,0.6982901792384011,0.7119764981064824,0.6798749129721139,0.9801737580752952,0.9685607676022432,,,,,0.7177823568723546,268,0.6852668475802804,0.7401229148375768,0.7751169525506794,0.669803965248385,12.042545318603516,0.034542620182037354,-0.9830554127693176,-0.7333944892954829,0.46031941031941026,814,0.7392662022884096,10,210,0.44053229689598083,1.0783302783966064,57472,1068,2676,4d5e678,b9288cb03392952e,2.9.1+cu128,3.12.3
stageA_0567206157,"{""edge_mode"": ""multiplicity"", ""epochs"": 1000, ""eval_every"": 10, ""min_cooc"": 5, ""patience"": 20, ""seed"": 1}",stageA/stageA_0567206157.json,stageA,,1,,sage,sage,multiplicity,5,64,2,0.001,0.5,1000,20,10,0.0,uniform,1.0,0.75,100,3.0,,0.001,,0.7120043439518824,0.6607854845039962,0.7333690688349298,0.6843979832334022,0.986675762976164,0.9835713260456265,,,,,0.7120043439518824,268,0.6185266847580279,0.7893437225636524,0.7097627533971931,0.7278347070617064,34.66790008544922,0.015968067571520805,-2.577482223510742,0.741686655105853,0.4678132678132678,814,0.7878957769237489,660,860,0.4338242709636688,3.6369469165802,57472,1068,2676,4d5e678,b9288cb03392952e,2.9.1+cu128,3.12.3
stageA_6933274655,"{""edge_mode"": ""multiplicity"", ""epochs"": 1000, ""eval_every"": 10, ""min_cooc"": 5, ""patience"": 20, ""seed"": 2}",stageA/stageA_6933274655.json,stageA,,2,,sage,sage,multiplicity,5,64,2,0.001,0.5,1000,20,10,0.0,uniform,1.0,0.75,100,3.0,,0.001,,0.6648056359991088,0.6372242690945997,0.7107512809088885,0.6735688323742113,0.9890705056805525,0.98388840305565,,,,,0.6648056359991088,268,0.6170850293984622,0.6562225636523267,0.7360213856092671,0.6493094230340833,10.030616760253906,0.021768245846033096,-0.8347511291503906,-0.7307080903273817,0.4585995085995086,814,0.7019583588086296,10,210,0.4332974851131439,1.0954318046569824,57472,1068,2676,4d5e678,b9288cb03392952e,2.9.1+cu128,3.12.3
stageA_3170385780,"{""edge_mode"": ""multiplicity"", ""epochs"": 1000, ""eval_every"": 10, ""min_cooc"": 5, ""patience"": 20, ""seed"": 3}",stageA/stageA_3170385780.json,stageA,,3,,sage,sage,multiplicity,5,64,2,0.001,0.5,1000,20,10,0.0,uniform,1.0,0.75,100,3.0,,0.001,,0.6725050122521721,0.6314906239558773,0.7068807083983069,0.6618304874826528,0.9818584317219871,0.9706205910050516,,,,,0.6725050122521721,268,0.5781886024423338,0.662039069359087,0.7175874359545557,0.7309534417464914,9.810836791992188,0.027872495353221893,-0.8020983338356018,-0.7287901306862969,0.442997542997543,814,0.6995041051620229,10,210,0.4320948123931885,1.101905345916748,57472,1068,2676,4d5e678,b9288cb03392952e,2.9.1+cu128,3.12.3
stageA_1160967328,"{""edge_mode"": ""multiplicity"", ""epochs"": 1000, ""eval_every"": 10, ""min_cooc"": 5, ""patience"": 20, ""seed"": 4}",stageA/stageA_1160967328.json,stageA,,4,,sage,sage,multiplicity,5,64,2,0.001,0.5,1000,20,10,0.0,uniform,1.0,0.75,100,3.0,,0.001,,0.7132504455335265,0.6719174571962802,0.7062054466473603,0.6447768098899931,0.9863137669859657,0.981452409892773,,,,,0.7132504455335265,268,0.633819538670285,0.7476130377524144,0.777678770327467,0.6921920249498775,10.74989128112793,0.030081475153565407,-0.9310612678527832,-0.730326940073064,0.4441031941031941,814,0.7222933225609223,10,210,0.4290282726287842,1.1023714542388916,57472,1068,2676,4d5e678,b9288cb03392952e,2.9.1+cu128,3.12.3
stageA_8212253445,"{""edge_mode"": ""weighted"", ""epochs"": 1000, ""eval_every"": 10, ""min_cooc"": 5, ""patience"": 20, ""seed"": 0}",stageA/stageA_8212253445.json,stageA,,0,,sage,wsage,weighted,5,64,2,0.001,0.5,1000,20,10,0.0,uniform,1.0,0.75,100,3.0,,0.001,,0.7384578970817555,0.7195152670222575,0.7530630429939852,0.7116616918975361,0.9875807529516596,0.9854297998206889,,,,,0.7384578970817555,268,0.6442786069651741,0.8089881474978051,0.7728335932278905,0.7252728892849187,36.31134033203125,0.020142775028944016,-2.6110341548919678,0.7405708932664882,0.4722358722358722,814,0.7974324176783998,890,1000,0.4305461049079895,3.8616955280303955,57472,1068,2676,4d5e678,b9288cb03392952e,2.9.1+cu128,3.12.3
stageA_8368104813,"{""edge_mode"": ""weighted"", ""epochs"": 1000, ""eval_every"": 10, ""min_cooc"": 5, ""patience"": 20, ""seed"": 1}",stageA/stageA_8368104813.json,stageA,,1,,sage,wsage,weighted,5,64,2,0.001,0.5,1000,20,10,0.0,uniform,1.0,0.75,100,3.0,,0.001,,0.7191468032969481,0.6962199318377501,0.7517890955669414,0.7156373170728857,0.9817609712630877,0.9721117982094598,,,,,0.7191468032969481,268,0.6379466304839438,0.7858318700614574,0.7548451770995768,0.6957562931610602,33.7950553894043,0.03371385484933853,-2.671041965484619,0.7480688214377018,0.457985257985258,814,0.7835771683116429,510,710,0.43068763613700867,2.8679940700531006,57472,1068,2676,4d5e678,b9288cb03392952e,2.9.1+cu128,3.12.3
stageA_7627426662,"{""edge_mode"": ""weighted"", ""epochs"": 1000, ""eval_every"": 10, ""min_cooc"": 5, ""patience"": 20, ""seed"": 2}",stageA/stageA_7627426662.json,stageA,,2,,sage,wsage,weighted,5,64,2,0.001,0.5,1000,20,10,0.0,uniform,1.0,0.75,100,3.0,,0.001,,0.6724771664067721,0.665016993656242,0.6573847182000446,0.6349956195143902,0.9846151704165739,0.9789284955221647,,,,,0.6724771664067721,268,0.5836160108548168,0.6855245829675154,0.7076743149922031,0.7115727333481845,12.903440475463867,0.028094932436943054,-1.0835912227630615,-0.731540609289753,0.4292383292383292,814,0.6732756135907066,10,210,0.4348108768463135,1.017258882522583,57472,1068,2676,4d5e678,b9288cb03392952e,2.9.1+cu128,3.12.3
stageA_2044137936,"{""edge_mode"": ""weighted"", ""epochs"": 1000, ""eval_every"": 10, ""min_cooc"": 5, ""patience"": 20, ""seed"": 3}",stageA/stageA_2044137936.json,stageA,,3,,sage,wsage,weighted,5,64,2,0.001,0.5,1000,20,10,0.0,uniform,1.0,0.75,100,3.0,,0.001,,0.7255791935843173,0.6923991337843262,0.7478349855201604,0.7134426319624472,0.9856872354644688,0.9810762723473987,,,,,0.7255791935843173,268,0.6186114880144732,0.796147936786655,0.7463800400980173,0.7385275116952551,36.85965347290039,0.02198791690170765,-2.626404047012329,0.7470917894400022,0.4632678132678133,814,0.7926382216787492,940,1000,0.42912670969963074,3.934300184249878,57472,1068,2676,4d5e678,b9288cb03392952e,2.9.1+cu128,3.12.3
stageA_4581084588,"{""edge_mode"": ""weighted"", ""epochs"": 1000, ""eval_every"": 10, ""min_cooc"": 5, ""patience"": 20, ""seed"": 4}",stageA/stageA_4581084588.json,stageA,,4,,sage,wsage,weighted,5,64,2,0.001,0.5,1000,20,10,0.0,uniform,1.0,0.75,100,3.0,,0.001,,0.7258715749610158,0.6726085046188441,0.707096513700156,0.6558416093028092,0.9849075517932725,0.9735256610876295,,,,,0.7258715749610158,268,0.6789348710990502,0.75993195785777,0.7469926486968144,0.7164179104477612,12.939488410949707,0.04207737743854523,-0.9691746234893799,-0.7307041923513908,0.4606879606879607,814,0.7304701283954931,10,210,0.4313659965991974,0.9783849716186523,57472,1068,2676,4d5e678,b9288cb03392952e,2.9.1+cu128,3.12.3
stageB_4826927471,"{""epochs"": 20, ""eval_every"": 10, ""patience"": 20, ""seed"": 0}",stageB/stageB_4826927471.json,stageB,,0,,sage,sage,multiplicity,1,64,2,0.001,0.5,20,20,10,0.0,uniform,1.0,0.75,100,3.0,,0.001,,0.7573087928175098,0.7420171964102495,0.7389638700067567,0.7214732897629268,0.7372212894903871,0.7066096260263008,0.749796854440535,1097,0.7570862760068716,403,0.7883918923482138,268,0.7938994828700712,0.7845798953065388,0.7550570752776635,0.6974095274566912,21.631668090820312,1.0477968454360962,-2.322904586791992,0.35429393484657906,0.7334152334152334,814,0.7519998917201506,20,20,0.6396503448486328,0.6607441902160645,57472,1068,17669,4d5e678,b9288cb03392952e,2.9.1+cu128,3.12.3
stageB_8550155410,"{""epochs"": 20, ""eval_every"": 10, ""patience"": 20, ""seed"": 1}",stageB/stageB_8550155410.json,stageB,,1,,sage,sage,multiplicity,1,64,2,0.001,0.5,20,20,10,0.0,uniform,1.0,0.75,100,3.0,,0.001,,0.746226594971438,0.7238005264861547,0.7301985012591881,0.7079358185696086,0.7295295576462397,0.6970927000972285,0.7437581722261866,1097,0.7425361822530121,403,0.7618799385425813,268,0.7875538677009265,0.7787426433620206,0.7348840497737557,0.6854435195356197,21.467041015625,1.0172561407089233,-2.1721408367156982,0.31183445046975666,0.7233415233415235,814,0.7355367912203846,20,20,0.65044766664505,0.5136439800262451,57472,1068,17669,4d5e678,b9288cb03392952e,2.9.1+cu128,3.12.3
stageB_8053276737,"{""epochs"": 20, ""eval_every"": 10, ""patience"": 20, ""seed"": 2}",stageB/stageB_8053276737.json,stageB,,2,,sage,sage,multiplicity,1,64,2,0.001,0.5,20,20,10,0.0,uniform,1.0,0.75,100,3.0,,0.001,,0.7571502746155894,0.7408862861500692,0.7436877444155525,0.7194576896377995,0.7394066332589423,0.7157457345895102,0.7500966745999993,1097,0.7607059048089555,403,0.7806759471871412,268,0.7971288515406163,0.7870179368881791,0.7572038255861784,0.6891684890505799,21.36883544921875,1.0404837131500244,-2.3269450664520264,0.35850926323732496,0.7396805896805897,814,0.7505790015623628,20,20,0.6386473178863525,0.5314028263092041,57472,1068,17669,4d5e678,b9288cb03392952e,2.9.1+cu128,3.12.3
stageB_4452870074,"{""epochs"": 100, ""eval_every"": 10, ""patience"": 20, ""seed"": 0}",stageB/stageB_4452870074.json,stageB,,0,,sage,sage,multiplicity,1,64,2,0.001,0.5,100,20,10,0.0,uniform,1.0,0.75,100,3.0,,0.001,,0.7886453299993859,0.778163275995374,0.7902904962019615,0.7810919153112339,0.8498008845027742,0.8395801489909205,0.7307674261766975,1097,0.8499980350987503,403,0.933298017829405,268,0.6375121202327084,0.7684150080343851,0.8521962412587414,0.888420975722823,25.312204360961914,0.9804717898368835,-2.887683629989624,0.6516097418617388,0.7871007371007371,814,0.8147216027596522,100,100,0.5457531809806824,1.653141975402832,57472,1068,17669,4d5e678,b9288cb03392952e,2.9.1+cu128,3.12.3
stageB_1411035521,"{""epochs"": 100, ""eval_every"": 10, ""patience"": 20, ""seed"": 1}",stageB/stageB_1411035521.json,stageB,,1,,sage,sage,multiplicity,1,64,2,0.001,0.5,100,20,10,0.0,uniform,1.0,0.75,100,3.0,,0.001,,0.7918996718945148,0.7775156527266329,0.7923488334595934,0.7812011127814029,0.8391118629839683,0.827117488726886,0.7413049575766075,1097,0.8419152734581138,403,0.9237881576281489,268,0.6788448071536307,0.7691445104939915,0.8449030748663101,0.8689735359622691,25.268964767456055,1.0076745748519897,-2.8632285594940186,0.5921918409298441,0.8006142506142506,814,0.8117617274178551,90,100,0.5481007695198059,1.6269285678863525,57472,1068,17669,4d5e678,b9288cb03392952e,2.9.1+cu128,3.12.3
stageB_8053100841,"{""epochs"": 100, ""eval_every"": 10, ""patience"": 20, ""seed"": 2}",stageB/stageB_8053100841.json,stageB,,2,,sage,sage,multiplicity,1,64,2,0.001,0.5,100,20,10,0.0,uniform,1.0,0.75,100,3.0,,0.001,,0.7860583321389816,0.7749254484315504,0.7868414856370674,0.7741429079550821,0.8433065969165251,0.833706071057728,0.7304706996044334,1097,0.8412486105341163,403,0.9306029242925643,268,0.6474426308985133,0.7611384674533463,0.8544053373097491,0.8742189783228693,23.8237247467041,0.9780575633049011,-2.825549364089966,0.6325851861310487,0.7960687960687961,814,0.8067282864520086,90,100,0.5437501072883606,1.636223316192627,57472,1068,17669,4d5e678,b9288cb03392952e,2.9.1+cu128,3.12.3
stageB_0013940625,"{""epochs"": 300, ""eval_every"": 10, ""patience"": 20, ""seed"": 0}",stageB/stageB_0013940625.json,stageB,,0,,sage,sage,multiplicity,1,64,2,0.001,0.5,1000,20,10,0.0,uniform,1.0,0.75,100,3.0,,0.001,,0.7886451700415635,0.7781634119618047,0.7902904962019615,0.7810919153112339,0.8498008845027742,0.8395801489909205,0.7307671683777641,1097,0.8499980350987503,403,0.933298017829405,268,0.6375107735401853,0.7684150080343851,0.8521968839983547,0.888420975722823,25.312204360961914,0.9804717302322388,-2.887683629989624,0.6516097418617388,0.7871007371007371,814,0.8147216152758175,100,300,0.5168852806091309,4.470734357833862,57472,1068,17669,4d5e678,b9288cb03392952e,2.9.1+cu128,3.12.3
stageB_0163656081,"{""epochs"": 300, ""eval_every"": 10, ""patience"": 20, ""seed"": 1}",stageB/stageB_0163656081.json,stageB,,1,,sage,sage,multiplicity,1,64,2,0.001,0.5,1000,20,10,0.0,uniform,1.0,0.75,100,3.0,,0.001,,0.791896792653713,0.7775215606015222,0.7923461141766139,0.781191819009901,0.8390981066112488,0.8271039453018134,0.7412956768150076,1097,0.8419250979643623,403,0.923792378604714,268,0.6788313402283991,0.769142045958655,0.8449082167832167,0.8689722762498866,25.268404006958008,1.0077201128005981,-2.8632657527923584,0.5921518820078229,0.8006142506142506,814,0.8117618025148471,90,290,0.518718957901001,4.3508288860321045,57472,1068,17669,4d5e678,b9288cb03392952e,2.9.1+cu128,3.12.3
stageB_1922987458,"{""epochs"": 300, ""eval_every"": 10, ""patience"": 20, ""seed"": 2}",stageB/stageB_1922987458.json,stageB,,2,,sage,sage,multiplicity,1,64,2,0.001,0.5,300,20,10,0.0,uniform,1.0,0.75,100,3.0,,0.001,,0.7852153544153477,0.7780655458520405,0.7881073918429189,0.7823743018805827,0.8555532877090968,0.8512077203903028,0.7205567838242513,1097,0.8586379865937596,403,0.939473306544202,268,0.6022664835164836,0.762054042330859,0.8723686240230357,0.8946187606445696,24.98664093017578,0.9749236106872559,-2.902637243270874,0.7201554128366273,0.8065110565110565,814,0.8135611990344189,120,300,0.51853346824646,4.43822455406189,57472,1068,17669,4d5e678,b9288cb03392952e,2.9.1+cu128,3.12.3
stageB_1608938906,"{""epochs"": 1000, ""eval_every"": 10, ""patience"": 20, ""seed"": 0}",stageB/stageB_1608938906.json,stageB,,0,,sage,sage,multiplicity,1,64,2,0.001,0.5,300,20,10,0.0,uniform,1.0,0.75,100,3.0,,0.001,,0.7886451700415635,0.7781634119618047,0.7902904962019615,0.7810919153112339,0.8498008845027742,0.8395801489909205,0.7307671683777641,1097,0.8499980350987503,403,0.933298017829405,268,0.6375107735401853,0.7684150080343851,0.8521968839983547,0.888420975722823,25.312204360961914,0.9804717898368835,-2.887683629989624,0.6516097418617388,0.7871007371007371,814,0.8147216653404789,100,300,0.5168703198432922,4.492279767990112,57472,1068,17669,4d5e678,b9288cb03392952e,2.9.1+cu128,3.12.3
stageB_8792682714,"{""epochs"": 1000, ""eval_every"": 10, ""patience"": 20, ""seed"": 1}",stageB/stageB_8792682714.json,stageB,,1,,sage,sage,multiplicity,1,64,2,0.001,0.5,1000,20,10,0.0,uniform,1.0,0.75,100,3.0,,0.001,,0.7918948731598452,0.7775067389557768,0.7923533122786183,0.7812028106266915,0.8391077040805881,0.8271120038229429,0.7413054731744741,1097,0.8419012384491877,403,0.9237754946984534,268,0.6788394203835381,0.7691494395646645,0.844888934594817,0.8689684971127392,25.268796920776367,1.0076781511306763,-2.8632280826568604,0.59220653511929,0.8004914004914007,814,0.811766874065033,90,290,0.5187970399856567,4.276249408721924,57472,1068,17669,4d5e678,b9288cb03392952e,2.9.1+cu128,3.12.3
stageB_0433558319,"{""epochs"": 1000, ""eval_every"": 10, ""patience"": 20, ""seed"": 2}",stageB/stageB_0433558319.json,stageB,,2,,sage,sage,multiplicity,1,64,2,0.001,0.5,1000,20,10,0.0,uniform,1.0,0.75,100,3.0,,0.001,,0.7849869346450727,0.7778360683986191,0.7878313046415921,0.7820791971317187,0.855855927908929,0.8515817041698102,0.7202737205954537,1097,0.8584457069714696,403,0.9394142128722902,268,0.6020442792501617,0.7615377221778605,0.872345485396956,0.8944776728577332,24.96946144104004,0.9718702435493469,-2.8985393047332764,0.7190851046508923,0.8062653562653562,814,0.8133818423854422,120,320,0.5158775448799133,4.718310117721558,57472,1068,17669,4d5e678,b9288cb03392952e,2.9.1+cu128,3.12.3
stageB_6551252849,"{""epochs"": 3000, ""eval_every"": 10, ""patience"": 20, ""seed"": 0}",stageB/stageB_6551252849.json,stageB,,0,,sage,sage,multiplicity,1,64,2,0.001,0.5,3000,20,10,0.0,uniform,1.0,0.75,100,3.0,,0.001,,0.7886454899572082,0.7781635421049595,0.7902904962019615,0.7810919153112339,0.8498008845027742,0.8395801489909205,0.7307676839756309,1097,0.8499980350987503,403,0.933298017829405,268,0.6375121202327084,0.7684150080343851,0.8521968839983547,0.888420975722823,25.312204360961914,0.9804717302322388,-2.887683629989624,0.6516097418617388,0.7871007371007371,814,0.8147216277919829,100,300,0.5168880820274353,4.482744932174683,57472,1068,17669,4d5e678,b9288cb03392952e,2.9.1+cu128,3.12.3
stageB_0213007526,"{""epochs"": 3000, ""eval_every"": 10, ""patience"": 20, ""seed"": 1}",stageB/stageB_0213007526.json,stageB,,1,,sage,sage,multiplicity,1,64,2,0.001,0.5,3000,20,10,0.0,uniform,1.0,0.75,100,3.0,,0.001,,0.7918964727380684,0.7775214051181276,0.7923459542187916,0.7811918190099011,0.8390981066112488,0.8271039453018134,0.741295161217141,1097,0.8419250979643623,403,0.923792378604714,268,0.6788299935358759,0.769142045958655,0.8449082167832167,0.8689722762498866,25.268402099609375,1.0077202320098877,-2.8632659912109375,0.5921518820078229,0.8006142506142506,814,0.8117618050180802,90,290,0.5187296867370605,4.273107290267944,57472,1068,17669,4d5e678,b9288cb03392952e,2.9.1+cu128,3.12.3
stageB_2658553482,"{""epochs"": 3000, ""eval_every"": 10, ""patience"": 20, ""seed"": 2}",stageB/stageB_2658553482.json,stageB,,2,,sage,sage,multiplicity,1,64,2,0.001,0.5,3000,20,10,0.0,uniform,1.0,0.75,100,3.0,,0.001,,0.7850813097602424,0.7778871197789037,0.7879435950328617,0.7822189893429736,0.8558386524641183,0.851524276403621,0.7203850897346528,1097,0.8585692150500208,403,0.939395218477747,268,0.6020011850894204,0.7618544149686018,0.8723223467708761,0.8945885275473904,24.980796813964844,0.9726770520210266,-2.89998197555542,0.7194867803572201,0.8066339066339067,814,0.8134276740795958,120,320,0.5159286856651306,4.739494323730469,57472,1068,17669,4d5e678,b9288cb03392952e,2.9.1+cu128,3.12.3
stageB_0719184485,"{""epochs"": 1000, ""eval_every"": 10, ""lr"": 0.0003, ""patience"": 20, ""seed"": 0}",stageB/stageB_0719184485.json,stageB,,0,,sage,sage,multiplicity,1,64,2,0.0003,0.5,1000,20,10,0.0,uniform,1.0,0.75,100,3.0,,0.001,,0.7885760682623206,0.7817536722647538,0.7931099127781986,0.7876754929194181,0.8543520044634632,0.8494294248910771,0.7273425673473934,1097,0.8552766019559189,403,0.9389224691024516,268,0.6220574768368885,0.7684495115290962,0.8599868881118882,0.8949349484525694,27.80511474609375,0.9874157309532166,-2.9439048767089844,0.6696631147612105,0.7957002457002458,814,0.8182084011515494,210,410,0.5238895416259766,6.027631521224976,57472,1068,17669,4d5e678,b9288cb03392952e,2.9.1+cu128,3.12.3
stageB_1904600888,"{""epochs"": 1000, ""eval_every"": 10, ""lr"": 0.0003, ""patience"": 20, ""seed"": 1}",stageB/stageB_1904600888.json,stageB,,1,,sage,sage,multiplicity,1,64,2,0.0003,0.5,1000,20,10,0.0,uniform,1.0,0.75,100,3.0,,0.001,,0.7903528797526668,0.7794935245800197,0.7924233738047951,0.7838085798261889,0.852404038103233,0.8487294009961766,0.7314188840812252,1097,0.8544120454060609,403,0.9352586614439116,268,0.6351877289377289,0.7708179299874802,0.8586564171122995,0.8885318304124802,28.50896644592285,1.0025893449783325,-2.958738327026367,0.6564445593248929,0.8060196560196561,814,0.8191266521231829,230,430,0.5237520337104797,6.28071928024292,57472,1068,17669,4d5e678,b9288cb03392952e,2.9.1+cu128,3.12.3
stageB_8813114872,"{""epochs"": 1000, ""eval_every"": 10, ""lr"": 0.0003, ""patience"": 20, ""seed"": 2}",stageB/stageB_8813114872.json,stageB,,2,,sage,sage,multiplicity,1,64,2,0.0003,0.5,1000,20,10,0.0,uniform,1.0,0.75,100,3.0,,0.001,,0.7864982161503654,0.7806790626018791,0.7885522345467948,0.7822787400938609,0.8571915757253128,0.8527096400311335,0.723512706393826,1097,0.8551460763729045,403,0.9410878300803673,268,0.6130440637793579,0.7602376797878528,0.8695547099958866,0.8942030555583549,27.236064910888672,0.9825211763381958,-2.929258108139038,0.691227641021474,0.8116707616707617,814,0.8144335957828013,230,430,0.5213411450386047,6.303714036941528,57472,1068,17669,4d5e678,b9288cb03392952e,2.9.1+cu128,3.12.3
stageB_9866185700,"{""epochs"": 1000, ""eval_every"": 10, ""lr"": 0.001, ""patience"": 20, ""seed"": 0}",stageB/stageB_9866185700.json,stageB,,0,,sage,sage,multiplicity,1,64,2,0.001,0.5,1000,20,10,0.0,uniform,1.0,0.75,100,3.0,,0.001,,0.7886454899572082,0.7781635607417228,0.7902904962019615,0.7810919153112339,0.8498008845027742,0.8395801489909205,0.7307676839756309,1097,0.8499980350987503,403,0.933298017829405,268,0.6375121202327084,0.7684150080343851,0.8521968839983547,0.888420975722823,25.312198638916016,0.9804717898368835,-2.887683629989624,0.6516097418617388,0.7871007371007371,814,0.8147216528243135,100,300,0.5168852806091309,4.44847559928894,57472,1068,17669,4d5e678,b9288cb03392952e,2.9.1+cu128,3.12.3
stageB_2898567270,"{""epochs"": 1000, ""eval_every"": 10, ""lr"": 0.001, ""patience"": 20, ""seed"": 1}",stageB/stageB_2898567270.json,stageB,,1,,sage,sage,multiplicity,1,64,2,0.001,0.5,1000,20,10,0.0,uniform,1.0,0.75,100,3.0,,0.001,,0.7918964727380684,0.7775215455803561,0.7923459542187916,0.7811918190099011,0.8390984265268935,0.827104296423368,0.741295161217141,1097,0.8419250979643623,403,0.923792378604714,268,0.6788299935358759,0.769142045958655,0.8449082167832167,0.8689722762498866,25.268396377563477,1.0077201128005981,-2.8632659912109375,0.5921518820078229,0.8006142506142506,814,0.8117618175342454,90,290,0.5187533497810364,4.38350772857666,57472,1068,17669,4d5e678,b9288cb03392952e,2.9.1+cu128,3.12.3
stageB_3877303613,"{""epochs"": 1000, ""eval_every"": 10, ""lr"": 0.001, ""patience"": 20, ""seed"": 2}",stageB/stageB_3877303613.json,stageB,,2,,sage,sage,multiplicity,1,64,2,0.001,0.5,1000,20,10,0.0,uniform,1.0,0.75,100,3.0,,0.001,,0.7850928267234496,0.777920067663401,0.7879477539362422,0.7822236913311211,0.8558700041972933,0.8515534723787025,0.7204088072365192,1097,0.8585523730393092,403,0.939399439454312,268,0.6020779465632407,0.7617817111761749,0.8723981900452489,0.8945620735873585,24.98082160949707,0.9724151492118835,-2.8997013568878174,0.7194016142360473,0.8065110565110565,814,0.8134335116190993,120,320,0.5159215331077576,4.76281213760376,57472,1068,17669,4d5e678,b9288cb03392952e,2.9.1+cu128,3.12.3
stageB_6384360545,"{""epochs"": 1000, ""eval_every"": 10, ""lr"": 0.003, ""patience"": 20, ""seed"": 0}",stageB/stageB_6384360545.json,stageB,,0,,sage,sage,multiplicity,1,64,2,0.003,0.5,1000,20,10,0.0,uniform,1.0,0.75,100,3.0,,0.001,,0.7861997348539137,0.7724774737128605,0.7847194851661514,0.7747377679246059,0.8459062314448926,0.8345158858791873,0.7308641007766967,1097,0.8430521091811414,403,0.9272134801107584,268,0.6395806399482871,0.7674895750155265,0.848461281365693,0.8814623245220651,23.685033798217773,0.9627090096473694,-2.8189196586608887,0.6404405498580696,0.7787469287469287,814,0.8084258088956082,60,260,0.514889657497406,3.8930745124816895,57472,1068,17669,4d5e678,b9288cb03392952e,2.9.1+cu128,3.12.3
stageB_5558622945,"{""epochs"": 1000, ""eval_every"": 10, ""lr"": 0.003, ""patience"": 20, ""seed"": 1}",stageB/stageB_5558622945.json,stageB,,1,,sage,sage,multiplicity,1,64,2,0.003,0.5,1000,20,10,0.0,uniform,1.0,0.75,100,3.0,,0.001,,0.7920839433058291,0.7784214037548097,0.7930561669498987,0.7814683768494353,0.8393506800126942,0.8252139228930198,0.740110317319551,1097,0.8462170036940143,403,0.9234251536435469,268,0.6691163003663003,0.7734894862922546,0.8497827540106951,0.8695756784810891,23.719755172729492,0.9888299703598022,-2.8322980403900146,0.6136201470468357,0.8013513513513514,814,0.8123147817179017,60,260,0.5160829424858093,3.8817858695983887,57472,1068,17669,4d5e678,b9288cb03392952e,2.9.1+cu128,3.12.3
stageB_0189514128,"{""epochs"": 1000, ""eval_every"": 10, ""lr"": 0.003, ""patience"": 20, ""seed"": 2}",stageB/stageB_0189514128.json,stageB,,2,,sage,sage,multiplicity,1,64,2,0.003,0.5,1000,20,10,0.0,uniform,1.0,0.75,100,3.0,,0.001,,0.7856222871153333,0.7729124088338466,0.7838867447431461,0.7723018021974754,0.8528717547757008,0.8429829625105578,0.7278313541249892,1097,0.8465608614127078,403,0.9305417201323698,268,0.6286872441284206,0.7627465767604177,0.8622750411353353,0.8806901208316117,22.520963668823242,0.9269171953201294,-2.767822265625,0.659158840995709,0.7920147420147421,814,0.8071283731860304,60,260,0.5151974558830261,3.9245388507843018,57472,1068,17669,4d5e678,b9288cb03392952e,2.9.1+cu128,3.12.3
stageB_8642594233,"{""epochs"": 1000, ""eval_every"": 10, ""lr"": 0.01, ""patience"": 20, ""seed"": 0}",stageB/stageB_8642594233.json,stageB,,0,,sage,sage,multiplicity,1,64,2,0.01,0.5,1000,20,10,0.0,uniform,1.0,0.75,100,3.0,,0.001,,0.7730128119817365,0.7573255628964257,0.774440275588133,0.7619652578954805,0.8339855346942118,0.823905191742222,0.7106990682115353,1097,0.8463292837654246,403,0.917832359694739,268,0.5984580370609782,0.7454714163191671,0.8570521390374332,0.882093440425682,20.02386474609375,0.9686858057975769,-2.7588751316070557,0.6886229302312501,0.7879606879606881,814,0.7992017505168889,50,250,0.5150836110115051,3.7108888626098633,57472,1068,17669,4d5e678,b9288cb03392952e,2.9.1+cu128,3.12.3
stageB_7268971382,"{""epochs"": 1000, ""eval_every"": 10, ""lr"": 0.01, ""patience"": 20, ""seed"": 1}",stageB/stageB_7268971382.json,stageB,,1,,sage,sage,multiplicity,1,64,2,0.01,0.5,1000,20,10,0.0,uniform,1.0,0.75,100,3.0,,0.001,,0.7841052471284371,0.7700915996699618,0.7843797347515407,0.7760506037545165,0.8344890819188797,0.8220267930728136,0.723634903088225,1097,0.855106778347911,403,0.924860285675694,268,0.5995003770739065,0.7723829099261624,0.8669966063348417,0.8875404367674772,20.028968811035156,1.012593388557434,-2.835738182067871,0.7614969204655108,0.7835380835380835,814,0.8111840763497299,70,270,0.5154905915260315,4.071309804916382,57472,1068,17669,4d5e678,b9288cb03392952e,2.9.1+cu128,3.12.3
stageB_3695115834,"{""epochs"": 1000, ""eval_every"": 10, ""lr"": 0.01, ""patience"": 20, ""seed"": 2}",stageB/stageB_3695115834.json,stageB,,2,,sage,sage,multiplicity,1,64,2,0.01,0.5,1000,20,10,0.0,uniform,1.0,0.75,100,3.0,,0.001,,0.7822618931840053,0.7724377937864153,0.7772081857455827,0.764825602624311,0.8415504199852581,0.8267621826914515,0.7223603451618359,1097,0.8488892693935753,403,0.9272662423178227,268,0.6031849278172807,0.7581107857924466,0.8698786507610038,0.888601114593516,18.355920791625977,0.9287164807319641,-2.7198328971862793,0.7089627515636114,0.7990171990171991,814,0.8007425004802078,60,260,0.5152952671051025,3.894726276397705,57472,1068,17669,4d5e678,b9288cb03392952e,2.9.1+cu128,3.12.3
stageB_0490276821,"{""epochs"": 1000, ""eval_every"": 10, ""lr"": 0.03, ""patience"": 20, ""seed"": 0}",stageB/stageB_0490276821.json,stageB,,0,,sage,sage,multiplicity,1,64,2,0.03,0.5,1000,20,10,0.0,uniform,1.0,0.75,100,3.0,,0.001,,0.7786420476648719,0.7645317971816876,0.7767126364120309,0.7603048559836818,0.8320887548371245,0.8186791014933454,0.7148919100632329,1097,0.8580681652313531,403,0.920153896805565,268,0.5833454535660418,0.767947978588117,0.8702308720691073,0.8825041066623669,13.278724670410156,0.9657959938049316,-2.7082860469818115,0.7676932465736581,0.8030712530712532,814,0.8097244887120185,100,300,0.5159444808959961,4.442378044128418,57472,1068,17669,4d5e678,b9288cb03392952e,2.9.1+cu128,3.12.3
stageB_1322117214,"{""epochs"": 1000, ""eval_every"": 10, ""lr"": 0.03, ""patience"": 20, ""seed"": 1}",stageB/stageB_1322117214.json,stageB,,1,,sage,sage,multiplicity,1,64,2,0.03,0.5,1000,20,10,0.0,uniform,1.0,0.75,100,3.0,,0.001,,0.773119023975758,0.7576385765116216,0.7809879890870377,0.7606763511792769,0.8138335683646937,0.7844291498774845,0.7217849379426409,1097,0.8260865903910715,403,0.9035950057405281,268,0.6364226459814695,0.7589635150188785,0.8381504524886877,0.8517293331586532,11.210116386413574,0.9190740585327148,-2.4795401096343994,0.6141042512861716,0.7783783783783784,814,0.7947037686258877,70,270,0.5176896452903748,4.096387147903442,57472,1068,17669,4d5e678,b9288cb03392952e,2.9.1+cu128,3.12.3
stageB_5593690565,"{""epochs"": 1000, ""eval_every"": 10, ""lr"": 0.03, ""patience"": 20, ""seed"": 2}",stageB/stageB_5593690565.json,stageB,,2,,sage,sage,multiplicity,1,64,2,0.03,0.5,1000,20,10,0.0,uniform,1.0,0.75,100,3.0,,0.001,,0.7756917855899756,0.7550588634987858,0.7768951482872996,0.7540780549784991,0.8046729438381689,0.7739171465571573,0.7285031781452501,1097,0.8219364382515747,403,0.8993086040386303,268,0.6698327407886232,0.759636333165745,0.8218132969971206,0.8459296173497667,10.288995742797852,0.9646714925765991,-2.4701170921325684,0.5819044729336261,0.7831695331695332,814,0.7971647270890956,60,260,0.5161377191543579,3.9372236728668213,57472,1068,17669,4d5e678,b9288cb03392952e,2.9.1+cu128,3.12.3
stageB_0920200542,"{""epochs"": 1000, ""eval_every"": 10, ""patience"": 20, ""seed"": 0, ""temperature"": 0.05}",stageB/stageB_0920200542.json,stageB,,0,,sage,sage,multiplicity,1,64,2,0.001,0.05,1000,20,10,0.0,uniform,1.0,0.75,100,3.0,,0.001,,0.7428482857640097,0.7245871502367054,0.7465014025101862,0.733831575340897,0.7797342396756823,0.7510419909213932,0.6846928274149574,1097,0.7937176493044249,403,0.9044012122644695,268,0.6239024455936221,0.7104429755813838,0.7878265117235705,0.8431620292454827,50.45499038696289,1.6449304819107056,-3.734272003173828,0.7105111166317638,0.6737100737100739,814,0.8337765833150634,260,460,0.6704332828521729,6.8113319873809814,57472,1068,17669,4d5e678,b9288cb03392952e,2.9.1+cu128,3.12.3
stageB_4901072604,"{""epochs"": 1000, ""eval_every"": 10, ""patience"": 20, ""seed"": 1, ""temperature"": 0.05}",stageB/stageB_4901072604.json,stageB,,1,,sage,sage,multiplicity,1,64,2,0.001,0.05,1000,20,10,0.0,uniform,1.0,0.75,100,3.0,,0.001,,0.7570285467128028,0.7413295205655075,0.7613326917958273,0.7493791736410389,0.8062939564095739,0.7809302171770516,0.6938941869434121,1097,0.8235560782816659,403,0.9154158506111975,268,0.6067186489980608,0.7177725036721576,0.8148215754833403,0.8811259813159459,55.073368072509766,1.6423468589782715,-3.7680916786193848,0.7806871570049618,0.6861179361179361,814,0.8591807266634257,420,620,0.6416375041007996,9.06360411643982,57472,1068,17669,4d5e678,b9288cb03392952e,2.9.1+cu128,3.12.3
stageB_1750380771,"{""epochs"": 1000, ""eval_every"": 10, ""patience"": 20, ""seed"": 2, ""temperature"": 0.05}",stageB/stageB_1750380771.json,stageB,,2,,sage,sage,multiplicity,1,64,2,0.001,0.05,1000,20,10,0.0,uniform,1.0,0.75,100,3.0,,0.001,,0.7497875760119571,0.7387833849701786,0.7621145656313344,0.756764762554738,0.8127370574926804,0.7885341086283655,0.675621914146768,1097,0.8317258569776449,403,0.9301555007766596,268,0.5765271493212669,0.7036630388706513,0.8261196524064172,0.8842072378034648,55.639034271240234,1.6314233541488647,-3.76434063911438,0.8098189671610011,0.6891891891891891,814,0.8655317593714751,510,710,0.6326046586036682,10.247137784957886,57472,1068,17669,4d5e678,b9288cb03392952e,2.9.1+cu128,3.12.3
stageB_4032717503,"{""epochs"": 1000, ""eval_every"": 10, ""patience"": 20, ""seed"": 0, ""temperature"": 0.1}",stageB/stageB_4032717503.json,stageB,,0,,sage,sage,multiplicity,1,64,2,0.001,0.1,1000,20,10,0.0,uniform,1.0,0.75,100,3.0,,0.001,,0.7760820826764399,0.7734382934635209,0.7815528001576544,0.7759563340440909,0.835325341413976,0.8317153144472406,0.7026536791001373,1097,0.8603137666595556,403,0.9499835381913959,268,0.5771924154277095,0.7314703910724673,0.8587065508021392,0.9267628415080268,52.19887161254883,1.543015718460083,-3.7475736141204834,0.8617392060208733,0.7270270270270269,814,0.894985034896746,530,730,0.47940120100975037,10.467807292938232,57472,1068,17669,4d5e678,b9288cb03392952e,2.9.1+cu128,3.12.3
stageB_4900619332,"{""epochs"": 1000, ""eval_every"": 10, ""patience"": 20, ""seed"": 1, ""temperature"": 0.1}",stageB/stageB_4900619332.json,stageB,,1,,sage,sage,multiplicity,1,64,2,0.001,0.1,1000,20,10,0.0,uniform,1.0,0.75,100,3.0,,0.001,,0.7838457955406317,0.7777289734373315,0.7865526018099548,0.7860123203338902,0.831591286009705,0.8234025379652044,0.7133018062424464,1097,0.8665916261522743,403,0.9481748497332344,268,0.5954077784960138,0.7429859324322993,0.8619009666803784,0.9253922744359008,53.24009704589844,1.5655566453933716,-3.7672317028045654,0.838630459771411,0.7427518427518427,814,0.8997581421272551,580,780,0.4812554717063904,11.310673952102661,57472,1068,17669,4d5e678,b9288cb03392952e,2.9.1+cu128,3.12.3
stageB_7146390238,"{""epochs"": 1000, ""eval_every"": 10, ""patience"": 20, ""seed"": 2, ""temperature"": 0.1}",stageB/stageB_7146390238.json,stageB,,2,,sage,sage,multiplicity,1,64,2,0.001,0.1,1000,20,10,0.0,uniform,1.0,0.75,100,3.0,,0.001,,0.772989138224033,0.776274414298769,0.791226889293831,0.7921895688213898,0.8265078264163305,0.823763524317366,0.697115642414318,1097,0.8653284753489102,403,0.9447073174849734,268,0.5743145335057099,0.7238488155443173,0.8603738173591114,0.9234334216811619,55.075408935546875,1.5878372192382812,-3.77531361579895,0.796457771049827,0.7368550368550368,814,0.9084855615694729,840,1000,0.47350814938545227,14.354986190795898,57472,1068,17669,4d5e678,b9288cb03392952e,2.9.1+cu128,3.12.3
stageB_2218315119,"{""epochs"": 1000, ""eval_every"": 10, ""patience"": 20, ""seed"": 0, ""temperature"": 0.2}",stageB/stageB_2218315119.json,stageB,,0,,sage,sage,multiplicity,1,64,2,0.001,0.2,1000,20,10,0.0,uniform,1.0,0.75,100,3.0,,0.001,,0.7887533015294528,0.7761944545563205,0.7971520469482608,0.787953420722667,0.8416660694907966,0.8237039978749077,0.7288465663244472,1097,0.8500513681326702,403,0.9417927331667454,268,0.6515258026287437,0.76717657902779,0.8363854895104896,0.8924974049924921,36.734981536865234,1.343573808670044,-3.4647152423858643,0.6907624762304108,0.7508599508599509,814,0.8395280992141805,140,340,0.4807167053222656,5.140014171600342,57472,1068,17669,4d5e678,b9288cb03392952e,2.9.1+cu128,3.12.3
stageB_3036754551,"{""epochs"": 1000, ""eval_every"": 10, ""patience"": 20, ""seed"": 1, ""temperature"": 0.2}",stageB/stageB_3036754551.json,stageB,,1,,sage,sage,multiplicity,1,64,2,0.001,0.2,1000,20,10,0.0,uniform,1.0,0.75,100,3.0,,0.001,,0.7966126691713928,0.7879660268973062,0.7999429910321246,0.7902979751879421,0.8493050152535779,0.8409915905926383,0.7327264402710807,1097,0.8673621481423262,403,0.9517289120010806,268,0.637796272355096,0.7684396533877502,0.8641621246400659,0.9077764564794566,39.072418212890625,1.3454736471176147,-3.5213894844055176,0.7471591748637973,0.7714987714987716,814,0.8530005596378031,190,390,0.4771595299243927,5.7734575271606445,57472,1068,17669,4d5e678,b9288cb03392952e,2.9.1+cu128,3.12.3
stageB_9506743888,"{""epochs"": 1000, ""eval_every"": 10, ""patience"": 20, ""seed"": 2, ""temperature"": 0.2}",stageB/stageB_9506743888.json,stageB,,2,,sage,sage,multiplicity,1,64,2,0.001,0.2,1000,20,10,0.0,uniform,1.0,0.75,100,3.0,,0.001,,0.7945308181138797,0.786730536074299,0.7942420942445896,0.7909779863678872,0.8513489563072009,0.8434752857824397,0.7258493959255394,1097,0.8751459640928332,403,0.9544398342000405,268,0.6175366300366301,0.7666873687634934,0.8692789747017687,0.9153070171018554,38.11839294433594,1.3647836446762085,-3.533616304397583,0.7916197616833199,0.789066339066339,814,0.8535117173260711,200,400,0.47953546047210693,5.837090253829956,57472,1068,17669,4d5e678,b9288cb03392952e,2.9.1+cu128,3.12.3
stageB_1878295603,"{""epochs"": 1000, ""eval_every"": 10, ""patience"": 20, ""seed"": 0, ""temperature"": 0.5}",stageB/stageB_1878295603.json,stageB,,0,,sage,sage,multiplicity,1,64,2,0.001,0.5,1000,20,10,0.0,uniform,1.0,0.75,100,3.0,,0.001,,0.7886451700415635,0.7781634119618047,0.7902904962019615,0.7810919153112339,0.8498008845027742,0.8395801489909205,0.7307671683777641,1097,0.8499980350987503,403,0.933298017829405,268,0.6375107735401853,0.7684150080343851,0.8521968839983547,0.888420975722823,25.312204360961914,0.9804717898368835,-2.887683629989624,0.6516097418617388,0.7871007371007371,814,0.8147216127725845,100,300,0.5169103145599365,4.462177276611328,57472,1068,17669,4d5e678,b9288cb03392952e,2.9.1+cu128,3.12.3
stageB_3399285153,"{""epochs"": 1000, ""eval_every"": 10, ""patience"": 20, ""seed"": 1, ""temperature"": 0.5}",stageB/stageB_3399285153.json,stageB,,1,,sage,sage,multiplicity,1,64,2,0.001,0.5,1000,20,10,0.0,uniform,1.0,0.75,100,3.0,,0.001,,0.7918964727380684,0.7775214051181276,0.7923459542187916,0.7811918190099011,0.8390981066112488,0.8271039453018134,0.741295161217141,1097,0.8419250979643623,403,0.923792378604714,268,0.6788299935358759,0.769142045958655,0.8449082167832167,0.8689722762498866,25.268402099609375,1.0077202320098877,-2.8632659912109375,0.5921518820078229,0.8006142506142506,814,0.8117618075213131,90,290,0.5187633037567139,4.362369775772095,57472,1068,17669,4d5e678,b9288cb03392952e,2.9.1+cu128,3.12.3
stageB_6473791380,"{""epochs"": 1000, ""eval_every"": 10, ""patience"": 20, ""seed"": 2, ""temperature"": 0.5}",stageB/stageB_6473791380.json,stageB,,2,,sage,sage,multiplicity,1,64,2,0.001,0.5,1000,20,10,0.0,uniform,1.0,0.75,100,3.0,,0.001,,0.7851206593845335,0.7778943326569254,0.7879963811142279,0.7822715340361012,0.8560363603325076,0.8517178027637348,0.7204464458807855,1097,0.8586253550857259,403,0.9393192408995745,268,0.6020617862529627,0.7619690158617495,0.8724264705882353,0.8944675951586735,24.979366302490234,0.9714352488517761,-2.8987295627593994,0.7193208923796248,0.8066339066339067,814,0.8134422954639179,120,320,0.5159714221954346,4.832079887390137,57472,1068,17669,4d5e678,b9288cb03392952e,2.9.1+cu128,3.12.3
stageB_5050074700,"{""epochs"": 1000, ""eval_every"": 10, ""patience"": 20, ""seed"": 0, ""temperature"": 1.0}",stageB/stageB_5050074700.json,stageB,,0,,sage,sage,multiplicity,1,64,2,0.001,1.0,1000,20,10,0.0,uniform,1.0,0.75,100,3.0,,0.001,,0.7760184194631559,0.7634322913567504,0.7729910577179009,0.7587856384304035,0.8201354266906902,0.8114024588861574,0.727462186052459,1097,0.8271574615721455,403,0.8978734720064834,268,0.6618455074337427,0.7612543006141621,0.8290775401069519,0.8459145008011771,16.869171142578125,0.8110223412513733,-2.2968356609344482,0.5387946362607086,0.7898034398034399,814,0.7875439663474558,70,270,0.5714619159698486,4.094856023788452,57472,1068,17669,4d5e678,b9288cb03392952e,2.9.1+cu128,3.12.3
stageB_6115432636,"{""epochs"": 1000, ""eval_every"": 10, ""patience"": 20, ""seed"": 1, ""temperature"": 1.0}",stageB/stageB_6115432636.json,stageB,,1,,sage,sage,multiplicity,1,64,2,0.001,1.0,1000,20,10,0.0,uniform,1.0,0.75,100,3.0,,0.001,,0.778362921264921,0.761872574876213,0.7743199873057472,0.759469594411446,0.8180402991339243,0.8084725667239043,0.7320342501350866,1097,0.8259069422768155,403,0.8965058755993787,268,0.6746996875673347,0.762888903676101,0.8300352221308103,0.8405128541051506,17.339096069335938,0.8110640048980713,-2.292745590209961,0.5328005266649899,0.7998771498771499,814,0.7860806639118787,70,270,0.5736801028251648,4.026082515716553,57472,1068,17669,4d5e678,b9288cb03392952e,2.9.1+cu128,3.12.3
stageB_1004888396,"{""epochs"": 1000, ""eval_every"": 10, ""patience"": 20, ""seed"": 2, ""temperature"": 1.0}",stageB/stageB_1004888396.json,stageB,,2,,sage,sage,multiplicity,1,64,2,0.001,1.0,1000,20,10,0.0,uniform,1.0,0.75,100,3.0,,0.001,,0.7740678937777686,0.7590328661111131,0.7714311490346226,0.7531947995443652,0.8176736758051637,0.8081833617071715,0.7272765708204606,1097,0.8212810033347182,403,0.8946022151685014,268,0.665975813402284,0.7551940082216898,0.8314351090086384,0.8382554495157666,16.75843048095703,0.803231418132782,-2.262805461883545,0.535087734716938,0.792137592137592,814,0.7823631800770444,60,260,0.5719788670539856,3.929814577102661,57472,1068,17669,4d5e678,b9288cb03392952e,2.9.1+cu128,3.12.3
stageB_3220343068,"{""epochs"": 1000, ""eval_every"": 10, ""neg_mode"": ""uniform"", ""patience"": 20, ""seed"": 0}",stageB/stageB_3220343068.json,stageB,,0,,sage,sage,multiplicity,1,64,2,0.001,0.5,1000,20,10,0.0,uniform,1.0,0.75,100,3.0,,0.001,,0.7886451700415635,0.7781634119618047,0.7902904962019615,0.7810919153112339,0.8498008845027742,0.8395801489909205,0.7307671683777641,1097,0.8499980350987503,403,0.933298017829405,268,0.6375107735401853,0.7684150080343851,0.8521968839983547,0.888420975722823,25.312204360961914,0.9804717898368835,-2.887683629989624,0.6516097418617388,0.7871007371007371,814,0.8147216277919829,100,300,0.5168678760528564,4.483038663864136,57472,1068,17669,4d5e678,b9288cb03392952e,2.9.1+cu128,3.12.3
stageB_6309696363,"{""epochs"": 1000, ""eval_every"": 10, ""neg_mode"": ""uniform"", ""patience"": 20, ""seed"": 1}",stageB/stageB_6309696363.json,stageB,,1,,sage,sage,multiplicity,1,64,2,0.001,0.5,300,20,10,0.0,uniform,1.0,0.75,100,3.0,,0.001,,0.791896792653713,0.7775215606015222,0.7923461141766139,0.781191819009901,0.8390981066112488,0.8271039453018134,0.7412956768150076,1097,0.8419250979643623,403,0.923792378604714,268,0.6788313402283991,0.769142045958655,0.8449082167832167,0.8689722762498866,25.268402099609375,1.0077201128005981,-2.8632659912109375,0.5921518820078229,0.8006142506142506,814,0.811761800011614,90,290,0.51872718334198,4.380350589752197,57472,1068,17669,4d5e678,b9288cb03392952e,2.9.1+cu128,3.12.3
stageB_4023781312,"{""epochs"": 1000, ""eval_every"": 10, ""neg_mode"": ""uniform"", ""patience"": 20, ""seed"": 2}",stageB/stageB_4023781312.json,stageB,,2,,sage,sage,multiplicity,1,64,2,0.001,0.5,1000,20,10,0.0,uniform,1.0,0.75,100,3.0,,0.001,,0.785092506807805,0.7779196800509992,0.7879480738518867,0.7822237367503672,0.855869364366004,0.8515522430525929,0.7204082916386525,1097,0.8585523730393092,403,0.939399439454312,268,0.6020765998707176,0.7617841757115114,0.8723956190867956,0.8945620735873585,24.980806350708008,0.972415566444397,-2.8997020721435547,0.7194010371228667,0.8065110565110565,814,0.8134335641869936,120,320,0.5159278512001038,4.7867817878723145,57472,1068,17669,4d5e678,b9288cb03392952e,2.9.1+cu128,3.12.3
stageB_2621859747,"{""epochs"": 1000, ""eval_every"": 10, ""neg_mode"": ""degree"", ""patience"": 20, ""seed"": 0}",stageB/stageB_2621859747.json,stageB,,0,,sage,sage,multiplicity,1,64,2,0.001,0.5,1000,20,10,0.0,degree,1.0,0.75,100,3.0,,0.001,,0.7724424023873384,0.7710250867663215,0.7615527937593416,0.7510290604163171,0.7083245889723797,0.6923589240320577,0.7967595705276009,1097,0.7586245129851903,403,0.6936837306679273,268,0.8738458845076493,0.8370646398328059,0.7497814685314685,0.6337335859476565,25.031654357910156,1.5210490226745605,-3.1428823471069336,-0.26607084515594004,0.8346437346437346,814,0.8580862831294073,840,1000,0.5809631943702698,2.9919776916503906,57472,1068,17669,4d5e678,b9288cb03392952e,2.9.1+cu128,3.12.3
stageB_2146034419,"{""epochs"": 1000, ""eval_every"": 10, ""neg_mode"": ""degree"", ""patience"": 20, ""seed"": 1}",stageB/stageB_2146034419.json,stageB,,1,,sage,sage,multiplicity,1,64,2,0.001,0.5,1000,20,10,0.0,degree,1.0,0.75,100,3.0,,0.001,,0.7680130103294365,0.7672069962022483,0.7588965341618722,0.7523052089968234,0.7073859564709977,0.6948886176314267,0.7934883598625623,1097,0.7523003379630149,403,0.687362818261633,268,0.8658943385046327,0.8378385039284694,0.7454815405183053,0.6271528484616392,25.405597686767578,1.5303990840911865,-3.141362190246582,-0.27029242313984736,0.8407862407862409,814,0.8522245623946837,740,940,0.580489456653595,2.8213295936584473,57472,1068,17669,4d5e678,b9288cb03392952e,2.9.1+cu128,3.12.3
stageB_6638142974,"{""epochs"": 1000, ""eval_every"": 10, ""neg_mode"": ""degree"", ""patience"": 20, ""seed"": 2}",stageB/stageB_6638142974.json,stageB,,2,,sage,sage,multiplicity,1,64,2,0.001,0.5,1000,20,10,0.0,degree,1.0,0.75,100,3.0,,0.001,,0.7671948260682624,0.7699761346459402,0.7661387845252964,0.7603206940671343,0.7064198112241765,0.6963700941651217,0.7944873307292204,1097,0.7516392890425879,403,0.6788702134125751,268,0.8641039107950872,0.8318262699750589,0.7432756581653641,0.6339137248183495,24.51583480834961,1.5380115509033203,-3.158388376235962,-0.316149293889731,0.84004914004914,814,0.8584802769941533,920,1000,0.5812209844589233,2.974081039428711,57472,1068,17669,4d5e678,b9288cb03392952e,2.9.1+cu128,3.12.3
stageB_0058428152,"{""epochs"": 1000, ""eval_every"": 10, ""neg_ratio"": 0.5, ""patience"": 20, ""seed"": 0}",stageB/stageB_0058428152.json,stageB,,0,,sage,sage,multiplicity,1,64,2,0.001,0.5,1000,20,10,0.0,uniform,0.5,0.75,100,3.0,,0.001,,0.7840838127802461,0.7710669086756845,0.7867100003071191,0.7742849091346538,0.8536936180667881,0.8427107060994079,0.7278617743991223,1097,0.843640176055152,403,0.92465978928885,268,0.6334612691230339,0.7692061238774042,0.8478583916083916,0.8776907456489534,20.968467712402344,0.7775356769561768,-2.4850590229034424,0.6346853059280473,0.788083538083538,814,0.806402260371394,70,270,0.43192338943481445,2.656203031539917,57472,1068,17669,4d5e678,b9288cb03392952e,2.9.1+cu128,3.12.3
stageB_1575353768,"{""epochs"": 1000, ""eval_every"": 10, ""neg_ratio"": 0.5, ""patience"": 20, ""seed"": 1}",stageB/stageB_1575353768.json,stageB,,1,,sage,sage,multiplicity,1,64,2,0.001,0.5,1000,20,10,0.0,uniform,0.5,0.75,100,3.0,,0.001,,0.7857864038410352,0.7691880906483212,0.7876815841198992,0.7749386233552051,0.8588765714256466,0.8507749825606827,0.7266454790316659,1097,0.8536695934338615,403,0.9257889005200244,268,0.6196118832148243,0.7723792131231577,0.8598107774578362,0.8823932519727097,22.390640258789062,0.7826315760612488,-2.5437841415405273,0.6660042369262167,0.8066339066339065,814,0.8097690037055809,90,290,0.43403440713882446,2.8067636489868164,57472,1068,17669,4d5e678,b9288cb03392952e,2.9.1+cu128,3.12.3
stageB_5488927568,"{""epochs"": 1000, ""eval_every"": 10, ""neg_ratio"": 0.5, ""patience"": 20, ""seed"": 2}",stageB/stageB_5488927568.json,stageB,,2,,sage,sage,multiplicity,1,64,2,0.001,0.5,1000,20,10,0.0,uniform,0.5,0.75,100,3.0,,0.001,,0.78416539126963,0.7695902624645754,0.7841516348969103,0.768933726135623,0.8526474939088061,0.8410764599087531,0.7295147811596414,1097,0.8410815939278938,403,0.9222791585061121,268,0.6371646735617323,0.7660589122526839,0.8555815508021389,0.8701967166856465,20.45083999633789,0.76862633228302,-2.448241710662842,0.6409243729397023,0.7975429975429976,814,0.8035379059000547,70,270,0.43479928374290466,2.6093573570251465,57472,1068,17669,4d5e678,b9288cb03392952e,2.9.1+cu128,3.12.3
stageB_4107506104,"{""epochs"": 1000, ""eval_every"": 10, ""neg_ratio"": 1.0, ""patience"": 20, ""seed"": 0}",stageB/stageB_4107506104.json,stageB,,0,,sage,sage,multiplicity,1,64,2,0.001,0.5,1000,20,10,0.0,uniform,1.0,0.75,100,3.0,,0.001,,0.7886451700415635,0.7781634119618047,0.7902904962019615,0.7810919153112339,0.8498008845027742,0.8395801489909205,0.7307671683777641,1097,0.8499980350987503,403,0.933298017829405,268,0.6375107735401853,0.7684150080343851,0.8521968839983547,0.888420975722823,25.312204360961914,0.9804717898368835,-2.887683629989624,0.6516097418617388,0.7871007371007371,814,0.8147216302952159,100,300,0.5168880820274353,4.520627975463867,57472,1068,17669,4d5e678,b9288cb03392952e,2.9.1+cu128,3.12.3
stageB_7649892647,"{""epochs"": 1000, ""eval_every"": 10, ""neg_ratio"": 1.0, ""patience"": 20, ""seed"": 1}",stageB/stageB_7649892647.json,stageB,,1,,sage,sage,multiplicity,1,64,2,0.001,0.5,1000,20,10,0.0,uniform,1.0,0.75,100,3.0,,0.001,,0.7918964727380684,0.7775214051181276,0.7923459542187916,0.7811918190099011,0.8390984265268934,0.8271042005862635,0.741295161217141,1097,0.8419250979643623,403,0.923792378604714,268,0.6788299935358759,0.769142045958655,0.8449082167832167,0.8689722762498866,25.268396377563477,1.0077202320098877,-2.8632659912109375,0.5921518820078229,0.8006142506142506,814,0.811761797508381,90,290,0.5187731385231018,4.370144605636597,57472,1068,17669,4d5e678,b9288cb03392952e,2.9.1+cu128,3.12.3
stageB_4787004798,"{""epochs"": 1000, ""eval_every"": 10, ""neg_ratio"": 1.0, ""patience"": 20, ""seed"": 2}",stageB/stageB_4787004798.json,stageB,,2,,sage,sage,multiplicity,1,64,2,0.001,0.5,1000,20,10,0.0,uniform,1.0,0.75,100,3.0,,0.001,,0.784958622110522,0.777787193234799,0.7878738534223295,0.7820952589053609,0.8559826145042075,0.8516858938920597,0.7202286057821208,1097,0.8584330754634361,403,0.9394310967785506,268,0.6020099385908209,0.7615069154861542,0.8723506273138626,0.8944247649376694,24.970426559448242,0.9711273312568665,-2.89770770072937,0.7191087021676124,0.8056511056511056,814,0.813372482797019,120,320,0.5160479545593262,4.837145090103149,57472,1068,17669,4d5e678,b9288cb03392952e,2.9.1+cu128,3.12.3
stageB_6271905724,"{""epochs"": 1000, ""eval_every"": 10, ""neg_ratio"": 2.0, ""patience"": 20, ""seed"": 0}",stageB/stageB_6271905724.json,stageB,,0,,sage,sage,multiplicity,1,64,2,0.001,0.5,1000,20,10,0.0,uniform,2.0,0.75,100,3.0,,0.001,,0.787422132532094,0.7810223028877429,0.7928850120800148,0.7892829962648251,0.8412066706250896,0.8367415159483913,0.723952511374089,1097,0.8575250103859064,403,0.9418053960964408,268,0.6162949795302737,0.7638814952828792,0.8602529823118058,0.9001904685122293,30.02833366394043,1.148843765258789,-3.199847459793091,0.7043117421822006,0.7837837837837838,814,0.8223374315213685,160,360,0.5898163318634033,9.21386981010437,57472,1068,17669,4d5e678,b9288cb03392952e,2.9.1+cu128,3.12.3
stageB_8039445900,"{""epochs"": 1000, ""eval_every"": 10, ""neg_ratio"": 2.0, ""patience"": 20, ""seed"": 1}",stageB/stageB_8039445900.json,stageB,,1,,sage,sage,multiplicity,1,64,2,0.001,0.5,1000,20,10,0.0,uniform,2.0,0.75,100,3.0,,0.001,,0.7913673322618291,0.7852808573162673,0.7948173025736573,0.7861802826460272,0.8422662312401465,0.8392734333473378,0.729776704875906,1097,0.8594618416177313,403,0.9410793881272372,268,0.6344133807369101,0.7659430790918681,0.8611181098313453,0.8958217859698273,30.86096954345703,1.155896782875061,-3.21173357963562,0.6848774410258361,0.8007371007371007,814,0.8253426754592027,180,380,0.5899097919464111,9.83692193031311,57472,1068,17669,4d5e678,b9288cb03392952e,2.9.1+cu128,3.12.3
stageB_7488706153,"{""epochs"": 1000, ""eval_every"": 10, ""neg_ratio"": 2.0, ""patience"": 20, ""seed"": 2}",stageB/stageB_7488706153.json,stageB,,2,,sage,sage,multiplicity,1,64,2,0.001,0.5,1000,20,10,0.0,uniform,2.0,0.75,100,3.0,,0.001,,0.7878338639667493,0.7825183003038928,0.7898675677197436,0.7847991753705436,0.8392724606375791,0.8380040735041581,0.7267119911564655,1097,0.8510899587932138,403,0.9429028500033767,268,0.6419036845507433,0.7511176667751063,0.8593107260386672,0.8918284977174012,29.154573440551758,1.1578205823898315,-3.1748995780944824,0.6730611818318695,0.7943488943488942,814,0.8166607347552769,150,350,0.5914859771728516,9.026259422302246,57472,1068,17669,4d5e678,b9288cb03392952e,2.9.1+cu128,3.12.3
stageB_7188040310,"{""dropout"": 0.0, ""epochs"": 1000, ""eval_every"": 10, ""patience"": 20, ""seed"": 0}",stageB/stageB_7188040310.json,stageB,,0,,sage,sage,multiplicity,1,64,2,0.001,0.5,1000,20,10,0.0,uniform,1.0,0.75,100,3.0,,0.001,,0.7886451700415635,0.7781634119618047,0.7902904962019615,0.7810919153112339,0.8498008845027742,0.8395801489909205,0.7307671683777641,1097,0.8499980350987503,403,0.933298017829405,268,0.6375107735401853,0.7684150080343851,0.8521968839983547,0.888420975722823,25.312204360961914,0.9804717898368835,-2.887683629989624,0.6516097418617388,0.7871007371007371,814,0.8147216528243135,100,300,0.5168880820274353,4.461874485015869,57472,1068,17669,4d5e678,b9288cb03392952e,2.9.1+cu128,3.12.3
stageB_1215023504,"{""dropout"": 0.0, ""epochs"": 1000, ""eval_every"": 10, ""patience"": 20, ""seed"": 1}",stageB/stageB_1215023504.json,stageB,,1,,sage,sage,multiplicity,1,64,2,0.001,0.5,1000,20,10,0.0,uniform,1.0,0.75,100,3.0,,0.001,,0.7919003117258041,0.7775116682226093,0.7923513927847505,0.7812055253644763,0.839111223152679,0.8271161039661303,0.7413075355659408,1097,0.8419054489518656,403,0.923796599581279,268,0.6788515406162465,0.7691519041000009,0.8448940765117237,0.8689710165375041,25.268640518188477,1.0076603889465332,-2.8632094860076904,0.5921842003459395,0.8004914004914006,814,0.8117657776489514,90,290,0.518728494644165,4.316645622253418,57472,1068,17669,4d5e678,b9288cb03392952e,2.9.1+cu128,3.12.3
stageB_5433030842,"{""dropout"": 0.0, ""epochs"": 1000, ""eval_every"": 10, ""patience"": 20, ""seed"": 2}",stageB/stageB_5433030842.json,stageB,,2,,sage,sage,multiplicity,1,64,2,0.001,0.5,1000,20,10,0.0,uniform,1.0,0.75,100,3.0,,0.001,,0.7851101021682602,0.7779171546309519,0.7879330378165885,0.7821824052601234,0.8557893854548433,0.8514525015697647,0.720430462346919,1097,0.8585565835419872,403,0.9394184338488553,268,0.6021156539538892,0.7618655053776162,0.8722824969148498,0.894622539781717,24.984975814819336,0.9732450842857361,-2.9008023738861084,0.7196265206683994,0.8063882063882064,814,0.8134610797248241,120,320,0.516127347946167,4.802087068557739,57472,1068,17669,4d5e678,b9288cb03392952e,2.9.1+cu128,3.12.3
stageB_0123571891,"{""dropout"": 0.1, ""epochs"": 1000, ""eval_every"": 10, ""patience"": 20, ""seed"": 0}",stageB/stageB_0123571891.json,stageB,,0,,sage,sage,multiplicity,1,64,2,0.001,0.5,1000,20,10,0.1,uniform,1.0,0.75,100,3.0,,0.001,,0.7900799917077865,0.7770090216170775,0.7902415491083312,0.7803244540247247,0.8393076513584898,0.8264152399160453,0.7356895812107888,1097,0.8467727900474945,403,0.9274646282163841,268,0.6482546864899805,0.7745677205019765,0.8514538770053475,0.8784591702022594,22.89716148376465,0.9563067555427551,-2.7734837532043457,0.6251165375609804,0.7884520884520884,814,0.811318597591312,120,320,0.525745153427124,4.819242477416992,57472,1068,17669,4d5e678,b9288cb03392952e,2.9.1+cu128,3.12.3
stageB_1469283816,"{""dropout"": 0.1, ""epochs"": 1000, ""eval_every"": 10, ""patience"": 20, ""seed"": 1}",stageB/stageB_1469283816.json,stageB,,1,,sage,sage,multiplicity,1,64,2,0.001,0.5,1000,20,10,0.1,uniform,1.0,0.75,100,3.0,,0.001,,0.7897172073667615,0.7773681254465938,0.7912918321696936,0.7804509086493354,0.8418103514465306,0.8340004642904517,0.7339834678700032,1097,0.8507671535879096,403,0.9260484905787802,268,0.6425298965740143,0.7744407969321464,0.8563914027149322,0.8776768888127464,22.820453643798828,0.9466270804405212,-2.7678310871124268,0.6476722910011832,0.8110565110565111,814,0.812360040171684,150,350,0.5271580815315247,5.200030088424683,57472,1068,17669,4d5e678,b9288cb03392952e,2.9.1+cu128,3.12.3
stageB_6188243271,"{""dropout"": 0.1, ""epochs"": 1000, ""eval_every"": 10, ""patience"": 20, ""seed"": 2}",stageB/stageB_6188243271.json,stageB,,2,,sage,sage,multiplicity,1,64,2,0.001,0.5,1000,20,10,0.1,uniform,1.0,0.75,100,3.0,,0.001,,0.7857894430396593,0.7765727160744823,0.785610130320837,0.7761028437456324,0.8460281193055016,0.8392144052777208,0.7250149007783465,1097,0.8533046832017784,403,0.9330320963058014,268,0.6179931588019822,0.7645432230207316,0.8671270824763472,0.8847602515393685,22.537250518798828,0.9492681622505188,-2.7862141132354736,0.6885802485188379,0.8060196560196561,814,0.8088921186603164,150,350,0.5256327390670776,5.212919235229492,57472,1068,17669,4d5e678,b9288cb03392952e,2.9.1+cu128,3.12.3
stageB_0697249630,"{""dropout"": 0.2, ""epochs"": 1000, ""eval_every"": 10, ""patience"": 20, ""seed"": 0}",stageB/stageB_0697249630.json,stageB,,0,,sage,sage,multiplicity,1,64,2,0.001,0.5,1000,20,10,0.2,uniform,1.0,0.75,100,3.0,,0.001,,0.7862464425380317,0.7754634941924191,0.785694268135378,0.7755659399341337,0.8375010877131918,0.8259154040663761,0.7310316700833618,1097,0.8445791181523192,403,0.9245394914567434,268,0.6391039107950873,0.7687970110115439,0.8521120423693953,0.8771780427092887,21.068073272705078,0.9032819271087646,-2.655007839202881,0.6422774419210022,0.7922604422604422,814,0.806796887554105,140,340,0.5297861695289612,5.038362979888916,57472,1068,17669,4d5e678,b9288cb03392952e,2.9.1+cu128,3.12.3
stageB_8361200630,"{""dropout"": 0.2, ""epochs"": 1000, ""eval_every"": 10, ""patience"": 20, ""seed"": 1}",stageB/stageB_8361200630.json,stageB,,1,,sage,sage,multiplicity,1,64,2,0.001,0.5,1000,20,10,0.2,uniform,1.0,0.75,100,3.0,,0.001,,0.7890121132859688,0.7768307086110131,0.7888374393439938,0.7759947658817659,0.8418173895907127,0.834800948815956,0.7306722983702982,1097,0.855866072330822,403,0.9272831262240832,268,0.6207727321697909,0.775536282889224,0.8674336692719047,0.8833115822995294,21.485095977783203,0.918728232383728,-2.71103835105896,0.6766056235489896,0.8117936117936118,814,0.8108577248488171,200,400,0.5320541262626648,5.859829902648926,57472,1068,17669,4d5e678,b9288cb03392952e,2.9.1+cu128,3.12.3
stageB_1031878176,"{""dropout"": 0.2, ""epochs"": 1000, ""eval_every"": 10, ""patience"": 20, ""seed"": 2}",stageB/stageB_1031878176.json,stageB,,2,,sage,sage,multiplicity,1,64,2,0.001,0.5,1000,20,10,0.2,uniform,1.0,0.75,100,3.0,,0.001,,0.7812135296165107,0.7698730201387619,0.7832609897422248,0.7712553622407055,0.842421710243443,0.8357553291127032,0.7224134517421021,1097,0.8452499915789946,403,0.9256052880394408,268,0.6162182180564534,0.7617398140754541,0.8604907959687372,0.8777713672414315,20.800018310546875,0.8926423788070679,-2.644012212753296,0.679941401856868,0.8084766584766585,814,0.8034073022182164,170,370,0.5305052995681763,5.460882186889648,57472,1068,17669,4d5e678,b9288cb03392952e,2.9.1+cu128,3.12.3
stageB_4789153399,"{""dropout"": 0.5, ""epochs"": 1000, ""eval_every"": 10, ""patience"": 20, ""seed"": 0}",stageB/stageB_4789153399.json,stageB,,0,,sage,sage,multiplicity,1,64,2,0.001,0.5,1000,20,10,0.5,uniform,1.0,0.75,100,3.0,,0.001,,0.7796552205114555,0.7708943612831779,0.7815651169099731,0.7681602418533672,0.8415105904875003,0.8319885328135874,0.7181943143992047,1097,0.8534239807776518,403,0.9203037414736275,268,0.5875969618616678,0.7704408560809944,0.8683939222542164,0.8817684346310051,17.947649002075195,0.8131645917892456,-2.493496894836426,0.7244331483723446,0.8127764127764128,814,0.8032073840128586,270,470,0.5369506478309631,6.890679359436035,57472,1068,17669,4d5e678,b9288cb03392952e,2.9.1+cu128,3.12.3
stageB_8244957658,"{""dropout"": 0.5, ""epochs"": 1000, ""eval_every"": 10, ""patience"": 20, ""seed"": 1}",stageB/stageB_8244957658.json,stageB,,1,,sage,sage,multiplicity,1,64,2,0.001,0.5,1000,20,10,0.5,uniform,1.0,0.75,100,3.0,,0.001,,0.7815350448393769,0.7688621987429416,0.7782872612149627,0.7639866200228795,0.8324448209496119,0.8230258691298621,0.7236266535223583,1097,0.8474001549464985,403,0.919527081785642,268,0.6137160633484162,0.7692418596397835,0.8605653537638831,0.8736357314897862,17.421524047851562,0.8391175270080566,-2.4651806354522705,0.6364238865140256,0.8125307125307125,814,0.7999900912022427,260,460,0.5359644889831543,6.7697913646698,57472,1068,17669,4d5e678,b9288cb03392952e,2.9.1+cu128,3.12.3
stageB_1358695393,"{""dropout"": 0.5, ""epochs"": 1000, ""eval_every"": 10, ""patience"": 20, ""seed"": 2}",stageB/stageB_1358695393.json,stageB,,2,,sage,sage,multiplicity,1,64,2,0.001,0.5,1000,20,10,0.5,uniform,1.0,0.75,100,3.0,,0.001,,0.781550080874675,0.7671347307734192,0.7777478834380951,0.7629440591396431,0.8323985931389611,0.8257717959550106,0.7241675156844871,1097,0.8483222550329541,403,0.9160257817248597,268,0.6107479530273647,0.7716780528199214,0.8645529103249692,0.8700732648721644,17.189849853515625,0.8624690175056458,-2.496737480163574,0.70327803382382,0.8111793611793611,814,0.7988842479448545,250,450,0.5369559526443481,6.519356727600098,57472,1068,17669,4d5e678,b9288cb03392952e,2.9.1+cu128,3.12.3
stageD_3881997595,"{""epochs"": 1000, ""eval_every"": 10, ""hidden_dim"": 16, ""patience"": 20, ""seed"": 0}",stageD/stageD_3881997595.json,stageD,,0,,sage,sage,multiplicity,1,16,2,0.001,0.5,1000,20,10,0.0,uniform,1.0,0.75,100,3.0,,0.001,,0.7849846952355602,0.776808461064662,0.7885360788067401,0.7728961756629995,0.8348512264286152,0.8177050055885517,0.7308604915916299,1097,0.8412640490439351,403,0.9219013811035321,268,0.6446482439129497,0.7726638669545244,0.8475421637186342,0.8675488012576968,10.178382873535156,0.9473233222961426,-2.6551129817962646,0.6095354977970738,0.7883292383292384,814,0.8052950303228887,170,370,0.53059983253479,5.53244948387146,12832,1068,17669,4d5e678,b9288cb03392952e,2.9.1+cu128,3.12.3
stageD_7335610145,"{""epochs"": 1000, ""eval_every"": 10, ""hidden_dim"": 16, ""patience"": 20, ""seed"": 1}",stageD/stageD_7335610145.json,stageD,,1,,sage,sage,multiplicity,1,16,2,0.001,0.5,1000,20,10,0.0,uniform,1.0,0.75,100,3.0,,0.001,,0.7861920568784423,0.7722768269278062,0.788654447595258,0.7768374396697182,0.8413186411007146,0.829592370962534,0.7283794346572512,1097,0.8496303178648821,403,0.9274414128452759,268,0.6310264490411549,0.7720920947564547,0.8573336589880708,0.8760342238660068,10.260732650756836,0.9424495100975037,-2.7242517471313477,0.6727601605833575,0.8165847665847666,814,0.8135185689753529,230,430,0.5289328694343567,6.154032230377197,12832,1068,17669,4d5e678,b9288cb03392952e,2.9.1+cu128,3.12.3
stageD_3751686021,"{""epochs"": 1000, ""eval_every"": 10, ""hidden_dim"": 16, ""patience"": 20, ""seed"": 2}",stageD/stageD_3751686021.json,stageD,,2,,sage,sage,multiplicity,1,16,2,0.001,0.5,1000,20,10,0.0,uniform,1.0,0.75,100,3.0,,0.001,,0.7899715403042527,0.7765074250920512,0.785829592453062,0.7709312649758268,0.8404516697037324,0.8221072244480554,0.7350945812726605,1097,0.8496471598755936,403,0.9248623961639765,268,0.6458912411118294,0.7769854296670905,0.8540094097079391,0.8752670590250833,9.667973518371582,0.9154300689697266,-2.636054754257202,0.6619788280978195,0.795945945945946,814,0.8084533920207313,210,410,0.5279346108436584,5.860407829284668,12832,1068,17669,4d5e678,b9288cb03392952e,2.9.1+cu128,3.12.3
stageD_7429675323,"{""epochs"": 1000, ""eval_every"": 10, ""hidden_dim"": 16, ""patience"": 20, ""seed"": 3}",stageD/stageD_7429675323.json,stageD,,3,,sage,sage,multiplicity,1,16,2,0.001,0.5,1000,20,10,0.0,uniform,1.0,0.75,100,3.0,,0.001,,0.7908535477365328,0.7799721095691243,0.7880888367355295,0.7764943156022046,0.8391233799471756,0.8223994764785338,0.73593964617612,1097,0.8500303156192807,403,0.9266457587627474,268,0.637326276664512,0.7793612417314839,0.8596616618675442,0.8787841759969364,9.897151947021484,0.917341947555542,-2.6604552268981934,0.6650649843962453,0.7829238329238328,814,0.8092617185188618,240,440,0.5298024415969849,6.282595634460449,12832,1068,17669,4d5e678,b9288cb03392952e,2.9.1+cu128,3.12.3
stageD_8971731356,"{""epochs"": 1000, ""eval_every"": 10, ""hidden_dim"": 16, ""patience"": 20, ""seed"": 4}",stageD/stageD_8971731356.json,stageD,,4,,sage,sage,multiplicity,1,16,2,0.001,0.5,1000,20,10,0.0,uniform,1.0,0.75,100,3.0,,0.001,,0.7867538287504352,0.7713781850298166,0.7885104855551689,0.7757444344985605,0.8345498658913618,0.8168283758886553,0.7333771247788086,1097,0.8445749076496413,403,0.918292446140339,268,0.6496431264813618,0.770671290134958,0.8481733340189223,0.8712611736488325,10.078827857971191,0.9381456971168518,-2.6609299182891846,0.6416762182341321,0.7916461916461918,814,0.8071915497820787,200,400,0.5277819633483887,5.822492599487305,12832,1068,17669,4d5e678,b9288cb03392952e,2.9.1+cu128,3.12.3
stageD_2890390469,"{""epochs"": 1000, ""eval_every"": 10, ""hidden_dim"": 32, ""patience"": 20, ""seed"": 0}",stageD/stageD_2890390469.json,stageD,,0,,sage,sage,multiplicity,1,32,2,0.001,0.5,1000,20,10,0.0,uniform,1.0,0.75,100,3.0,,0.001,,0.7870430324931922,0.7781390268297659,0.7844885060707194,0.7717720239257047,0.8551146833602916,0.8464302736107432,0.722492853813568,1097,0.8645691813659995,403,0.9346867191193353,268,0.5896425878043525,0.7711481777225723,0.8780041649526944,0.8988047848915136,15.91627311706543,0.9411852955818176,-2.8414344787597656,0.7385136544058153,0.7943488943488943,814,0.817376541759392,180,380,0.5221421122550964,5.521401405334473,26688,1068,17669,4d5e678,b9288cb03392952e,2.9.1+cu128,3.12.3
stageD_1065401126,"{""epochs"": 1000, ""eval_every"": 10, ""hidden_dim"": 32, ""patience"": 20, ""seed"": 1}",stageD/stageD_1065401126.json,stageD,,1,,sage,sage,multiplicity,1,32,2,0.001,0.5,1000,20,10,0.0,uniform,1.0,0.75,100,3.0,,0.001,,0.7893534632788026,0.7767868972121642,0.7870891003460209,0.7728210563980211,0.8424290683032697,0.8319518854208036,0.7326748804844144,1097,0.8511362743226704,403,0.9284502262443439,268,0.6329400991165698,0.7771604116759826,0.856205008227067,0.882617480776789,14.974394798278809,0.9503785967826843,-2.7752699851989746,0.6809217494426988,0.7945945945945947,814,0.8102880565909303,140,340,0.520595908164978,5.047783374786377,26688,1068,17669,4d5e678,b9288cb03392952e,2.9.1+cu128,3.12.3
stageD_1905298554,"{""epochs"": 1000, ""eval_every"": 10, ""hidden_dim"": 32, ""patience"": 20, ""seed"": 2}",stageD/stageD_1905298554.json,stageD,,2,,sage,sage,multiplicity,1,32,2,0.001,0.5,1000,20,10,0.0,uniform,1.0,0.75,100,3.0,,0.001,,0.7864374321778833,0.7738613371329657,0.7908186769312668,0.7796422881709619,0.8393572382834094,0.8236984092173916,0.730242289749502,1097,0.8458633214690725,403,0.9270995137434996,268,0.639010989010989,0.7708955628505801,0.848921482928836,0.8789983271019561,15.773645401000977,0.9734531044960022,-2.789621591567993,0.649112652050501,0.7965601965601965,814,0.811763579810322,140,340,0.5194593667984009,5.015519380569458,26688,1068,17669,4d5e678,b9288cb03392952e,2.9.1+cu128,3.12.3
stageD_8034988788,"{""epochs"": 1000, ""eval_every"": 10, ""hidden_dim"": 32, ""patience"": 20, ""seed"": 3}",stageD/stageD_8034988788.json,stageD,,3,,sage,sage,multiplicity,1,32,2,0.001,0.5,1000,20,10,0.0,uniform,1.0,0.75,100,3.0,,0.001,,0.793064804672304,0.7835292586662368,0.7942840031940377,0.7768803670908362,0.8465854123584693,0.8377302775987154,0.7366207509579809,1097,0.8532808236866039,403,0.933557607888161,268,0.6470547834518423,0.7751012924023305,0.8560237556561087,0.8863109574821877,15.14543628692627,0.9636631011962891,-2.7990589141845703,0.6493971836463381,0.8055282555282555,814,0.8173196282524675,170,370,0.5219889283180237,5.394162654876709,26688,1068,17669,4d5e678,b9288cb03392952e,2.9.1+cu128,3.12.3
stageD_5776365965,"{""epochs"": 1000, ""eval_every"": 10, ""hidden_dim"": 32, ""patience"": 20, ""seed"": 4}",stageD/stageD_5776365965.json,stageD,,4,,sage,sage,multiplicity,1,32,2,0.001,0.5,1000,20,10,0.0,uniform,1.0,0.75,100,3.0,,0.001,,0.7938738713376058,0.779119509328851,0.7922486998628202,0.7760705487089732,0.8456000721729695,0.8328657837882685,0.7415189306912723,1097,0.8484766401311431,403,0.926069595461606,268,0.6568910256410256,0.7773834521239364,0.8546842863019334,0.8792754638260992,15.525264739990234,0.9582461714744568,-2.7826154232025146,0.6418954719168686,0.7933660933660934,814,0.8144985571840238,140,340,0.5230610966682434,5.067837715148926,26688,1068,17669,4d5e678,b9288cb03392952e,2.9.1+cu128,3.12.3
stageD_4868874667,"{""epochs"": 1000, ""eval_every"": 10, ""hidden_dim"": 64, ""patience"": 20, ""seed"": 0}",stageD/stageD_4868874667.json,stageD,,0,,sage,sage,multiplicity,1,64,2,0.001,0.5,1000,20,10,0.0,uniform,1.0,0.75,100,3.0,,0.001,,0.7886454899572082,0.7781635421049595,0.7902904962019615,0.7810919153112339,0.8498008845027742,0.8395801489909205,0.7307676839756309,1097,0.8499980350987503,403,0.933298017829405,268,0.6375121202327084,0.7684150080343851,0.8521968839983547,0.888420975722823,25.312198638916016,0.9804717898368835,-2.887683629989624,0.6516097418617388,0.7871007371007371,814,0.8147216177790506,100,300,0.5168880820274353,4.522214651107788,57472,1068,17669,4d5e678,b9288cb03392952e,2.9.1+cu128,3.12.3
stageD_7877043873,"{""epochs"": 1000, ""eval_every"": 10, ""hidden_dim"": 64, ""patience"": 20, ""seed"": 1}",stageD/stageD_7877043873.json,stageD,,1,,sage,sage,multiplicity,1,64,2,0.001,0.5,1000,20,10,0.0,uniform,1.0,0.75,100,3.0,,0.001,,0.791893273581622,0.777509875047395,0.792350113122172,0.7811992838049797,0.8390977866956042,0.8271026134005124,0.7412925832278076,1097,0.8419180804598991,403,0.9237923786047141,268,0.6788192199956906,0.7691445104939916,0.8449005039078568,0.8689747956746514,25.268503189086914,1.0077067613601685,-2.8632562160491943,0.5921718195418076,0.8006142506142506,814,0.8117615772238713,90,290,0.5186470150947571,4.376695871353149,57472,1068,17669,4d5e678,b9288cb03392952e,2.9.1+cu128,3.12.3
stageD_5618298307,"{""epochs"": 1000, ""eval_every"": 10, ""hidden_dim"": 64, ""patience"": 20, ""seed"": 2}",stageD/stageD_5618298307.json,stageD,,2,,sage,sage,multiplicity,1,64,2,0.001,0.5,1000,20,10,0.0,uniform,1.0,0.75,100,3.0,,0.001,,0.7850928267234496,0.777920067663401,0.7879477539362421,0.7822235467028144,0.8558700041972933,0.8515534723787025,0.7204088072365192,1097,0.8585523730393092,403,0.939399439454312,268,0.6020779465632407,0.7617817111761749,0.8723981900452489,0.8945620735873585,24.980815887451172,0.972415030002594,-2.8997011184692383,0.7194016142360473,0.8065110565110565,814,0.8134335366514298,120,320,0.5159233808517456,4.8462159633636475,57472,1068,17669,4d5e678,b9288cb03392952e,2.9.1+cu128,3.12.3
stageD_1739963243,"{""epochs"": 1000, ""eval_every"": 10, ""hidden_dim"": 64, ""patience"": 20, ""seed"": 3}",stageD/stageD_1739963243.json,stageD,,3,,sage,sage,multiplicity,1,64,2,0.001,0.5,1000,20,10,0.0,uniform,1.0,0.75,100,3.0,,0.001,,0.7929021275670031,0.7817024248112718,0.7915938325382363,0.7810414484933457,0.8411689205790216,0.8338905290744856,0.7372340546203756,1097,0.8528625804206011,403,0.9306029242925642,268,0.6575152176255118,0.7659295241475172,0.8615268922254216,0.8798687883582421,23.86071014404297,0.9821353554725647,-2.8467326164245605,0.6422763715486928,0.7893120393120394,814,0.8111702534967551,90,290,0.5196351408958435,4.412679433822632,57472,1068,17669,4d5e678,b9288cb03392952e,2.9.1+cu128,3.12.3
stageD_7072610882,"{""epochs"": 1000, ""eval_every"": 10, ""hidden_dim"": 64, ""patience"": 20, ""seed"": 4}",stageD/stageD_7072610882.json,stageD,,4,,sage,sage,multiplicity,1,64,2,0.001,0.5,1000,20,10,0.0,uniform,1.0,0.75,100,3.0,,0.001,,0.7901161421756311,0.7788570708373533,0.7940917338916075,0.7866840450319799,0.8529005471837185,0.8484479122287788,0.7340355432545363,1097,0.8505075059227739,403,0.9288575504828798,268,0.6429150506356388,0.7665678387996727,0.8590253496503497,0.8843546241522134,24.892940521240234,0.9709773659706116,-2.869805335998535,0.652816426331395,0.7981572481572482,814,0.8160767630236669,110,310,0.5163347721099854,4.6960344314575195,57472,1068,17669,4d5e678,b9288cb03392952e,2.9.1+cu128,3.12.3
stageD_2138313045,"{""epochs"": 1000, ""eval_every"": 10, ""hidden_dim"": 128, ""patience"": 20, ""seed"": 0}",stageD/stageD_2138313045.json,stageD,,0,,sage,sage,multiplicity,1,128,2,0.001,0.5,1000,20,10,0.0,uniform,1.0,0.75,100,3.0,,0.001,,0.7894449591531706,0.7770953386950508,0.7917969789725845,0.7816874823014064,0.8440244876231036,0.8352721134591512,0.7338442564460045,1097,0.8471320862760069,403,0.9302884615384616,268,0.6471463585434173,0.7670385650489457,0.8567153434800494,0.8795362242892703,39.13240051269531,1.0161813497543335,-2.918917655944824,0.6401401895767903,0.7910319410319412,814,0.811591389917605,70,270,0.5155822038650513,4.393671035766602,131328,1068,17669,4d5e678,b9288cb03392952e,2.9.1+cu128,3.12.3
stageD_2152737104,"{""epochs"": 1000, ""eval_every"": 10, ""hidden_dim"": 128, ""patience"": 20, ""seed"": 1}",stageD/stageD_2152737104.json,stageD,,1,,sage,sage,multiplicity,1,128,2,0.001,0.5,1000,20,10,0.0,uniform,1.0,0.75,100,3.0,,0.001,,0.7925542193034542,0.7790188200938635,0.7917130011158657,0.7816870730127542,0.8485439359349727,0.8408139261458296,0.7378169380086373,1097,0.8501903147210401,403,0.9299402309718375,268,0.6534717733247145,0.7698616902769151,0.8560828877005349,0.8835962772979673,38.60274124145508,0.9949911832809448,-2.896331787109375,0.6371766788659827,0.8017199017199017,814,0.8116905154436738,70,270,0.5173295140266418,4.378571271896362,131328,1068,17669,4d5e678,b9288cb03392952e,2.9.1+cu128,3.12.3
stageD_0295840985,"{""epochs"": 1000, ""eval_every"": 10, ""hidden_dim"": 128, ""patience"": 20, ""seed"": 2}",stageD/stageD_0295840985.json,stageD,,2,,sage,sage,multiplicity,1,128,2,0.001,0.5,1000,20,10,0.0,uniform,1.0,0.75,100,3.0,,0.001,,0.7853887486947442,0.7750077951472186,0.7890751366679634,0.7817937837140642,0.8477108755963227,0.8393136407640174,0.7270950803713954,1097,0.8481299754106644,403,0.9296553150536908,268,0.629053544494721,0.7675635110756219,0.853934851912793,0.8826766872587651,39.96604537963867,1.004892110824585,-2.9213602542877197,0.6583806852593507,0.8006142506142506,814,0.8112430725465629,70,270,0.5136887431144714,4.333042621612549,131328,1068,17669,4d5e678,b9288cb03392952e,2.9.1+cu128,3.12.3
stageD_9985830595,"{""epochs"": 1000, ""eval_every"": 10, ""hidden_dim"": 128, ""patience"": 20, ""seed"": 3}",stageD/stageD_9985830595.json,stageD,,3,,sage,sage,multiplicity,1,128,2,0.001,0.5,1000,20,10,0.0,uniform,1.0,0.75,100,3.0,,0.001,,0.7924102572633648,0.7774840126317177,0.7896980124280829,0.7769225491180376,0.8338111806678814,0.8164052458862505,0.74687960171096,1097,0.8355532039118376,403,0.913904741000878,268,0.6987839366515838,0.7774352073660032,0.8376336898395722,0.8509810640034667,39.54887771606445,1.0260776281356812,-2.827646017074585,0.5570720967823786,0.792997542997543,814,0.8044745931831988,50,250,0.5175132155418396,4.073729515075684,131328,1068,17669,4d5e678,b9288cb03392952e,2.9.1+cu128,3.12.3
stageD_6878498862,"{""epochs"": 1000, ""eval_every"": 10, ""hidden_dim"": 128, ""patience"": 20, ""seed"": 4}",stageD/stageD_6878498862.json,stageD,,4,,sage,sage,multiplicity,1,128,2,0.001,0.5,1000,20,10,0.0,uniform,1.0,0.75,100,3.0,,0.001,,0.7866117862042136,0.775877694493218,0.7882148834995188,0.7809913458017013,0.851428615302717,0.8467988967069793,0.7269208082924636,1097,0.8517874987368491,403,0.9329371243330857,268,0.6224466709760827,0.7630509468744762,0.865211075689017,0.8872355863709198,40.596824645996094,0.9942151308059692,-2.9352915287017822,0.68157193403069,0.8093366093366093,814,0.8106430575942511,70,270,0.5172277688980103,4.346489191055298,131328,1068,17669,4d5e678,b9288cb03392952e,2.9.1+cu128,3.12.3
stageD_2553713236,"{""epochs"": 1000, ""eval_every"": 10, ""hidden_dim"": 256, ""patience"": 20, ""seed"": 0}",stageD/stageD_2553713236.json,stageD,,0,,sage,sage,multiplicity,1,256,2,0.001,0.5,1000,20,10,0.0,uniform,1.0,0.75,100,3.0,,0.001,,0.7913526161421757,0.7784975911110551,0.789523338486108,0.7738028360762805,0.8423596466083823,0.83282093011553,0.7425392988693968,1097,0.8392023062326668,403,0.9192062875666914,268,0.6824889571213101,0.7693663186742772,0.8429118675442205,0.8651351923328866,63.87473678588867,1.00037682056427,-2.8605175018310547,0.5862313370785683,0.7832923832923833,814,0.8040726590631764,40,240,0.5148930549621582,4.711041688919067,328192,1068,17669,4d5e678,b9288cb03392952e,2.9.1+cu128,3.12.3
stageD_6234199577,"{""epochs"": 1000, ""eval_every"": 10, ""hidden_dim"": 256, ""patience"": 20, ""seed"": 1}",stageD/stageD_6234199577.json,stageD,,1,,sage,sage,multiplicity,1,256,2,0.001,0.5,1000,20,10,0.0,uniform,1.0,0.75,100,3.0,,0.001,,0.7859065321655986,0.7788411019779606,0.7834766128867141,0.7756526105142321,0.8598929434286768,0.8572743841072732,0.7216526870898419,1097,0.8599685054399695,403,0.9375464307422166,268,0.5983812755871578,0.7638747178107039,0.8747814685314685,0.8967489342833244,62.85517883300781,0.9724277257919312,-2.9478836059570312,0.7280684977468964,0.8035626535626536,814,0.8120188470019396,60,260,0.5139050483703613,5.035176992416382,328192,1068,17669,4d5e678,b9288cb03392952e,2.9.1+cu128,3.12.3
stageD_5268299552,"{""epochs"": 1000, ""eval_every"": 10, ""hidden_dim"": 256, ""patience"": 20, ""seed"": 2}",stageD/stageD_5268299552.json,stageD,,2,,sage,sage,multiplicity,1,256,2,0.001,0.5,1000,20,10,0.0,uniform,1.0,0.75,100,3.0,,0.001,,0.7911656254478819,0.7765258460303306,0.789944347474458,0.7786552657940713,0.8406832886304538,0.8321521127039265,0.741756105709937,1097,0.8398977409249633,403,0.9201327919227393,268,0.682712508080155,0.7690003351768058,0.8430558412176058,0.8644228249806004,65.40193939208984,1.0244026184082031,-2.890862464904785,0.589109232802396,0.792137592137592,814,0.8028775730438527,40,240,0.5142816305160522,4.727311611175537,328192,1068,17669,4d5e678,b9288cb03392952e,2.9.1+cu128,3.12.3
stageD_8735368226,"{""epochs"": 1000, ""eval_every"": 10, ""hidden_dim"": 256, ""patience"": 20, ""seed"": 3}",stageD/stageD_8735368226.json,stageD,,3,,sage,sage,multiplicity,1,256,2,0.001,0.5,1000,20,10,0.0,uniform,1.0,0.75,100,3.0,,0.001,,0.792299886365963,0.7791676362558159,0.7885568733236421,0.7773373633753559,0.8387263646321738,0.8242377150289207,0.744209320359516,1097,0.838833185497906,403,0.9191746302424527,268,0.6888386123680241,0.7729214108971894,0.8408756684491978,0.8612867710044443,61.69387435913086,1.00395667552948,-2.83319091796875,0.571105392984635,0.7872235872235872,814,0.8030630475944358,40,240,0.5139414072036743,4.695137023925781,328192,1068,17669,4d5e678,b9288cb03392952e,2.9.1+cu128,3.12.3
stageD_6809403128,"{""epochs"": 1000, ""eval_every"": 10, ""hidden_dim"": 256, ""patience"": 20, ""seed"": 4}",stageD/stageD_6809403128.json,stageD,,4,,sage,sage,multiplicity,1,256,2,0.001,0.5,1000,20,10,0.0,uniform,1.0,0.75,100,3.0,,0.001,,0.7892168592985401,0.7761236482826773,0.7886176572961241,0.7776093856894243,0.8387481188960095,0.8253096398615036,0.7385068079542315,1097,0.8393609018335337,403,0.9213843114743028,268,0.6710649644473173,0.7679824820828283,0.8436085972850678,0.8681433855022221,63.37358856201172,1.0153858661651611,-2.8667614459991455,0.5866043830033856,0.7970515970515971,814,0.8028243442959972,40,240,0.5123540759086609,4.707813024520874,328192,1068,17669,4d5e678,b9288cb03392952e,2.9.1+cu128,3.12.3
stageD_9699228713,"{""epochs"": 1000, ""eval_every"": 10, ""num_layers"": 1, ""patience"": 20, ""seed"": 0}",stageD/stageD_9699228713.json,stageD,,0,,sage,sage,multiplicity,1,64,1,0.001,0.5,1000,20,10,0.0,uniform,1.0,0.75,100,3.0,,0.001,,0.79323404004832,0.7880159407155053,0.7952213560328413,0.7915828760049117,0.8603232299707213,0.8634666896500558,0.7326393042316148,1097,0.8576358869564241,403,0.9444224015668264,268,0.6374865330747684,0.7664741864568855,0.8584417420814479,0.902377329208195,35.972660064697266,1.0246304273605347,-3.062448501586914,0.6399436110162032,0.8029484029484029,814,0.8260199051385813,120,320,0.5239389538764954,4.7001800537109375,49216,1068,17669,4d5e678,b9288cb03392952e,2.9.1+cu128,3.12.3
stageD_8195116986,"{""epochs"": 1000, ""eval_every"": 10, ""num_layers"": 1, ""patience"": 20, ""seed"": 1}",stageD/stageD_8195116986.json,stageD,,1,,sage,sage,multiplicity,1,64,1,0.001,0.5,1000,20,10,0.0,uniform,1.0,0.75,100,3.0,,0.001,,0.7929704295571343,0.7831949694553695,0.7931431840052415,0.7896951322248603,0.8529136637251489,0.8539185476339513,0.7364701963809155,1097,0.8505776809674052,403,0.9376160768555413,268,0.6571792178409827,0.7674316584351187,0.852225164541341,0.88803172459664,35.682098388671875,1.0351544618606567,-3.031831979751587,0.605903645629745,0.7926289926289927,814,0.8201180951263509,90,290,0.5258067846298218,4.24114465713501,49216,1068,17669,4d5e678,b9288cb03392952e,2.9.1+cu128,3.12.3
stageD_3844026270,"{""epochs"": 1000, ""eval_every"": 10, ""num_layers"": 1, ""patience"": 20, ""seed"": 2}",stageD/stageD_3844026270.json,stageD,,2,,sage,sage,multiplicity,1,64,1,0.001,0.5,1000,20,10,0.0,uniform,1.0,0.75,100,3.0,,0.001,,0.7917953793943614,0.7832995995168212,0.7936865607276674,0.7911530108220817,0.8598206424929875,0.8630109930625356,0.7315766570284239,1097,0.8558899318459966,403,0.9419066995340042,268,0.6411024024994613,0.7616301422529796,0.8573953619909501,0.8993074101321186,36.095523834228516,1.0230110883712769,-3.0519330501556396,0.6411864464474067,0.8022113022113022,814,0.8232875511531296,110,310,0.5231670141220093,4.538146018981934,49216,1068,17669,4d5e678,b9288cb03392952e,2.9.1+cu128,3.12.3
stageD_6749035511,"{""epochs"": 1000, ""eval_every"": 10, ""num_layers"": 1, ""patience"": 20, ""seed"": 3}",stageD/stageD_6749035511.json,stageD,,3,,sage,sage,multiplicity,1,64,1,0.001,0.5,1000,20,10,0.0,uniform,1.0,0.75,100,3.0,,0.001,,0.7913215843246453,0.7842938653153313,0.7931268683073647,0.7918465853026099,0.8574411099281342,0.8614417144967959,0.7300257386455038,1097,0.8575404488957256,403,0.9426474809211858,268,0.6344079939668175,0.7629190942339732,0.8610975421637186,0.8987581755333621,35.65547180175781,1.0219329595565796,-3.047642230987549,0.6381816499475215,0.8106879606879607,814,0.8238609317056491,120,320,0.5241382718086243,4.64582633972168,49216,1068,17669,4d5e678,b9288cb03392952e,2.9.1+cu128,3.12.3
stageD_5282246489,"{""epochs"": 1000, ""eval_every"": 10, ""num_layers"": 1, ""patience"": 20, ""seed"": 4}",stageD/stageD_5282246489.json,stageD,,4,,sage,sage,multiplicity,1,64,1,0.001,0.5,1000,20,10,0.0,uniform,1.0,0.75,100,3.0,,0.001,,0.7914936989414632,0.7848933008279813,0.7942336164800066,0.7915749238861506,0.8637271324297209,0.867308015058196,0.7297746424844392,1097,0.8577411495233711,403,0.9445089315864118,268,0.6310695432018961,0.7607034769664527,0.8622557589469355,0.9036886897983452,36.348854064941406,1.0135575532913208,-3.0610992908477783,0.6491391893916286,0.8067567567567568,814,0.8247244569960556,130,330,0.5216960310935974,4.78393030166626,49216,1068,17669,4d5e678,b9288cb03392952e,2.9.1+cu128,3.12.3
stageD_4197137610,"{""epochs"": 1000, ""eval_every"": 10, ""num_layers"": 2, ""patience"": 20, ""seed"": 0}",stageD/stageD_4197137610.json,stageD,,0,,sage,sage,multiplicity,1,64,2,0.001,0.5,1000,20,10,0.0,uniform,1.0,0.75,100,3.0,,0.001,,0.7886451700415635,0.7781634119618047,0.7902904962019615,0.7810919153112339,0.8498008845027742,0.8395801489909205,0.7307671683777641,1097,0.8499980350987503,403,0.933298017829405,268,0.6375107735401853,0.7684150080343851,0.8521968839983547,0.888420975722823,25.312204360961914,0.9804717898368835,-2.887683629989624,0.6516097418617388,0.7871007371007371,814,0.8147216302952159,100,300,0.5168696045875549,4.527280569076538,57472,1068,17669,4d5e678,b9288cb03392952e,2.9.1+cu128,3.12.3
stageD_0645660369,"{""epochs"": 1000, ""eval_every"": 10, ""num_layers"": 2, ""patience"": 20, ""seed"": 1}",stageD/stageD_0645660369.json,stageD,,1,,sage,sage,multiplicity,1,64,2,0.001,0.5,1000,20,10,0.0,uniform,1.0,0.75,100,3.0,,0.001,,0.7918964727380684,0.7775214051181276,0.7923459542187916,0.7811918190099011,0.8390981066112488,0.8271039453018134,0.741295161217141,1097,0.8419250979643623,403,0.923792378604714,268,0.6788299935358759,0.769142045958655,0.8449082167832167,0.8689722762498866,25.268402099609375,1.0077201128005981,-2.8632659912109375,0.5921518820078229,0.8006142506142506,814,0.8117618025148471,90,290,0.5187296867370605,4.311896085739136,57472,1068,17669,4d5e678,b9288cb03392952e,2.9.1+cu128,3.12.3
stageD_5470230599,"{""epochs"": 1000, ""eval_every"": 10, ""num_layers"": 2, ""patience"": 20, ""seed"": 2}",stageD/stageD_5470230599.json,stageD,,2,,sage,sage,multiplicity,1,64,2,0.001,0.5,1000,20,10,0.0,uniform,1.0,0.75,100,3.0,,0.001,,0.7850781106037961,0.7779179700738941,0.7879339975635224,0.7821581227671381,0.8557599532155362,0.8514322857612027,0.7203871521261194,1097,0.8585579870428797,403,0.9393825555480515,268,0.6022637901314372,0.7617016137777384,0.8724097593582889,0.8944008304024026,24.972288131713867,0.9725983738899231,-2.8994226455688477,0.7193409630935743,0.8061425061425062,814,0.8134263223337419,120,320,0.5159507989883423,4.842697858810425,57472,1068,17669,4d5e678,b9288cb03392952e,2.9.1+cu128,3.12.3
stageD_1766679129,"{""epochs"": 1000, ""eval_every"": 10, ""num_layers"": 2, ""patience"": 20, ""seed"": 3}",stageD/stageD_1766679129.json,stageD,,3,,sage,sage,multiplicity,1,64,2,0.001,0.5,1000,20,10,0.0,uniform,1.0,0.75,100,3.0,,0.001,,0.7928939697180648,0.7817006165364743,0.7916139872238488,0.7811304108742868,0.8411602828566164,0.8338558403925633,0.7372224536683756,1097,0.8528218788947151,403,0.9306577969879111,268,0.6575589851325144,0.765860517158095,0.8614819004524887,0.8799103588668634,23.860414505004883,0.9821788668632507,-2.8468103408813477,0.6420623316149475,0.7893120393120393,814,0.8111906948979489,90,290,0.5195764303207397,4.383340120315552,57472,1068,17669,4d5e678,b9288cb03392952e,2.9.1+cu128,3.12.3
stageD_9731841080,"{""epochs"": 1000, ""eval_every"": 10, ""num_layers"": 2, ""patience"": 20, ""seed"": 4}",stageD/stageD_9731841080.json,stageD,,4,,sage,sage,multiplicity,1,64,2,0.001,0.5,1000,20,10,0.0,uniform,1.0,0.75,100,3.0,,0.001,,0.7901161421756311,0.7788568606568083,0.7940917338916076,0.7866841660437023,0.8529005471837187,0.8484478030374932,0.7340355432545363,1097,0.8505075059227739,403,0.9288575504828798,268,0.6429150506356388,0.7665678387996727,0.8590253496503497,0.8843546241522134,24.8929443359375,0.970977246761322,-2.869805335998535,0.652816426331395,0.7981572481572482,814,0.8160767379913363,110,310,0.5163343548774719,4.598731279373169,57472,1068,17669,4d5e678,b9288cb03392952e,2.9.1+cu128,3.12.3
stageD_4731176471,"{""epochs"": 1000, ""eval_every"": 10, ""num_layers"": 3, ""patience"": 20, ""seed"": 0}",stageD/stageD_4731176471.json,stageD,,0,,sage,sage,multiplicity,1,64,3,0.001,0.5,1000,20,10,0.0,uniform,1.0,0.75,100,3.0,,0.001,,0.7887868926721402,0.7786668201278439,0.7899376292459204,0.7765966686787156,0.842230560645769,0.8238724479234033,0.7300329570156372,1097,0.8574702738510942,403,0.9260020598365639,268,0.6241502370178841,0.7758061495085716,0.8625694158782394,0.8837562607705409,19.182771682739258,0.9718946218490601,-2.7766692638397217,0.7159655366169257,0.8035626535626536,814,0.8137999674169172,130,330,0.5247316360473633,5.040111303329468,65728,1068,17669,4d5e678,b9288cb03392952e,2.9.1+cu128,3.12.3
stageD_4099984213,"{""epochs"": 1000, ""eval_every"": 10, ""num_layers"": 3, ""patience"": 20, ""seed"": 1}",stageD/stageD_4099984213.json,stageD,,1,,sage,sage,multiplicity,1,64,3,0.001,0.5,1000,20,10,0.0,uniform,1.0,0.75,100,3.0,,0.001,,0.7848338550091112,0.7665122744265593,0.7831864493970231,0.7655826646754045,0.8270846343236216,0.802543077425092,0.7355364486443902,1097,0.8347904011766951,403,0.9115008948470318,268,0.6555099924585218,0.7705234180147673,0.8409078054298642,0.8654841326628304,16.509090423583984,0.9690612554550171,-2.654613494873047,0.6309494599386007,0.818918918918919,814,0.8065347539941949,110,310,0.5218479037284851,4.730301380157471,65728,1068,17669,4d5e678,b9288cb03392952e,2.9.1+cu128,3.12.3
stageD_5431732942,"{""epochs"": 1000, ""eval_every"": 10, ""num_layers"": 3, ""patience"": 20, ""seed"": 2}",stageD/stageD_5431732942.json,stageD,,2,,sage,sage,multiplicity,1,64,3,0.001,0.5,1000,20,10,0.0,uniform,1.0,0.75,100,3.0,,0.001,,0.7869425789807745,0.7708886767433387,0.7891541558321902,0.7751340333697139,0.8323107762945067,0.8132915850504937,0.7363490308822499,1097,0.838772834959523,403,0.9160975383264672,268,0.6573152337858221,0.7728351521604117,0.8467721616618676,0.8639888540648399,17.693368911743164,0.9692832827568054,-2.704326868057251,0.6275302616468655,0.7976658476658478,814,0.8076126686802974,110,310,0.520791232585907,4.761526823043823,65728,1068,17669,4d5e678,b9288cb03392952e,2.9.1+cu128,3.12.3
stageD_8101829354,"{""epochs"": 1000, ""eval_every"": 10, ""num_layers"": 3, ""patience"": 20, ""seed"": 3}",stageD/stageD_8101829354.json,stageD,,3,,sage,sage,multiplicity,1,64,3,0.001,0.5,1000,20,10,0.0,uniform,1.0,0.75,100,3.0,,0.001,,0.7923334775086505,0.7741312912746823,0.7835842645011364,0.7664206948701053,0.8307585455866996,0.8123180533388815,0.7415075875382058,1097,0.8453271841280893,403,0.9206899608293375,268,0.666273432449903,0.7715203225583847,0.8511787844508434,0.8738624797186307,18.895572662353516,0.9769594073295593,-2.743530750274658,0.6137382382148535,0.8014742014742016,814,0.808224088362445,100,300,0.5192262530326843,4.625391483306885,65728,1068,17669,4d5e678,b9288cb03392952e,2.9.1+cu128,3.12.3
stageD_6727515551,"{""epochs"": 1000, ""eval_every"": 10, ""num_layers"": 3, ""patience"": 20, ""seed"": 4}",stageD/stageD_6727515551.json,stageD,,4,,sage,sage,multiplicity,1,64,3,0.001,0.5,1000,20,10,0.0,uniform,1.0,0.75,100,3.0,,0.001,,0.787596806474069,0.7743157460856332,0.787466920722344,0.7716986001639566,0.8325663888945763,0.8111919535859385,0.7375467647265063,1097,0.8399124776843357,403,0.9137971060984669,268,0.6570714824391295,0.7698764774889342,0.8470433977786919,0.8695517439458222,18.397796630859375,0.955908477306366,-2.68182373046875,0.6231580521902157,0.8057739557739559,814,0.8063824172429022,100,300,0.532684326171875,4.628095865249634,65728,1068,17669,4d5e678,b9288cb03392952e,2.9.1+cu128,3.12.3
stageD_8408300368,"{""epochs"": 1000, ""eval_every"": 10, ""num_layers"": 4, ""patience"": 20, ""seed"": 0}",stageD/stageD_8408300368.json,stageD,,0,,sage,sage,multiplicity,1,64,4,0.001,0.5,1000,20,10,0.0,uniform,1.0,0.75,100,3.0,,0.001,,0.7799706573370734,0.7723340353415215,0.7794904639544644,0.7645469331068908,0.8445366725701768,0.8274020757382815,0.7170450467544146,1097,0.8559025633540303,403,0.92336183899507,268,0.5698367808661926,0.7819453070318122,0.8696498354586589,0.8866321841397171,15.728545188903809,0.9327073097229004,-2.7041447162628174,0.761017842536697,0.8076167076167076,814,0.8128745446825575,200,400,0.5234385132789612,6.258366107940674,73984,1068,17669,4d5e678,b9288cb03392952e,2.9.1+cu128,3.12.3
stageD_0655766545,"{""epochs"": 1000, ""eval_every"": 10, ""num_layers"": 4, ""patience"": 20, ""seed"": 1}",stageD/stageD_0655766545.json,stageD,,1,,sage,sage,multiplicity,1,64,4,0.001,0.5,1000,20,10,0.0,uniform,1.0,0.75,100,3.0,,0.001,,0.7840460627341783,0.7659861024423369,0.7779059217665486,0.7537555042046782,0.8275784241211277,0.8014241838025276,0.7379138704075698,1097,0.831192526638447,403,0.9019825926926455,268,0.6593123787976729,0.774943562140794,0.8415196935417524,0.8537070815991292,14.135175704956055,0.9111124873161316,-2.545064926147461,0.6062520937434878,0.808968058968059,814,0.8053270616931651,150,350,0.5274553894996643,5.48295259475708,73984,1068,17669,4d5e678,b9288cb03392952e,2.9.1+cu128,3.12.3
stageD_4011682334,"{""epochs"": 1000, ""eval_every"": 10, ""num_layers"": 4, ""patience"": 20, ""seed"": 2}",stageD/stageD_4011682334.json,stageD,,2,,sage,sage,multiplicity,1,64,4,0.001,0.5,1000,20,10,0.0,uniform,1.0,0.75,100,3.0,,0.001,,0.7835633100264121,0.7741503810952606,0.7780709982391844,0.763927566430635,0.8352066527098134,0.8226230418912486,0.7236544958071581,1097,0.8554366010576783,403,0.9207089552238806,268,0.5925608705020469,0.7795867467147745,0.8662561703002879,0.8852590976428263,16.304840087890625,0.9581877589225769,-2.699143886566162,0.6613458730511959,0.8238329238329237,814,0.8084139335579564,190,390,0.5229331851005554,6.090397596359253,73984,1068,17669,4d5e678,b9288cb03392952e,2.9.1+cu128,3.12.3
stageD_0989957689,"{""epochs"": 1000, ""eval_every"": 10, ""num_layers"": 4, ""patience"": 20, ""seed"": 3}",stageD/stageD_0989957689.json,stageD,,3,,sage,sage,multiplicity,1,64,4,0.001,0.5,1000,20,10,0.0,uniform,1.0,0.75,100,3.0,,0.001,,0.7829657076022194,0.7687085098135251,0.7801536490858091,0.7626025820573687,0.8310787811469873,0.8115259224570217,0.72892184361298,1097,0.8434857909569631,403,0.9131766225433918,268,0.6250781081663435,0.7718604284348228,0.8563091320444262,0.8701349907789053,15.208672523498535,0.9425424337387085,-2.6577539443969727,0.6891504807346476,0.8108108108108109,814,0.8060656030599601,160,360,0.524689793586731,5.602333307266235,73984,1068,17669,4d5e678,b9288cb03392952e,2.9.1+cu128,3.12.3
stageD_9033810710,"{""epochs"": 1000, ""eval_every"": 10, ""num_layers"": 4, ""patience"": 20, ""seed"": 4}",stageD/stageD_9033810710.json,stageD,,4,,sage,sage,multiplicity,1,64,4,0.001,0.5,1000,20,10,0.0,uniform,1.0,0.75,100,3.0,,0.001,,0.7860602516328494,0.7743110577955998,0.7777232499334576,0.7622568324207291,0.8371693351896972,0.815023052606703,0.7311801622689605,1097,0.8468794561153341,403,0.9192442763557778,268,0.6174033074768369,0.7739885546978972,0.865554298642534,0.8782639147829767,16.196542739868164,0.9616411924362183,-2.695457935333252,0.7218549864907027,0.7952088452088452,814,0.8075125168286726,160,360,0.5250852108001709,5.574745178222656,73984,1068,17669,4d5e678,b9288cb03392952e,2.9.1+cu128,3.12.3
stageD_9751435678,"{""backbone"": ""sage"", ""epochs"": 1000, ""eval_every"": 10, ""patience"": 20, ""seed"": 0}",stageD/stageD_9751435678.json,stageD,,0,,sage,sage,multiplicity,1,64,2,0.001,0.5,1000,20,10,0.0,uniform,1.0,0.75,100,3.0,,0.001,,0.7886458098728528,0.7781644697491648,0.7902904962019615,0.7810919153112339,0.8498012044184189,0.8395804333471222,0.7307681995734976,1097,0.8499980350987503,403,0.933298017829405,268,0.6375121202327084,0.7684162403020534,0.8521968839983547,0.888420975722823,25.312204360961914,0.9804717898368835,-2.887683629989624,0.6516097418617388,0.7871007371007371,814,0.8147216578307797,100,300,0.5168473124504089,4.489482402801514,57472,1068,17669,4d5e678,b9288cb03392952e,2.9.1+cu128,3.12.3
stageD_1328037976,"{""backbone"": ""sage"", ""epochs"": 1000, ""eval_every"": 10, ""patience"": 20, ""seed"": 1}",stageD/stageD_1328037976.json,stageD,,1,,sage,sage,multiplicity,1,64,2,0.001,0.5,1000,20,10,0.0,uniform,1.0,0.75,100,3.0,,0.001,,0.7918964727380684,0.7775215455803561,0.7923459542187916,0.7811918190099011,0.8390981066112487,0.8271040411389179,0.741295161217141,1097,0.8419250979643623,403,0.923792378604714,268,0.6788299935358759,0.769142045958655,0.8449082167832167,0.8689722762498866,25.26839828491211,1.0077202320098877,-2.8632659912109375,0.5921518820078229,0.8006142506142506,814,0.8117617975083808,90,290,0.518718957901001,4.40259575843811,57472,1068,17669,4d5e678,b9288cb03392952e,2.9.1+cu128,3.12.3
stageD_6196298347,"{""backbone"": ""sage"", ""epochs"": 1000, ""eval_every"": 10, ""patience"": 20, ""seed"": 2}",stageD/stageD_6196298347.json,stageD,,2,,sage,sage,multiplicity,1,64,2,0.001,0.5,1000,20,10,0.0,uniform,1.0,0.75,100,3.0,,0.001,,0.7850573160868941,0.7778989273549758,0.7879164022030671,0.7821854378126993,0.8558610465592433,0.8515375411811075,0.7203340455458532,1097,0.8585650045473429,403,0.9394522016613763,268,0.6018611290670115,0.7618100533325447,0.8723249177293295,0.8946678894274859,24.985307693481445,0.9728708267211914,-2.9004290103912354,0.7197909239360171,0.8061425061425062,814,0.8134393541650686,120,320,0.5159789323806763,4.852041959762573,57472,1068,17669,4d5e678,b9288cb03392952e,2.9.1+cu128,3.12.3
stageD_1677984752,"{""backbone"": ""sage"", ""epochs"": 1000, ""eval_every"": 10, ""patience"": 20, ""seed"": 3}",stageD/stageD_1677984752.json,stageD,,3,,sage,sage,multiplicity,1,64,2,0.001,0.5,1000,20,10,0.0,uniform,1.0,0.75,100,3.0,,0.001,,0.7929669104850433,0.7817141767491481,0.7916477383243586,0.7811154480985634,0.8412143486005611,0.8339071540259427,0.7373157768822416,1097,0.8528850364348832,403,0.9306620179644762,268,0.657735401853049,0.7658679107641045,0.8615975935828878,0.8799116185792459,23.860767364501953,0.9820544123649597,-2.8466804027557373,0.6420511099697681,0.7893120393120393,814,0.8111988729603663,90,290,0.5196647644042969,4.342968463897705,57472,1068,17669,4d5e678,b9288cb03392952e,2.9.1+cu128,3.12.3
stageD_6048121498,"{""backbone"": ""sage"", ""epochs"": 1000, ""eval_every"": 10, ""patience"": 20, ""seed"": 4}",stageD/stageD_6048121498.json,stageD,,4,,sage,sage,multiplicity,1,64,2,0.001,0.5,1000,20,10,0.0,uniform,1.0,0.75,100,3.0,,0.001,,0.7901183815851436,0.7788712759621366,0.794097492373211,0.7866966270250215,0.8528935090395364,0.848451577634336,0.7340417304289362,1097,0.8505046989209885,403,0.928851219018032,268,0.6429365977160095,0.7665666065320045,0.8590317770464829,0.8843382478912416,24.893051147460938,0.9709946513175964,-2.869821548461914,0.6528234947347104,0.7981572481572482,814,0.8160822901622706,110,310,0.5163143873214722,4.686742544174194,57472,1068,17669,4d5e678,b9288cb03392952e,2.9.1+cu128,3.12.3
stageD_5465950466,"{""backbone"": ""wsage"", ""epochs"": 1000, ""eval_every"": 10, ""patience"": 20, ""seed"": 0}",stageD/stageD_5465950466.json,stageD,,0,,wsage,wsage,multiplicity,1,64,2,0.001,0.5,1000,20,10,0.0,uniform,1.0,0.75,100,3.0,,0.001,,0.7836599245510943,0.7710565925960988,0.786920984674761,0.78114093695693,0.8512846532626277,0.846281580153758,0.7214632048738435,1097,0.8535306468454913,403,0.9331819409738636,268,0.6036091359620771,0.7690188191918295,0.8621015014397366,0.8901795342087495,25.80397605895996,0.9752978682518005,-2.8958539962768555,0.7015989353561797,0.8054054054054053,814,0.8130678168041325,100,300,0.5165876150131226,5.085849761962891,57472,1068,17669,4d5e678,b9288cb03392952e,2.9.1+cu128,3.12.3
stageD_3701541163,"{""backbone"": ""wsage"", ""epochs"": 1000, ""eval_every"": 10, ""patience"": 20, ""seed"": 1}",stageD/stageD_3701541163.json,stageD,,1,,wsage,wsage,multiplicity,1,64,2,0.001,0.5,1000,20,10,0.0,uniform,1.0,0.75,100,3.0,,0.001,,0.7905441893081632,0.7796211872791917,0.7904229412788436,0.7790676475192397,0.8464296134395283,0.8363830169824785,0.735197700845993,1097,0.849036636987301,403,0.9291361349361789,268,0.650793201896143,0.7693207247705518,0.8563888317564787,0.8784402745165225,25.296531677246094,0.9927101135253906,-2.875617027282715,0.6385242578731797,0.797911547911548,814,0.8105852203943265,100,300,0.5196816325187683,5.152076482772827,57472,1068,17669,4d5e678,b9288cb03392952e,2.9.1+cu128,3.12.3
stageD_8866592623,"{""backbone"": ""wsage"", ""epochs"": 1000, ""eval_every"": 10, ""patience"": 20, ""seed"": 2}",stageD/stageD_8866592623.json,stageD,,2,,wsage,wsage,multiplicity,1,64,2,0.001,0.5,1000,20,10,0.0,uniform,1.0,0.75,100,3.0,,0.001,,0.7890060348887206,0.7793213172383543,0.7878661754468581,0.7756276768123513,0.8491728900923405,0.8389395373586634,0.732266526974018,1097,0.8495994408452443,403,0.9301407273586817,268,0.6415831717302305,0.7669917388775521,0.8552216166186754,0.8845234256114644,24.0803165435791,0.9650830030441284,-2.838590621948242,0.6559165500905055,0.792137592137592,814,0.81011061741848,90,290,0.5185220241546631,4.9064319133758545,57472,1068,17669,4d5e678,b9288cb03392952e,2.9.1+cu128,3.12.3
stageD_0341167150,"{""backbone"": ""wsage"", ""epochs"": 1000, ""eval_every"": 10, ""patience"": 20, ""seed"": 3}",stageD/stageD_0341167150.json,stageD,,3,,wsage,wsage,multiplicity,1,64,2,0.001,0.5,1000,20,10,0.0,uniform,1.0,0.75,100,3.0,,0.001,,0.7935760298724432,0.7891646861312771,0.7925478209905612,0.782618167330292,0.8401714235990255,0.8293210677907348,0.7376452439190387,1097,0.8507334695664867,403,0.9365671641791045,268,0.6547403576815343,0.7730594248760341,0.8549272418757713,0.88429667738262,24.11066246032715,0.9892359375953674,-2.8526999950408936,0.6224065176490368,0.7954545454545454,814,0.8117620603478526,90,290,0.5202202796936035,4.960989236831665,57472,1068,17669,4d5e678,b9288cb03392952e,2.9.1+cu128,3.12.3
stageD_5005676225,"{""backbone"": ""wsage"", ""epochs"": 1000, ""eval_every"": 10, ""patience"": 20, ""seed"": 4}",stageD/stageD_5005676225.json,stageD,,4,,wsage,wsage,multiplicity,1,64,2,0.001,0.5,1000,20,10,0.0,uniform,1.0,0.75,100,3.0,,0.001,,0.7885178436149956,0.7749087126761197,0.7917064428451506,0.7809886582288096,0.8423375724289018,0.8314950473639173,0.7343639790956001,1097,0.8435166679766009,403,0.9274815121226448,268,0.6497629821159232,0.7654230621358651,0.8518433772110242,0.8798637495087122,24.50286293029785,0.9960113167762756,-2.861147403717041,0.6369124390529184,0.8065110565110565,814,0.8109186009736806,100,300,0.5207041501998901,5.137106657028198,57472,1068,17669,4d5e678,b9288cb03392952e,2.9.1+cu128,3.12.3
stageD_0820654619,"{""backbone"": ""gat"", ""epochs"": 1000, ""eval_every"": 10, ""patience"": 20, ""seed"": 0}",stageD/stageD_0820654619.json,stageD,,0,,gat,gat,multiplicity,1,64,2,0.001,0.5,1000,20,10,0.0,uniform,1.0,0.75,100,3.0,,0.001,,0.8062178164861491,0.7940901073323356,0.7908349926291436,0.774055010093557,0.8302198076411211,0.8149980441996185,0.7734731084776665,1097,0.8414998371938963,403,0.8871965117849667,268,0.724892264598147,0.8294960518143909,0.8411764705882354,0.8242361104112709,16.40379524230957,0.9694505333900452,-2.649012804031372,0.6172701822657893,0.8476658476658476,814,0.8237546519394857,130,330,0.5297672748565674,6.449954032897949,115840,1068,17669,4d5e678,b9288cb03392952e,2.9.1+cu128,3.12.3
stageD_7002856524,"{""backbone"": ""gat"", ""epochs"": 1000, ""eval_every"": 10, ""patience"": 20, ""seed"": 1}",stageD/stageD_7002856524.json,stageD,,1,,gat,gat,multiplicity,1,64,2,0.001,0.5,1000,20,10,0.0,uniform,1.0,0.75,100,3.0,,0.001,,0.8079127295714665,0.7952069678177522,0.794294560410311,0.7787627581839291,0.8303266594664319,0.8201062042689293,0.7720598547251452,1097,0.848323658533847,403,0.8939015330586885,268,0.7159758134022839,0.830073985350802,0.8499948580830933,0.8300181902468029,16.770977020263672,0.9704150557518005,-2.6876955032348633,0.5421012722992283,0.8496314496314498,814,0.8278821903823994,260,460,0.5253514051437378,8.763447284698486,115840,1068,17669,4d5e678,b9288cb03392952e,2.9.1+cu128,3.12.3
stageD_3968326629,"{""backbone"": ""gat"", ""epochs"": 1000, ""eval_every"": 10, ""patience"": 20, ""seed"": 2}",stageD/stageD_3968326629.json,stageD,,2,,gat,gat,multiplicity,1,64,2,0.001,0.5,1000,20,10,0.0,uniform,1.0,0.75,100,3.0,,0.001,,0.8085503214512397,0.7985367441673004,0.7921626425544113,0.7789229103488731,0.7946362303187895,0.7920723713345668,0.7798361017501454,1097,0.8396023039870654,403,0.8793919261160262,268,0.7488243374272785,0.8439283707449796,0.8358725832990539,0.801478146509589,17.860685348510742,1.1670598983764648,-2.8729546070098877,-0.20587898662988677,0.8484029484029483,814,0.8288597729840965,250,450,0.5228378772735596,8.862743377685547,115840,1068,17669,4d5e678,b9288cb03392952e,2.9.1+cu128,3.12.3
stageD_1184154509,"{""backbone"": ""gat"", ""epochs"": 1000, ""eval_every"": 10, ""patience"": 20, ""seed"": 3}",stageD/stageD_1184154509.json,stageD,,3,,gat,gat,multiplicity,1,64,2,0.001,0.5,1000,20,10,0.0,uniform,1.0,0.75,100,3.0,,0.001,,0.8026849880223582,0.7922955494024362,0.7917272373620524,0.7778473701585285,0.831340472144305,0.8184546838480633,0.7624795307646934,1097,0.8495096167881163,403,0.8968456642128723,268,0.6920922215039863,0.8211991936040379,0.8538345845331139,0.8370839170000705,17.08264923095703,0.9982792139053345,-2.7524306774139404,0.6221831719723726,0.8445945945945946,814,0.8280906345995702,180,380,0.5290386080741882,7.277891397476196,115840,1068,17669,4d5e678,b9288cb03392952e,2.9.1+cu128,3.12.3
stageD_5461845247,"{""backbone"": ""gat"", ""epochs"": 1000, ""eval_every"": 10, ""patience"": 20, ""seed"": 4}",stageD/stageD_5461845247.json,stageD,,4,,gat,gat,multiplicity,1,64,2,0.001,0.5,1000,20,10,0.0,uniform,1.0,0.75,100,3.0,,0.001,,0.809731450011261,0.8006583124438634,0.7978357066808623,0.7859774490371945,0.8236500199627362,0.8223625282298963,0.7677293482430487,1097,0.8615306019334629,403,0.9037659552914162,268,0.6954791531997415,0.8350005914884807,0.8605589263677499,0.8409638311380746,20.408376693725586,1.1064285039901733,-2.9661686420440674,0.3124699663007719,0.8401719901719903,814,0.8362867503338274,570,770,0.5245003700256348,14.517369270324707,115840,1068,17669,4d5e678,b9288cb03392952e,2.9.1+cu128,3.12.3
stageD_1883917160,"{""backbone"": ""gcn"", ""epochs"": 1000, ""eval_every"": 10, ""patience"": 20, ""seed"": 0}",stageD/stageD_1883917160.json,stageD,,0,,gcn,gcn,multiplicity,1,64,2,0.001,0.5,1000,20,10,0.0,uniform,1.0,0.75,100,3.0,,0.001,,0.7647151599066357,0.7643179065224451,0.7709439175078316,0.781666176809682,0.8739881068159947,0.8799032830179067,0.68008132009553,1097,0.8742757935394048,403,0.9463957081110286,268,0.46138628528334413,0.7651396405721665,0.8989189119703824,0.9165050035775831,28.33803939819336,0.856214165687561,-2.9076645374298096,0.9129222745491453,0.8030712530712532,814,0.8036668824804019,290,490,0.5192025899887085,7.219444513320923,28800,1068,17669,4d5e678,b9288cb03392952e,2.9.1+cu128,3.12.3
stageD_6694228900,"{""backbone"": ""gcn"", ""epochs"": 1000, ""eval_every"": 10, ""patience"": 20, ""seed"": 1}",stageD/stageD_6694228900.json,stageD,,1,,gcn,gcn,multiplicity,1,64,2,0.001,0.5,1000,20,10,0.0,uniform,1.0,0.75,100,3.0,,0.001,,0.7698181343543334,0.7709060260158218,0.7738426731639401,0.784303834786996,0.8771645492516535,0.8857308447420467,0.6854466314960175,1097,0.8786996283529636,403,0.9514461065712163,268,0.46912842059900883,0.765996066601603,0.9042420814479638,0.9232646202219109,31.781888961791992,0.8846508860588074,-2.999110698699951,0.9119059584851191,0.8297297297297298,814,0.8101308485480966,950,1000,0.518798291683197,14.628455877304077,28800,1068,17669,4d5e678,b9288cb03392952e,2.9.1+cu128,3.12.3
stageD_3044856810,"{""backbone"": ""gcn"", ""epochs"": 1000, ""eval_every"": 10, ""patience"": 20, ""seed"": 2}",stageD/stageD_3044856810.json,stageD,,2,,gcn,gcn,multiplicity,1,64,2,0.001,0.5,1000,20,10,0.0,uniform,1.0,0.75,100,3.0,,0.001,,0.7646793293544357,0.7654868717105474,0.7716810031530885,0.7826878715164838,0.867545325648533,0.8767659409365773,0.6793630922672695,1097,0.8744498276500904,403,0.948837543053961,268,0.46087454212454215,0.7587601908536165,0.9014757301522006,0.9208585695713956,29.69087028503418,0.8965156674385071,-2.9759585857391357,0.9109642061618283,0.7866093366093365,814,0.8037591090961487,270,470,0.519048810005188,6.963387966156006,28800,1068,17669,4d5e678,b9288cb03392952e,2.9.1+cu128,3.12.3
stageD_6731603026,"{""backbone"": ""gcn"", ""epochs"": 1000, ""eval_every"": 10, ""patience"": 20, ""seed"": 3}",stageD/stageD_6731603026.json,stageD,,3,,gcn,gcn,multiplicity,1,64,2,0.001,0.5,1000,20,10,0.0,uniform,1.0,0.75,100,3.0,,0.001,,0.7702237873917406,0.7709979585617663,0.7736075351651277,0.7865880031427058,0.8782676183943818,0.8862422525719814,0.6856899936890822,1097,0.8792961162323298,403,0.9522290977240494,268,0.46988391510450334,0.764336202052465,0.9054632867132869,0.9246553426921564,32.19744110107422,0.8922010660171509,-3.0124895572662354,0.9250490345716796,0.8229729729729731,814,0.8106957756825618,1000,1000,0.5175368785858154,14.69439435005188,28800,1068,17669,4d5e678,b9288cb03392952e,2.9.1+cu128,3.12.3
stageD_4745251376,"{""backbone"": ""gcn"", ""epochs"": 1000, ""eval_every"": 10, ""patience"": 20, ""seed"": 4}",stageD/stageD_4745251376.json,stageD,,4,,gcn,gcn,multiplicity,1,64,2,0.001,0.5,1000,20,10,0.0,uniform,1.0,0.75,100,3.0,,0.001,,0.7704598851374869,0.7709059982000943,0.7739095355336705,0.7853755638805309,0.8789551171147191,0.8864684073235298,0.6864984511440085,1097,0.8784568226985392,403,0.9517394644424935,268,0.4693223443223443,0.7659504726978775,0.9061471616618676,0.9237899202854004,31.91054916381836,0.8814722299575806,-2.9991986751556396,0.9218562922122565,0.8183046683046685,814,0.8110356321258503,940,1000,0.5161900520324707,14.648279666900635,28800,1068,17669,4d5e678,b9288cb03392952e,2.9.1+cu128,3.12.3
stageC_6348834599,"{""epochs"": 1000, ""eval_every"": 10, ""lr"": 0.0003, ""patience"": 20, ""seed"": 0, ""temperature"": 0.05}",stageC/stageC_6348834599.json,stageC,,0,,sage,sage,multiplicity,1,64,2,0.0003,0.05,1000,20,10,0.0,uniform,1.0,0.75,100,3.0,,0.001,,0.7368466682705105,0.7191324945505437,0.7462646649331505,0.7306585598666699,0.7615793467578469,0.7392875817197004,0.6854208516026844,1097,0.7773710744080033,403,0.8864092996555684,268,0.6402593729799612,0.7124799140370075,0.766185468942822,0.8233543117435426,50.27338409423828,1.6776427030563354,-3.7550904750823975,0.6725579440709287,0.6773955773955773,814,0.8224434659706918,410,610,0.7007543444633484,9.09843921661377,57472,1068,17669,4d5e678,b9288cb03392952e,2.9.1+cu128,3.12.3
stageC_1837680348,"{""epochs"": 1000, ""eval_every"": 10, ""lr"": 0.0003, ""patience"": 20, ""seed"": 1, ""temperature"": 0.05}",stageC/stageC_1837680348.json,stageC,,1,,sage,sage,multiplicity,1,64,2,0.0003,0.05,1000,20,10,0.0,uniform,1.0,0.75,100,3.0,,0.001,,0.7378377669376139,0.722579341711291,0.7506468694334677,0.7359588348511719,0.7734792489916259,0.7513645254293597,0.6869593956368046,1097,0.7776152835633204,403,0.8862826703586142,268,0.6227079293255764,0.7030616922485434,0.7811703002879473,0.8386182466819175,54.72858428955078,1.69708251953125,-3.7939705848693848,0.7288364824800195,0.6762899262899262,814,0.8418058435462614,590,790,0.6651504635810852,11.510216474533081,57472,1068,17669,4d5e678,b9288cb03392952e,2.9.1+cu128,3.12.3
stageC_8886794389,"{""epochs"": 1000, ""eval_every"": 10, ""lr"": 0.0003, ""patience"": 20, ""seed"": 2, ""temperature"": 0.05}",stageC/stageC_8886794389.json,stageC,,2,,sage,sage,multiplicity,1,64,2,0.0003,0.05,1000,20,10,0.0,uniform,1.0,0.75,100,3.0,,0.001,,0.7525369310620176,0.7464735290928615,0.7495975461190393,0.7502866852027993,0.7951429766999039,0.782639396284404,0.6798730185573983,1097,0.8336570742058991,403,0.9279880293104612,268,0.6015082956259428,0.6929312197478288,0.8145207733443027,0.8940027612895424,57.016963958740234,1.6785235404968262,-3.810058116912842,0.8529898890444251,0.6873464373464373,814,0.8725682974474098,1000,1000,0.6510525941848755,14.5513756275177,57472,1068,17669,4d5e678,b9288cb03392952e,2.9.1+cu128,3.12.3
stageC_9268006011,"{""epochs"": 1000, ""eval_every"": 10, ""lr"": 0.0003, ""patience"": 20, ""seed"": 0, ""temperature"": 0.1}",stageC/stageC_9268006011.json,stageC,,0,,sage,sage,multiplicity,1,64,2,0.0003,0.1,1000,20,10,0.0,uniform,1.0,0.75,100,3.0,,0.001,,0.7715936661821012,0.7664936772930291,0.7786599629409717,0.7722402814020929,0.820922099260867,0.8106359748778124,0.703710654726795,1097,0.8436008780301582,403,0.9411785810765179,268,0.6036683904330963,0.7357106241189286,0.833381324557795,0.9048060546815951,49.19625473022461,1.5581421852111816,-3.7272629737854004,0.7929757216799045,0.7189189189189188,814,0.8706276985572101,530,730,0.5043450593948364,10.635998964309692,57472,1068,17669,4d5e678,b9288cb03392952e,2.9.1+cu128,3.12.3
stageC_8305510589,"{""epochs"": 1000, ""eval_every"": 10, ""lr"": 0.0003, ""patience"": 20, ""seed"": 1, ""temperature"": 0.1}",stageC/stageC_8305510589.json,stageC,,1,,sage,sage,multiplicity,1,64,2,0.0003,0.1,1000,20,10,0.0,uniform,1.0,0.75,100,3.0,,0.001,,0.7722638894576278,0.762082470666351,0.7845284955262997,0.7800722058331966,0.8268430980119161,0.817296819851756,0.7060891076857079,1097,0.8407966832466905,403,0.940081127169582,268,0.6025519823313942,0.7341246956298859,0.8405530131633072,0.9030827681423778,51.267234802246094,1.5653003454208374,-3.743959903717041,0.7984803998376964,0.7221130221130221,814,0.8746818472131775,590,790,0.5032614469528198,11.502774000167847,57472,1068,17669,4d5e678,b9288cb03392952e,2.9.1+cu128,3.12.3
stageC_7773558482,"{""epochs"": 1000, ""eval_every"": 10, ""lr"": 0.0003, ""patience"": 20, ""seed"": 2, ""temperature"": 0.1}",stageC/stageC_7773558482.json,stageC,,2,,sage,sage,multiplicity,1,64,2,0.0003,0.1,1000,20,10,0.0,uniform,1.0,0.75,100,3.0,,0.001,,0.7777542817509878,0.7797183894248452,0.7847335614545157,0.7885208389850326,0.8364821563850043,0.836967509062865,0.7005242599108221,1097,0.8712021265845525,403,0.9533582089552238,268,0.5812553867700926,0.7294051104604737,0.858845382558618,0.931522034888994,52.580284118652344,1.5624433755874634,-3.7657129764556885,0.8952017869341548,0.7433660933660934,814,0.8975921921837761,970,1000,0.4933106005191803,14.374608516693115,57472,1068,17669,4d5e678,b9288cb03392952e,2.9.1+cu128,3.12.3
stageC_2601935538,"{""epochs"": 1000, ""eval_every"": 10, ""lr"": 0.0003, ""patience"": 20, ""seed"": 0, ""temperature"": 0.2}",stageC/stageC_2601935538.json,stageC,,0,,sage,sage,multiplicity,1,64,2,0.0003,0.2,1000,20,10,0.0,uniform,1.0,0.75,100,3.0,,0.001,,0.7914022030670953,0.7828065797601358,0.7989493330398639,0.794178989709902,0.8502839571261849,0.8416460661188973,0.7266181523447329,1097,0.8614828829031136,403,0.9511991794421557,268,0.6312311463046757,0.762379360995278,0.8531070032908269,0.910429410756936,40.01466751098633,1.3547992706298828,-3.529818296432495,0.7284290652374329,0.7589680589680591,814,0.8526062278365935,320,520,0.48248741030693054,7.7267515659332275,57472,1068,17669,4d5e678,b9288cb03392952e,2.9.1+cu128,3.12.3
stageC_7883460184,"{""epochs"": 1000, ""eval_every"": 10, ""lr"": 0.0003, ""patience"": 20, ""seed"": 1, ""temperature"": 0.2}",stageC/stageC_7883460184.json,stageC,,1,,sage,sage,multiplicity,1,64,2,0.0003,0.2,1000,20,10,0.0,uniform,1.0,0.75,100,3.0,,0.001,,0.7934957310456379,0.7863446113413122,0.8000687178804693,0.7930765840730825,0.8517712449581295,0.8457754472967969,0.7298896208087049,1097,0.8616513030102286,403,0.9513659080164787,268,0.6370838720103426,0.7654403138832204,0.856316844919786,0.9069236311965253,41.557010650634766,1.3563966751098633,-3.5416224002838135,0.721808161401609,0.771867321867322,814,0.8562381636814937,360,560,0.48239701986312866,8.18520212173462,57472,1068,17669,4d5e678,b9288cb03392952e,2.9.1+cu128,3.12.3
stageC_9661084148,"{""epochs"": 1000, ""eval_every"": 10, ""lr"": 0.0003, ""patience"": 20, ""seed"": 2, ""temperature"": 0.2}",stageC/stageC_9661084148.json,stageC,,2,,sage,sage,multiplicity,1,64,2,0.0003,0.2,1000,20,10,0.0,uniform,1.0,0.75,100,3.0,,0.001,,0.7921895154685611,0.787173689447991,0.7947306054339591,0.7997963731087961,0.867712001699392,0.8666480718418742,0.7186789763938675,1097,0.881964171429213,403,0.9580920341730262,268,0.580572613660849,0.7631778704443065,0.8828619909502262,0.930941307480676,41.686702728271484,1.3343404531478882,-3.5694730281829834,0.8457316105601839,0.7906633906633905,814,0.8683570984522915,510,710,0.4759979844093323,10.415002346038818,57472,1068,17669,4d5e678,b9288cb03392952e,2.9.1+cu128,3.12.3
stageC_3729711804,"{""epochs"": 1000, ""eval_every"": 10, ""lr"": 0.0003, ""patience"": 20, ""seed"": 0, ""temperature"": 0.5}",stageC/stageC_3729711804.json,stageC,,0,,sage,sage,multiplicity,1,64,2,0.0003,0.5,1000,20,10,0.0,uniform,1.0,0.75,100,3.0,,0.001,,0.7885642313834689,0.7817329524481469,0.7931054339591735,0.7876917660911089,0.8543260912962469,0.8493889158336454,0.7273250370199269,1097,0.8552751984550261,403,0.9389182481258864,268,0.6220359297565179,0.7684039176253707,0.8599907445495681,0.8949513247135414,27.80320167541504,0.9873729944229126,-2.943793296813965,0.6695647342279781,0.7958230958230957,814,0.8181999727658256,210,410,0.5238949060440063,6.115297079086304,57472,1068,17669,4d5e678,b9288cb03392952e,2.9.1+cu128,3.12.3
stageC_6393220515,"{""epochs"": 1000, ""eval_every"": 10, ""lr"": 0.0003, ""patience"": 20, ""seed"": 1, ""temperature"": 0.5}",stageC/stageC_6393220515.json,stageC,,1,,sage,sage,multiplicity,1,64,2,0.0003,0.5,1000,20,10,0.0,uniform,1.0,0.75,100,3.0,,0.001,,0.7903525598370222,0.7794932775422518,0.7924236937204397,0.7838087249926761,0.8524033982719437,0.8487291143636994,0.7314183684833585,1097,0.8544106419051682,403,0.9352607719321941,268,0.6351863822452057,0.7708191622551483,0.8586551316330729,0.8885318304124802,28.50896453857422,1.0025875568389893,-2.9587364196777344,0.6564384823724265,0.8060196560196561,814,0.8191265144453646,230,430,0.5237566828727722,6.2878577709198,57472,1068,17669,4d5e678,b9288cb03392952e,2.9.1+cu128,3.12.3
stageC_2834181002,"{""epochs"": 1000, ""eval_every"": 10, ""lr"": 0.0003, ""patience"": 20, ""seed"": 2, ""temperature"": 0.5}",stageC/stageC_2834181002.json,stageC,,2,,sage,sage,multiplicity,1,64,2,0.0003,0.5,1000,20,10,0.0,uniform,1.0,0.75,100,3.0,,0.001,,0.7864799809586208,0.7806542568042312,0.788552394504617,0.7823279980475515,0.8571787790995271,0.8527099131082183,0.723520440361826,1097,0.8550885328363069,403,0.9410224049436078,268,0.6129269015298427,0.7602882027622512,0.8695624228712465,0.894181640447853,27.234752655029297,0.9823822975158691,-2.929135799407959,0.6912217152770654,0.8115479115479116,814,0.8144200282595988,230,430,0.5213450789451599,6.335977077484131,57472,1068,17669,4d5e678,b9288cb03392952e,2.9.1+cu128,3.12.3
stageC_5976739652,"{""epochs"": 1000, ""eval_every"": 10, ""lr"": 0.0003, ""patience"": 20, ""seed"": 0, ""temperature"": 1.0}",stageC/stageC_5976739652.json,stageC,,0,,sage,sage,multiplicity,1,64,2,0.0003,1.0,1000,20,10,0.0,uniform,1.0,0.75,100,3.0,,0.001,,0.7801296554124608,0.7699320569740886,0.7750270008804079,0.76186218827472,0.8230287437808399,0.8150032806945052,0.7331703700342769,1097,0.8279644745854059,403,0.9004166103869793,268,0.6772893772893773,0.7646097654748173,0.8286340497737557,0.8446610869806206,19.76259422302246,0.8306195735931396,-2.364882469177246,0.5238640277143577,0.7920147420147421,814,0.7892771123007776,120,320,0.5775501132011414,4.805629014968872,57472,1068,17669,4d5e678,b9288cb03392952e,2.9.1+cu128,3.12.3
stageC_7639262212,"{""epochs"": 1000, ""eval_every"": 10, ""lr"": 0.0003, ""patience"": 20, ""seed"": 1, ""temperature"": 1.0}",stageC/stageC_7639262212.json,stageC,,1,,sage,sage,multiplicity,1,64,2,0.0003,1.0,1000,20,10,0.0,uniform,1.0,0.75,100,3.0,,0.001,,0.7796705764623985,0.7638510746433687,0.7756916256321533,0.760879823388259,0.8236887297557381,0.8175914523500418,0.7307099370145645,1097,0.8312430526705815,403,0.9025292091578307,268,0.6657091682826978,0.7630336951271208,0.8361682435211847,0.8479136643521551,20.424468994140625,0.8314672112464905,-2.3917949199676514,0.545954203728101,0.8030712530712532,814,0.788891649454311,140,340,0.5783976316452026,5.062053918838501,57472,1068,17669,4d5e678,b9288cb03392952e,2.9.1+cu128,3.12.3
stageC_5493017693,"{""epochs"": 1000, ""eval_every"": 10, ""lr"": 0.0003, ""patience"": 20, ""seed"": 2, ""temperature"": 1.0}",stageC/stageC_5493017693.json,stageC,,2,,sage,sage,multiplicity,1,64,2,0.0003,1.0,1000,20,10,0.0,uniform,1.0,0.75,100,3.0,,0.001,,0.7715802297250262,0.7611342233924643,0.7713124603304601,0.7591074058263668,0.8290311610634508,0.8261500641322426,0.7161644055981555,1097,0.8299728843627545,403,0.9106060478152225,268,0.6281431803490627,0.746645767407013,0.8461088543809132,0.8582080339416903,19.589311599731445,0.815474271774292,-2.3941431045532227,0.5906612825162403,0.802088452088452,814,0.7852209410324953,150,350,0.5758276581764221,5.166576862335205,57472,1068,17669,4d5e678,b9288cb03392952e,2.9.1+cu128,3.12.3
stageC_2904022066,"{""epochs"": 1000, ""eval_every"": 10, ""lr"": 0.001, ""patience"": 20, ""seed"": 0, ""temperature"": 0.05}",stageC/stageC_2904022066.json,stageC,,0,,sage,sage,multiplicity,1,64,2,0.001,0.05,1000,20,10,0.0,uniform,1.0,0.75,100,3.0,,0.001,,0.7427308767224258,0.7245406839044999,0.74620676020147,0.7335748387603662,0.77863916842407,0.7498206841854365,0.6847536679632233,1097,0.793363967079483,403,0.9039094684946309,268,0.6244505494505496,0.7106881968473664,0.787347027972028,0.8424062018160013,50.45699691772461,1.647128939628601,-3.735445499420166,0.7100948651181809,0.673955773955774,814,0.8336808696956599,260,460,0.6703486442565918,6.761979579925537,57472,1068,17669,4d5e678,b9288cb03392952e,2.9.1+cu128,3.12.3
stageC_6485912666,"{""epochs"": 1000, ""eval_every"": 10, ""lr"": 0.001, ""patience"": 20, ""seed"": 1, ""temperature"": 0.05}",stageC/stageC_6485912666.json,stageC,,1,,sage,sage,multiplicity,1,64,2,0.001,0.05,1000,20,10,0.0,uniform,1.0,0.75,100,3.0,,0.001,,0.7567307052476404,0.7408193894298356,0.7604871547470363,0.7483202857035698,0.8024805619254315,0.7769792977104093,0.6941736409871431,1097,0.8220459113211995,403,0.9145779867630175,268,0.6083212131006248,0.718036208953164,0.8134846770876183,0.8794946537806487,55.05350875854492,1.6493055820465088,-3.7720322608947754,0.7872029226574893,0.6868550368550369,814,0.8587549717775742,420,620,0.6403861045837402,8.954908847808838,57472,1068,17669,4d5e678,b9288cb03392952e,2.9.1+cu128,3.12.3
stageC_0714968856,"{""epochs"": 1000, ""eval_every"": 10, ""lr"": 0.001, ""patience"": 20, ""seed"": 2, ""temperature"": 0.05}",stageC/stageC_0714968856.json,stageC,,2,,sage,sage,multiplicity,1,64,2,0.001,0.05,1000,20,10,0.0,uniform,1.0,0.75,100,3.0,,0.001,,0.7504283670481768,0.7392900628785335,0.7625893204479843,0.7576412307613619,0.8194213749718474,0.7955194995473729,0.6754053630427699,1097,0.8338100558031954,403,0.9321351387857095,268,0.5733664619694031,0.7025761787872514,0.8291263883175648,0.8878515857259471,55.63899612426758,1.6160210371017456,-3.755002737045288,0.8098691168166227,0.687960687960688,814,0.8653087588540418,510,710,0.6330692768096924,10.341824531555176,57472,1068,17669,4d5e678,b9288cb03392952e,2.9.1+cu128,3.12.3
stageC_0407282777,"{""epochs"": 1000, ""eval_every"": 10, ""lr"": 0.001, ""patience"": 20, ""seed"": 0, ""temperature"": 0.1}",stageC/stageC_0407282777.json,stageC,,0,,sage,sage,multiplicity,1,64,2,0.001,0.1,1000,20,10,0.0,uniform,1.0,0.75,100,3.0,,0.001,,0.7761236717102435,0.7734247702414166,0.7818735155914087,0.7762595432685506,0.8352440828402367,0.8316876382929305,0.7027820629689362,1097,0.8601972760854676,403,0.9499075606132236,268,0.5772853372118077,0.7315689724859274,0.8588350987248046,0.9266129357345131,52.19874954223633,1.5433629751205444,-3.7476181983947754,0.8581768984581093,0.7264127764127765,814,0.8950891518695431,530,730,0.47952336072921753,10.519399404525757,57472,1068,17669,4d5e678,b9288cb03392952e,2.9.1+cu128,3.12.3
stageC_4891946941,"{""epochs"": 1000, ""eval_every"": 10, ""lr"": 0.001, ""patience"": 20, ""seed"": 1, ""temperature"": 0.1}",stageC/stageC_4891946941.json,stageC,,1,,sage,sage,multiplicity,1,64,2,0.001,0.1,1000,20,10,0.0,uniform,1.0,0.75,100,3.0,,0.001,,0.7840978890686103,0.7776416550560108,0.7869742506295939,0.7866626025090635,0.8307470286234926,0.8224987211440131,0.7138648391128417,1097,0.8665453106228176,403,0.947602907408658,268,0.5966238418444301,0.7440358244856515,0.8617595639654463,0.924312700924125,53.2322883605957,1.5679365396499634,-3.76777982711792,0.8340056769778769,0.7428746928746929,814,0.8997805811084335,580,780,0.4811081886291504,11.333582162857056,57472,1068,17669,4d5e678,b9288cb03392952e,2.9.1+cu128,3.12.3
stageC_5198895381,"{""epochs"": 1000, ""eval_every"": 10, ""lr"": 0.001, ""patience"": 20, ""seed"": 2, ""temperature"": 0.1}",stageC/stageC_5198895381.json,stageC,,2,,sage,sage,multiplicity,1,64,2,0.001,0.1,1000,20,10,0.0,uniform,1.0,0.75,100,3.0,,0.001,,0.7726257140517189,0.7763393036074426,0.7909397650027641,0.7926054349796506,0.8282863974427224,0.8255482801843428,0.6959581252036612,1097,0.8665958366549521,403,0.9451420780711826,268,0.5702475220857574,0.7234384704107887,0.8621336384204032,0.9245016577814952,55.041412353515625,1.5831025838851929,-3.7744436264038086,0.8206212582269203,0.7358722358722358,814,0.9082258987005963,840,1000,0.4739736020565033,14.434184074401855,57472,1068,17669,4d5e678,b9288cb03392952e,2.9.1+cu128,3.12.3
stageC_4036169753,"{""epochs"": 1000, ""eval_every"": 10, ""lr"": 0.001, ""patience"": 20, ""seed"": 0, ""temperature"": 0.2}",stageC/stageC_4036169753.json,stageC,,0,,sage,sage,multiplicity,1,64,2,0.001,0.2,1000,20,10,0.0,uniform,1.0,0.75,100,3.0,,0.001,,0.7887555409389652,0.7761929013898221,0.7971440490571446,0.7879454481543324,0.8416788661165823,0.8237193193681176,0.7288481131180471,1097,0.8500471576299923,403,0.9418075065847233,268,0.6515217625511743,0.7671704176894488,0.8363777766351297,0.892523858952524,36.73511505126953,1.3435297012329102,-3.4646875858306885,0.6907967972005902,0.750982800982801,814,0.8395296962768749,140,340,0.48085296154022217,5.112290143966675,57472,1068,17669,4d5e678,b9288cb03392952e,2.9.1+cu128,3.12.3
stageC_1551750219,"{""epochs"": 1000, ""eval_every"": 10, ""lr"": 0.001, ""patience"": 20, ""seed"": 1, ""temperature"": 0.2}",stageC/stageC_1551750219.json,stageC,,1,,sage,sage,multiplicity,1,64,2,0.001,0.2,1000,20,10,0.0,uniform,1.0,0.75,100,3.0,,0.001,,0.7966638556745358,0.788043047287096,0.7999573872361336,0.7903885096949497,0.849624610982576,0.8413216469778607,0.7327362366305473,1097,0.8674702177110585,403,0.951863983251165,268,0.6376333225597932,0.7684260984433994,0.8643318078979845,0.9079780104606516,39.07278823852539,1.3443186283111572,-3.5206174850463867,0.7473615344213737,0.7714987714987716,814,0.8529739127218454,190,390,0.47730007767677307,5.83247971534729,57472,1068,17669,4d5e678,b9288cb03392952e,2.9.1+cu128,3.12.3
stageC_1228602709,"{""epochs"": 1000, ""eval_every"": 10, ""lr"": 0.001, ""patience"": 20, ""seed"": 2, ""temperature"": 0.2}",stageC/stageC_1228602709.json,stageC,,2,,sage,sage,multiplicity,1,64,2,0.001,0.2,1000,20,10,0.0,uniform,1.0,0.75,100,3.0,,0.001,,0.7945514526729592,0.7867400692355725,0.7941806704408181,0.7910041592330352,0.8520604487008865,0.8442859265400011,0.72576586907114,1097,0.8753733312374387,403,0.9545759606942662,268,0.6167717086834734,0.7666824396928202,0.8697166803784451,0.9156798919670661,38.11806106567383,1.3623895645141602,-3.5325069427490234,0.79279045355114,0.7891891891891891,814,0.8534401073378326,200,400,0.480320006608963,5.975955486297607,57472,1068,17669,4d5e678,b9288cb03392952e,2.9.1+cu128,3.12.3
stageC_2755161591,"{""epochs"": 1000, ""eval_every"": 10, ""lr"": 0.001, ""patience"": 20, ""seed"": 0, ""temperature"": 0.5}",stageC/stageC_2755161591.json,stageC,,0,,sage,sage,multiplicity,1,64,2,0.001,0.5,1000,20,10,0.0,uniform,1.0,0.75,100,3.0,,0.001,,0.7886451700415635,0.7781634119618047,0.7902904962019615,0.7810919153112339,0.8498008845027742,0.8395801489909205,0.7307671683777641,1097,0.8499980350987503,403,0.933298017829405,268,0.6375107735401853,0.7684150080343851,0.8521968839983547,0.888420975722823,25.312204360961914,0.9804717898368835,-2.887683629989624,0.6516097418617388,0.7871007371007371,814,0.8147216302952159,100,300,0.5168852806091309,4.549549341201782,57472,1068,17669,4d5e678,b9288cb03392952e,2.9.1+cu128,3.12.3
stageC_6048526245,"{""epochs"": 1000, ""eval_every"": 10, ""lr"": 0.001, ""patience"": 20, ""seed"": 1, ""temperature"": 0.5}",stageC/stageC_6048526245.json,stageC,,1,,sage,sage,multiplicity,1,64,2,0.001,0.5,1000,20,10,0.0,uniform,1.0,0.75,100,3.0,,0.001,,0.791893273581622,0.777509875047395,0.792350113122172,0.7811992838049797,0.8390977866956042,0.8271026134005123,0.7412925832278076,1097,0.8419180804598991,403,0.9237923786047141,268,0.6788192199956906,0.7691445104939916,0.8449005039078568,0.8689747956746514,25.268503189086914,1.0077067613601685,-2.8632562160491943,0.5921718195418076,0.8006142506142506,814,0.8117615847335705,90,290,0.5186470150947571,4.381944179534912,57472,1068,17669,4d5e678,b9288cb03392952e,2.9.1+cu128,3.12.3
stageC_0014436819,"{""epochs"": 1000, ""eval_every"": 10, ""lr"": 0.001, ""patience"": 20, ""seed"": 2, ""temperature"": 0.5}",stageC/stageC_0014436819.json,stageC,,2,,sage,sage,multiplicity,1,64,2,0.001,0.5,1000,20,10,0.0,uniform,1.0,0.75,100,3.0,,0.001,,0.7850928267234496,0.777920067663401,0.7879477539362421,0.7822235467028144,0.8558700041972933,0.8515534723787025,0.7204088072365192,1097,0.8585523730393092,403,0.939399439454312,268,0.6020779465632407,0.7617817111761749,0.8723981900452489,0.8945620735873585,24.980815887451172,0.972415030002594,-2.8997013568878174,0.7194016142360473,0.8065110565110565,814,0.8134334991029339,120,320,0.515910804271698,4.8069846630096436,57472,1068,17669,4d5e678,b9288cb03392952e,2.9.1+cu128,3.12.3
stageC_2342748111,"{""epochs"": 1000, ""eval_every"": 10, ""lr"": 0.001, ""patience"": 20, ""seed"": 0, ""temperature"": 1.0}",stageC/stageC_2342748111.json,stageC,,0,,sage,sage,multiplicity,1,64,2,0.001,1.0,1000,20,10,0.0,uniform,1.0,0.75,100,3.0,,0.001,,0.7760182595053335,0.7634105370929146,0.7729910577179009,0.7587856384304035,0.8201354266906902,0.8114024588861574,0.727462186052459,1097,0.8271574615721455,403,0.8978724167623422,268,0.6618455074337427,0.7612543006141621,0.8290775401069519,0.8459138709449859,16.869171142578125,0.8110223412513733,-2.2968356609344482,0.5387946362607086,0.7898034398034399,814,0.7875439513280574,70,270,0.571463406085968,4.103916168212891,57472,1068,17669,4d5e678,b9288cb03392952e,2.9.1+cu128,3.12.3
stageC_9845990414,"{""epochs"": 1000, ""eval_every"": 10, ""lr"": 0.001, ""patience"": 20, ""seed"": 1, ""temperature"": 1.0}",stageC/stageC_9845990414.json,stageC,,1,,sage,sage,multiplicity,1,64,2,0.001,1.0,1000,20,10,0.0,uniform,1.0,0.75,100,3.0,,0.001,,0.7783627613070987,0.7618725748762128,0.7743199873057472,0.759469594411446,0.8180402991339243,0.8084725667239043,0.7320339923361533,1097,0.8259069422768155,403,0.8965058755993787,268,0.6746996875673347,0.7628882875422668,0.8300352221308105,0.8405128541051508,17.339092254638672,0.8110640645027161,-2.292745590209961,0.5328005266649899,0.7998771498771499,814,0.7860806814345102,70,270,0.5736642479896545,4.102580308914185,57472,1068,17669,4d5e678,b9288cb03392952e,2.9.1+cu128,3.12.3
stageC_9320671241,"{""epochs"": 1000, ""eval_every"": 10, ""lr"": 0.001, ""patience"": 20, ""seed"": 2, ""temperature"": 1.0}",stageC/stageC_9320671241.json,stageC,,2,,sage,sage,multiplicity,1,64,2,0.001,1.0,1000,20,10,0.0,uniform,1.0,0.75,100,3.0,,0.001,,0.7740742920906615,0.7590409756672534,0.7714362676849368,0.7531953829415224,0.8176730359738743,0.8081832801647135,0.7272837891905939,1097,0.8212852138373962,403,0.8946085466333491,268,0.6659879336349925,0.7551878468833486,0.8314389654463185,0.8382718257767388,16.75888442993164,0.8033025860786438,-2.2628893852233887,0.5351013930622135,0.7920147420147421,814,0.7823623640230659,60,260,0.5719801783561707,3.9464709758758545,57472,1068,17669,4d5e678,b9288cb03392952e,2.9.1+cu128,3.12.3
stageC_4734690065,"{""epochs"": 1000, ""eval_every"": 10, ""lr"": 0.003, ""patience"": 20, ""seed"": 0, ""temperature"": 0.05}",stageC/stageC_4734690065.json,stageC,,0,,sage,sage,multiplicity,1,64,2,0.003,0.05,1000,20,10,0.0,uniform,1.0,0.75,100,3.0,,0.001,,0.7945217005180074,0.7842938697887875,0.7887360260846419,0.7736062333455815,0.8576919237935341,0.8335490031727062,0.722070063562905,1097,0.8810378608400795,403,0.9609897345849938,268,0.6127127774186598,0.7505914884807617,0.8675197963800905,0.9379616845881749,59.83594512939453,1.665860652923584,-3.6195569038391113,0.8326589759719292,0.6308353808353808,814,0.9032870724348385,1000,1000,0.5409359931945801,14.492307424545288,57472,1068,17669,4d5e678,b9288cb03392952e,2.9.1+cu128,3.12.3
stageC_8427758331,"{""epochs"": 1000, ""eval_every"": 10, ""lr"": 0.003, ""patience"": 20, ""seed"": 1, ""temperature"": 0.05}",stageC/stageC_8427758331.json,stageC,,1,,sage,sage,multiplicity,1,64,2,0.003,0.05,1000,20,10,0.0,uniform,1.0,0.75,100,3.0,,0.001,,0.7802269097684322,0.7814055176643815,0.7840674970823693,0.7747789790884381,0.8256363762003235,0.7931282791054952,0.7056137264526454,1097,0.8698940637526246,403,0.9508045181333153,268,0.5983503016591252,0.7314124744920592,0.8490423179761416,0.932822058067702,60.24229049682617,1.6704493761062622,-3.6610267162323,0.7840032345432374,0.6601965601965603,814,0.9054437153577888,980,1000,0.5650516748428345,14.464725255966187,57472,1068,17669,4d5e678,b9288cb03392952e,2.9.1+cu128,3.12.3
stageC_5500981706,"{""epochs"": 1000, ""eval_every"": 10, ""lr"": 0.003, ""patience"": 20, ""seed"": 2, ""temperature"": 0.05}",stageC/stageC_5500981706.json,stageC,,2,,sage,sage,multiplicity,1,64,2,0.003,0.05,1000,20,10,0.0,uniform,1.0,0.75,100,3.0,,0.001,,0.7869009899469708,0.7735510186139056,0.7949675029688172,0.7804017789153692,0.8628803157183516,0.8268876440414321,0.7238323770711568,1097,0.8567067693655053,403,0.9400895691227122,268,0.6461713531566473,0.7391757608020584,0.8430005656108597,0.9123542512773484,57.628902435302734,1.4808722734451294,-3.513251543045044,0.6991366992349803,0.6621621621621622,814,0.869210640849242,630,830,0.5616511702537537,11.995292901992798,57472,1068,17669,4d5e678,b9288cb03392952e,2.9.1+cu128,3.12.3
stageC_8173984108,"{""epochs"": 1000, ""eval_every"": 10, ""lr"": 0.003, ""patience"": 20, ""seed"": 0, ""temperature"": 0.1}",stageC/stageC_8173984108.json,stageC,,0,,sage,sage,multiplicity,1,64,2,0.003,0.1,1000,20,10,0.0,uniform,1.0,0.75,100,3.0,,0.001,,0.7861184762801744,0.7837111194890475,0.7962911539485269,0.7970894860111304,0.8583282360107287,0.8462146911889088,0.7116513774712606,1097,0.8742575480278005,403,0.9583959444857161,268,0.584469941822883,0.7412545963584026,0.8700329082682025,0.9383736105372422,53.93913269042969,1.503412127494812,-3.728226661682129,0.8885115308648264,0.733906633906634,814,0.8949109567207074,430,630,0.47381705045700073,9.297665357589722,57472,1068,17669,4d5e678,b9288cb03392952e,2.9.1+cu128,3.12.3
stageC_2802224825,"{""epochs"": 1000, ""eval_every"": 10, ""lr"": 0.003, ""patience"": 20, ""seed"": 1, ""temperature"": 0.1}",stageC/stageC_2802224825.json,stageC,,1,,sage,sage,multiplicity,1,64,2,0.003,0.1,1000,20,10,0.0,uniform,1.0,0.75,100,3.0,,0.001,,0.786582034049262,0.7918400786577648,0.7894622345979811,0.795861666779788,0.8536449908888025,0.8496082899713547,0.7116240507843276,1097,0.8788820834690051,403,0.95461183899507,268,0.5631719995690584,0.7512815583749839,0.8782059851912793,0.9418617541242984,56.63713836669922,1.5288478136062622,-3.7532620429992676,0.866808592862712,0.7348894348894349,814,0.9134599387511938,700,900,0.46631330251693726,12.987455368041992,57472,1068,17669,4d5e678,b9288cb03392952e,2.9.1+cu128,3.12.3
stageC_3800285940,"{""epochs"": 1000, ""eval_every"": 10, ""lr"": 0.003, ""patience"": 20, ""seed"": 2, ""temperature"": 0.1}",stageC/stageC_3800285940.json,stageC,,2,,sage,sage,multiplicity,1,64,2,0.003,0.1,1000,20,10,0.0,uniform,1.0,0.75,100,3.0,,0.001,,0.789638828033824,0.7877313672289159,0.78949454607809,0.7930540911252887,0.8395824588972379,0.8345157569059458,0.7191687943671965,1097,0.8713480906773858,403,0.9552238805970149,268,0.607868724412842,0.7477646664497875,0.8646493212669684,0.9289685978897299,54.394657135009766,1.5563311576843262,-3.741804599761963,0.6156355495884686,0.7114250614250615,814,0.9010119189489781,510,710,0.4783552587032318,10.400826215744019,57472,1068,17669,4d5e678,b9288cb03392952e,2.9.1+cu128,3.12.3
stageC_4512813483,"{""epochs"": 1000, ""eval_every"": 10, ""lr"": 0.003, ""patience"": 20, ""seed"": 0, ""temperature"": 0.2}",stageC/stageC_4512813483.json,stageC,,0,,sage,sage,multiplicity,1,64,2,0.003,0.2,1000,20,10,0.0,uniform,1.0,0.75,100,3.0,,0.001,,0.7905112379967649,0.7899795500631097,0.7982880674023874,0.7978891407915971,0.8734247353657787,0.8772194234380271,0.7169733786509485,1097,0.8840904752815423,403,0.9508045181333153,268,0.5595022624434389,0.7534614398801249,0.8967361682435211,0.9403790726501325,46.72215270996094,1.335774302482605,-3.6209957599639893,0.8989375687999145,0.807002457002457,814,0.8977016009912683,770,970,0.4571177661418915,14.041651248931885,57472,1068,17669,4d5e678,b9288cb03392952e,2.9.1+cu128,3.12.3
stageC_7851070665,"{""epochs"": 1000, ""eval_every"": 10, ""lr"": 0.003, ""patience"": 20, ""seed"": 1, ""temperature"": 0.2}",stageC/stageC_7851070665.json,stageC,,1,,sage,sage,multiplicity,1,64,2,0.003,0.2,1000,20,10,0.0,uniform,1.0,0.75,100,3.0,,0.001,,0.7907588527057186,0.7756074334975167,0.7978824143649803,0.787237901972488,0.8563479581703897,0.8386099697253729,0.7287589146871147,1097,0.8575657119117928,403,0.9440826129533328,268,0.6359432234432234,0.7618938475339859,0.8570392842451665,0.9001312620302532,36.36663818359375,1.2655316591262817,-3.402223825454712,0.716333591781037,0.7615479115479116,814,0.8346091711480421,100,300,0.4761485457420349,4.5178844928741455,57472,1068,17669,4d5e678,b9288cb03392952e,2.9.1+cu128,3.12.3
stageC_2519763035,"{""epochs"": 1000, ""eval_every"": 10, ""lr"": 0.003, ""patience"": 20, ""seed"": 2, ""temperature"": 0.2}",stageC/stageC_2519763035.json,stageC,,2,,sage,sage,multiplicity,1,64,2,0.003,0.2,1000,20,10,0.0,uniform,1.0,0.75,100,3.0,,0.001,,0.7925219078233451,0.7903747008595436,0.7964392748919964,0.7996838536075781,0.8728120969062878,0.8795669132059519,0.7186119486712012,1097,0.8877002795773777,403,0.9519336293644898,268,0.5614024455936221,0.7596486558424275,0.8974624640065817,0.9394821574338146,45.83718490600586,1.333136796951294,-3.6137003898620605,0.9077790315142075,0.7947174447174449,814,0.8918695836200723,730,930,0.4555049538612366,13.555310010910034,57472,1068,17669,4d5e678,b9288cb03392952e,2.9.1+cu128,3.12.3
stageC_5956379711,"{""epochs"": 1000, ""eval_every"": 10, ""lr"": 0.003, ""patience"": 20, ""seed"": 0, ""temperature"": 0.5}",stageC/stageC_5956379711.json,stageC,,0,,sage,sage,multiplicity,1,64,2,0.003,0.5,1000,20,10,0.0,uniform,1.0,0.75,100,3.0,,0.001,,0.7861997348539137,0.7724774737128605,0.7847194851661514,0.7747377679246059,0.8459062314448926,0.8345158858791873,0.7308641007766967,1097,0.8430521091811414,403,0.9272134801107584,268,0.6395806399482871,0.7674895750155265,0.848461281365693,0.8814623245220651,23.68503761291504,0.9627090096473694,-2.8189196586608887,0.6404405498580696,0.7787469287469287,814,0.8084258539538034,60,260,0.5148106217384338,3.9702346324920654,57472,1068,17669,4d5e678,b9288cb03392952e,2.9.1+cu128,3.12.3
stageC_8694371988,"{""epochs"": 1000, ""eval_every"": 10, ""lr"": 0.003, ""patience"": 20, ""seed"": 1, ""temperature"": 0.5}",stageC/stageC_8694371988.json,stageC,,1,,sage,sage,multiplicity,1,64,2,0.003,0.5,1000,20,10,0.0,uniform,1.0,0.75,100,3.0,,0.001,,0.7921079369791774,0.7784467516961346,0.7930769614668005,0.7814974765564657,0.8393358039352183,0.8252119872186493,0.7401340348214175,1097,0.8462773542323972,403,0.923395606807591,268,0.6691971019176902,0.7735510996756672,0.8497917523652818,0.8695227705610256,23.722768783569336,0.9889771342277527,-2.8324546813964844,0.6135489796197373,0.8017199017199017,814,0.812336705033069,60,260,0.5162225961685181,3.9150373935699463,57472,1068,17669,4d5e678,b9288cb03392952e,2.9.1+cu128,3.12.3
stageC_9283499469,"{""epochs"": 1000, ""eval_every"": 10, ""lr"": 0.003, ""patience"": 20, ""seed"": 2, ""temperature"": 0.5}",stageC/stageC_9283499469.json,stageC,,2,,sage,sage,multiplicity,1,64,2,0.003,0.5,1000,20,10,0.0,uniform,1.0,0.75,100,3.0,,0.001,,0.7855938146229602,0.772894670519696,0.783867229888823,0.7722851534886563,0.8529059857496775,0.8430175643918854,0.7277937154807228,1097,0.8465370018975331,403,0.9305438306206524,268,0.628599709114415,0.7627145378010429,0.8622776120937884,0.8806901208316116,22.51748275756836,0.9265411496162415,-2.7673215866088867,0.6590227212065347,0.7918918918918918,814,0.8070968274429682,60,260,0.5152857899665833,3.911698341369629,57472,1068,17669,4d5e678,b9288cb03392952e,2.9.1+cu128,3.12.3
stageC_9381276917,"{""epochs"": 1000, ""eval_every"": 10, ""lr"": 0.003, ""patience"": 20, ""seed"": 0, ""temperature"": 1.0}",stageC/stageC_9381276917.json,stageC,,0,,sage,sage,multiplicity,1,64,2,0.003,1.0,1000,20,10,0.0,uniform,1.0,0.75,100,3.0,,0.001,,0.774921108802031,0.7600287531260584,0.7696162675825637,0.7528010693930839,0.8111112461866055,0.7975461274840517,0.7316101708897569,1097,0.8214943354703974,403,0.8821714391841696,268,0.6812715470803706,0.7667403562732282,0.8181162587412588,0.8285556641707565,14.57205867767334,0.8011492490768433,-2.184929609298706,0.5042925561268747,0.7900491400491402,814,0.7837937477338544,40,240,0.5715219974517822,3.7759039402008057,57472,1068,17669,4d5e678,b9288cb03392952e,2.9.1+cu128,3.12.3
stageC_8069479140,"{""epochs"": 1000, ""eval_every"": 10, ""lr"": 0.003, ""patience"": 20, ""seed"": 1, ""temperature"": 1.0}",stageC/stageC_8069479140.json,stageC,,1,,sage,sage,multiplicity,1,64,2,0.003,1.0,1000,20,10,0.0,uniform,1.0,0.75,100,3.0,,0.001,,0.7705921702565468,0.754890855854979,0.7717313898671199,0.759191207789764,0.8255925477570074,0.8175434247993608,0.714684124122968,1097,0.8339363708835318,403,0.9041869977037887,268,0.6157886231415642,0.7568095111347706,0.8444120218017276,0.8571467262594605,15.803702354431152,0.7807246446609497,-2.30195951461792,0.6177746861825524,0.8044226044226045,814,0.786126718393775,60,260,0.5703234672546387,3.980095863342285,57472,1068,17669,4d5e678,b9288cb03392952e,2.9.1+cu128,3.12.3
stageC_0177884889,"{""epochs"": 1000, ""eval_every"": 10, ""lr"": 0.003, ""patience"": 20, ""seed"": 2, ""temperature"": 1.0}",stageC/stageC_0177884889.json,stageC,,2,,sage,sage,multiplicity,1,64,2,0.003,1.0,1000,20,10,0.0,uniform,1.0,0.75,100,3.0,,0.001,,0.771237280153969,0.7544733185355902,0.769850765750087,0.7497715516073976,0.8177971632439958,0.8070512277121626,0.7236699637431581,1097,0.8194985572010824,403,0.8933718004997637,268,0.6524577138547727,0.7529364938534489,0.8338852324146442,0.8396612885346018,14.97307014465332,0.7942309975624084,-2.235907554626465,0.5500700072244358,0.8,814,0.7808583615211144,40,240,0.5708099603652954,3.6540322303771973,57472,1068,17669,4d5e678,b9288cb03392952e,2.9.1+cu128,3.12.3
stageC_6097982338,"{""epochs"": 1000, ""eval_every"": 10, ""lr"": 0.01, ""patience"": 20, ""seed"": 0, ""temperature"": 0.05}",stageC/stageC_6097982338.json,stageC,,0,,sage,sage,multiplicity,1,64,2,0.01,0.05,1000,20,10,0.0,uniform,1.0,0.75,100,3.0,,0.001,,0.7996422703261604,0.7919821494915769,0.8082806325628058,0.7949959526188063,0.8704344838353024,0.8396994135259866,0.7264572858103342,1097,0.8843487194457855,403,0.9718334233808333,268,0.6264786683904331,0.7618593440392749,0.8626426881941588,0.9385083997621665,59.49024963378906,1.661132574081421,-3.500324010848999,0.7587430596822026,0.6315724815724816,814,0.8973495137512331,980,1000,0.5144653916358948,14.477874279022217,57472,1068,17669,4d5e678,b9288cb03392952e,2.9.1+cu128,3.12.3
stageC_1211667084,"{""epochs"": 1000, ""eval_every"": 10, ""lr"": 0.01, ""patience"": 20, ""seed"": 1, ""temperature"": 0.05}",stageC/stageC_1211667084.json,stageC,,1,,sage,sage,multiplicity,1,64,2,0.01,0.05,1000,20,10,0.0,uniform,1.0,0.75,100,3.0,,0.001,,0.8012779990172192,0.775912530093313,0.8237632701009396,0.8099434935474974,0.8747443873999303,0.8282407649539896,0.7312822506465597,1097,0.8841381943118916,403,0.9631909738637131,268,0.644187675070028,0.7536265637476709,0.8618945392842453,0.9375333823781354,57.18002700805664,1.6646190881729126,-3.493379831314087,0.6999697103190486,0.6165847665847666,814,0.8965433275173716,510,710,0.5162011384963989,10.339554071426392,57472,1068,17669,4d5e678,b9288cb03392952e,2.9.1+cu128,3.12.3
stageC_7993715279,"{""epochs"": 1000, ""eval_every"": 10, ""lr"": 0.01, ""patience"": 20, ""seed"": 2, ""temperature"": 0.05}",stageC/stageC_7993715279.json,stageC,,2,,sage,sage,multiplicity,1,64,2,0.01,0.05,1000,20,10,0.0,uniform,1.0,0.75,100,3.0,,0.001,,0.8015927960115478,0.7806505191925102,0.8035753132613992,0.7826579363393369,0.886411231086587,0.8540096380980178,0.7294297075116423,1097,0.8864834443034705,403,0.9693240528128587,268,0.6215807476836889,0.7649104387858714,0.8622441896338955,0.9480419030726905,58.57305145263672,1.651261568069458,-3.4951207637786865,0.7814944909433571,0.6061425061425061,814,0.8867855047525908,790,990,0.5368580222129822,14.299461126327515,57472,1068,17669,4d5e678,b9288cb03392952e,2.9.1+cu128,3.12.3
stageC_9985066423,"{""epochs"": 1000, ""eval_every"": 10, ""lr"": 0.01, ""patience"": 20, ""seed"": 0, ""temperature"": 0.1}",stageC/stageC_9985066423.json,stageC,,0,,sage,sage,multiplicity,1,64,2,0.01,0.1,1000,20,10,0.0,uniform,1.0,0.75,100,3.0,,0.001,,0.8042996022808706,0.7932734193113026,0.8072754576073381,0.803296419856073,0.8790795643004852,0.8607898843977146,0.7367001530294468,1097,0.8857494133366268,403,0.9585246842709529,268,0.613589474251239,0.7681784126420804,0.8800159399424105,0.9454191818923904,56.181697845458984,1.49619460105896,-3.6271042823791504,0.8486270416460392,0.6841523341523342,814,0.8975927153594861,590,790,0.4663853347301483,11.510381698608398,57472,1068,17669,4d5e678,b9288cb03392952e,2.9.1+cu128,3.12.3
stageC_9805883339,"{""epochs"": 1000, ""eval_every"": 10, ""lr"": 0.01, ""patience"": 20, ""seed"": 1, ""temperature"": 0.1}",stageC/stageC_9805883339.json,stageC,,1,,sage,sage,multiplicity,1,64,2,0.01,0.1,1000,20,10,0.0,uniform,1.0,0.75,100,3.0,,0.001,,0.797949436692533,0.7894828723514066,0.8047922723736205,0.7940829510045062,0.8664636908539957,0.8477972541473421,0.7251510186151453,1097,0.8913816624187373,403,0.9554370399135544,268,0.5818284044386985,0.7785085125050523,0.8767958144796381,0.9427196182567597,57.76629638671875,1.527874231338501,-3.6631650924682617,0.8749205302581516,0.683046683046683,814,0.9036877248995325,580,780,0.4551762640476227,11.261377573013306,57472,1068,17669,4d5e678,b9288cb03392952e,2.9.1+cu128,3.12.3
stageC_1222813456,"{""epochs"": 1000, ""eval_every"": 10, ""lr"": 0.01, ""patience"": 20, ""seed"": 2, ""temperature"": 0.1}",stageC/stageC_1222813456.json,stageC,,2,,sage,sage,multiplicity,1,64,2,0.01,0.1,1000,20,10,0.0,uniform,1.0,0.75,100,3.0,,0.001,,0.7991742337380481,0.7925455785244901,0.7953845130116091,0.7826698184900117,0.8710669570647612,0.8450234673503192,0.725990669741005,1097,0.8893016740958648,403,0.9632078577699736,268,0.5958898944193061,0.7627108409980382,0.8807100987248047,0.9467028288101259,53.77015686035156,1.4886157512664795,-3.6238183975219727,0.8393748815159532,0.6404176904176904,814,0.8841691681099183,420,620,0.47345635294914246,9.001387357711792,57472,1068,17669,4d5e678,b9288cb03392952e,2.9.1+cu128,3.12.3
stageC_7649563581,"{""epochs"": 1000, ""eval_every"": 10, ""lr"": 0.01, ""patience"": 20, ""seed"": 0, ""temperature"": 0.2}",stageC/stageC_7649563581.json,stageC,,0,,sage,sage,multiplicity,1,64,2,0.01,0.2,1000,20,10,0.0,uniform,1.0,0.75,100,3.0,,0.001,,0.7896081161319384,0.7867685895023521,0.799674901721914,0.7981133190620361,0.8784371736860425,0.8781245176260577,0.7135431060440446,1097,0.8857971323669761,403,0.956321334503951,268,0.5546582094376211,0.7565002119500389,0.8927036199095022,0.9421993570428,45.344539642333984,1.2852964401245117,-3.5582773685455322,0.9143825381005598,0.7845208845208845,814,0.8755059791248686,450,650,0.46095457673072815,9.435771226882935,57472,1068,17669,4d5e678,b9288cb03392952e,2.9.1+cu128,3.12.3
stageC_9891343261,"{""epochs"": 1000, ""eval_every"": 10, ""lr"": 0.01, ""patience"": 20, ""seed"": 1, ""temperature"": 0.2}",stageC/stageC_9891343261.json,stageC,,1,,sage,sage,multiplicity,1,64,2,0.01,0.2,1000,20,10,0.0,uniform,1.0,0.75,100,3.0,,0.001,,0.7917614683360292,0.785697777852502,0.7946832579185521,0.7942247384667532,0.8538196648307774,0.8405462044681479,0.7201479147159882,1097,0.8821957490764964,403,0.9489071891672858,268,0.5921635962077139,0.7716213685071817,0.874104020979021,0.9183643390541072,36.960655212402344,1.3035045862197876,-3.4466896057128906,0.7951772012952729,0.7438574938574939,814,0.8398609941663205,100,300,0.4699299931526184,4.521414041519165,57472,1068,17669,4d5e678,b9288cb03392952e,2.9.1+cu128,3.12.3
stageC_8702031401,"{""epochs"": 1000, ""eval_every"": 10, ""lr"": 0.01, ""patience"": 20, ""seed"": 2, ""temperature"": 0.2}",stageC/stageC_8702031401.json,stageC,,2,,sage,sage,multiplicity,1,64,2,0.01,0.2,1000,20,10,0.0,uniform,1.0,0.75,100,3.0,,0.001,,0.7864793411273314,0.7693599344732812,0.7939931998730575,0.7798669216879237,0.8389883755451363,0.8155897295896951,0.7263165275927356,1097,0.851047853766435,403,0.9356491017761868,268,0.640909825468649,0.763550015280119,0.8426213492389963,0.8910701508631549,29.788188934326172,1.2762537002563477,-3.291048765182495,0.7197119531495016,0.7496314496314497,814,0.8215174199312993,80,280,0.4720734655857086,4.2541046142578125,57472,1068,17669,4d5e678,b9288cb03392952e,2.9.1+cu128,3.12.3
stageC_9658428960,"{""epochs"": 1000, ""eval_every"": 10, ""lr"": 0.01, ""patience"": 20, ""seed"": 0, ""temperature"": 0.5}",stageC/stageC_9658428960.json,stageC,,0,,sage,sage,multiplicity,1,64,2,0.01,0.5,1000,20,10,0.0,uniform,1.0,0.75,100,3.0,,0.001,,0.7730145715177821,0.7573275886730092,0.7744405955037776,0.761968166866272,0.833985534694212,0.8239061662144949,0.710701903999802,1097,0.8463292837654246,403,0.917832359694739,268,0.5984627504848093,0.7454726485868354,0.8570508535582065,0.882095959850447,20.023958206176758,0.96868896484375,-2.7588813304901123,0.6886348079110707,0.7879606879606881,814,0.7992018906979403,50,250,0.5155523419380188,3.758664608001709,57472,1068,17669,4d5e678,b9288cb03392952e,2.9.1+cu128,3.12.3
stageC_3595804960,"{""epochs"": 1000, ""eval_every"": 10, ""lr"": 0.01, ""patience"": 20, ""seed"": 1, ""temperature"": 0.5}",stageC/stageC_3595804960.json,stageC,,1,,sage,sage,multiplicity,1,64,2,0.01,0.5,1000,20,10,0.0,uniform,1.0,0.75,100,3.0,,0.001,,0.7841094060318177,0.7701004826251975,0.7843813343297639,0.7760621128021543,0.834491321328392,0.8220287012405005,0.7236395434690249,1097,0.855110988850589,403,0.9248623961639765,268,0.5995057638439991,0.7723878389968355,0.8670017482517482,0.8875416964798597,20.028684616088867,1.0125874280929565,-2.8357322216033936,0.7614836172668078,0.7835380835380835,814,0.8111842315501798,70,270,0.5160739421844482,4.113712787628174,57472,1068,17669,4d5e678,b9288cb03392952e,2.9.1+cu128,3.12.3
stageC_3848246322,"{""epochs"": 1000, ""eval_every"": 10, ""lr"": 0.01, ""patience"": 20, ""seed"": 2, ""temperature"": 0.5}",stageC/stageC_3848246322.json,stageC,,2,,sage,sage,multiplicity,1,64,2,0.01,0.5,1000,20,10,0.0,uniform,1.0,0.75,100,3.0,,0.001,,0.7821745562130177,0.7722093246808437,0.7772080257877603,0.7647715382968336,0.8421017945988004,0.827357450495267,0.7222711467309032,1097,0.8488640063775081,403,0.927093182278652,268,0.6027836134453782,0.7580799791007403,0.8699583504730563,0.8885859980449264,18.361244201660156,0.9249452352523804,-2.7162022590637207,0.7097275153146239,0.7984029484029483,814,0.8006121571346081,60,260,0.5163288712501526,3.993070602416992,57472,1068,17669,4d5e678,b9288cb03392952e,2.9.1+cu128,3.12.3
stageC_3981318317,"{""epochs"": 1000, ""eval_every"": 10, ""lr"": 0.01, ""patience"": 20, ""seed"": 0, ""temperature"": 1.0}",stageC/stageC_3981318317.json,stageC,,0,,sage,sage,multiplicity,1,64,2,0.01,1.0,1000,20,10,0.0,uniform,1.0,0.75,100,3.0,,0.001,,0.7730991892057901,0.7559032494376743,0.7619398916893594,0.7476127038450326,0.8009504053971048,0.7801071957833301,0.7347460371147968,1097,0.813978588190382,403,0.8686178834335112,268,0.6974385908209437,0.7671100365737044,0.8156982723159194,0.8082503602777416,10.768366813659668,0.7659859657287598,-2.0095975399017334,0.4688097387324984,0.7783783783783784,814,0.7752617381742477,30,230,0.5702353119850159,3.5603933334350586,57472,1068,17669,4d5e678,b9288cb03392952e,2.9.1+cu128,3.12.3
stageC_0658508441,"{""epochs"": 1000, ""eval_every"": 10, ""lr"": 0.01, ""patience"": 20, ""seed"": 1, ""temperature"": 1.0}",stageC/stageC_0658508441.json,stageC,,1,,sage,sage,multiplicity,1,64,2,0.01,1.0,1000,20,10,0.0,uniform,1.0,0.75,100,3.0,,0.001,,0.7625710852562396,0.7442522569887335,0.768784166990848,0.7541747355637972,0.8166928144386888,0.80404322477685,0.7080958145827576,1097,0.8235266047629206,403,0.8938930911055583,268,0.6066769015298428,0.746325377813267,0.841170043192102,0.8479804291084261,11.031889915466309,0.7683921456336975,-2.1892569065093994,0.6240954171755658,0.7781326781326783,814,0.7788119309434697,50,250,0.5683014988899231,3.8198084831237793,57472,1068,17669,4d5e678,b9288cb03392952e,2.9.1+cu128,3.12.3
stageC_6967562385,"{""epochs"": 1000, ""eval_every"": 10, ""lr"": 0.01, ""patience"": 20, ""seed"": 2, ""temperature"": 1.0}",stageC/stageC_6967562385.json,stageC,,2,,sage,sage,multiplicity,1,64,2,0.01,1.0,1000,20,10,0.0,uniform,1.0,0.75,100,3.0,,0.001,,0.7735157193751151,0.7556027650592142,0.7672724056120883,0.7434298231281681,0.7987826569890052,0.7785420932188203,0.7368599883681122,1097,0.8102424688142102,403,0.8683308570270818,268,0.7067388493859083,0.7658629816934315,0.8098891916906623,0.8081584012738212,10.715594291687012,0.8011336922645569,-2.0596654415130615,0.470385785502957,0.7852579852579853,814,0.7751042722984084,30,230,0.5705608129501343,3.498659372329712,57472,1068,17669,4d5e678,b9288cb03392952e,2.9.1+cu128,3.12.3
stageC_8168977077,"{""epochs"": 1000, ""eval_every"": 10, ""lr"": 0.03, ""patience"": 20, ""seed"": 0, ""temperature"": 0.05}",stageC/stageC_8168977077.json,stageC,,0,,sage,sage,multiplicity,1,64,2,0.03,0.05,1000,20,10,0.0,uniform,1.0,0.75,100,3.0,,0.001,,0.8041182101103581,0.795210154167924,0.8074834027763559,0.7952829249494247,0.8762934189512909,0.8469387397398884,0.7351760457355931,1097,0.8852385390117107,403,0.9643348585128656,268,0.6184335272570567,0.7704679659696962,0.8765682846565199,0.9412117425349444,55.75934982299805,1.6447426080703735,-3.504692554473877,0.832691536007019,0.6834152334152334,814,0.9049378695300808,1000,1000,0.5342810750007629,14.422158002853394,57472,1068,17669,4d5e678,b9288cb03392952e,2.9.1+cu128,3.12.3
stageC_0939256431,"{""epochs"": 1000, ""eval_every"": 10, ""lr"": 0.03, ""patience"": 20, ""seed"": 1, ""temperature"": 0.05}",stageC/stageC_0939256431.json,stageC,,1,,sage,sage,multiplicity,1,64,2,0.03,0.05,1000,20,10,0.0,uniform,1.0,0.75,100,3.0,,0.001,,0.8107638177965234,0.7949027425686768,0.8100033783092073,0.7984386119332187,0.8861708144796381,0.8476007599577458,0.7427517251904618,1097,0.8898672849555933,403,0.9702062369149725,268,0.6623235832794656,0.771186378020288,0.8642868161250514,0.9376253413820556,53.179805755615234,1.6505450010299683,-3.4508216381073,0.7105717416785099,0.6350122850122851,814,0.8907313209912829,640,840,0.5411219000816345,12.167551279067993,57472,1068,17669,4d5e678,b9288cb03392952e,2.9.1+cu128,3.12.3
stageC_8031204622,"{""epochs"": 1000, ""eval_every"": 10, ""lr"": 0.03, ""patience"": 20, ""seed"": 2, ""temperature"": 0.05}",stageC/stageC_8031204622.json,stageC,,2,,sage,sage,multiplicity,1,64,2,0.03,0.05,1000,20,10,0.0,uniform,1.0,0.75,100,3.0,,0.001,,0.7965349296697446,0.7801582621541927,0.8048648932249545,0.7779629398252337,0.8636589903974119,0.8200998774846404,0.7229656570572974,1097,0.8860427450231858,403,0.963079117984737,268,0.6300891510450335,0.7550005421977741,0.8624678630193335,0.930078404498685,53.30181121826172,1.638892412185669,-3.473254442214966,0.7417586828991835,0.6415233415233416,814,0.8936226352827127,730,930,0.5403425097465515,13.497235298156738,57472,1068,17669,4d5e678,b9288cb03392952e,2.9.1+cu128,3.12.3
stageC_9101272018,"{""epochs"": 1000, ""eval_every"": 10, ""lr"": 0.03, ""patience"": 20, ""seed"": 0, ""temperature"": 0.1}",stageC/stageC_9101272018.json,stageC,,0,,sage,sage,multiplicity,1,64,2,0.03,0.1,1000,20,10,0.0,uniform,1.0,0.75,100,3.0,,0.001,,0.7846139130034191,0.7662774087685826,0.7909248889252882,0.7749224658758607,0.8097426470588235,0.7715108964073436,0.7300138798945706,1097,0.8439040342229658,403,0.9189509184845006,268,0.6704293255763845,0.7597915988919449,0.8303437371452076,0.8719855082687521,28.401477813720703,1.4484106302261353,-3.433769464492798,0.6602133796870974,0.7395577395577395,814,0.823099050193773,150,350,0.524112343788147,5.2310051918029785,57472,1068,17669,4d5e678,b9288cb03392952e,2.9.1+cu128,3.12.3
stageC_8510585635,"{""epochs"": 1000, ""eval_every"": 10, ""lr"": 0.03, ""patience"": 20, ""seed"": 1, ""temperature"": 0.1}",stageC/stageC_8510585635.json,stageC,,1,,sage,sage,multiplicity,1,64,2,0.03,0.1,1000,20,10,0.0,uniform,1.0,0.75,100,3.0,,0.001,,0.8007421403124424,0.7924109619733808,0.8054800910096026,0.7942035716144206,0.8828432119018856,0.8692302125131799,0.7300396597879036,1097,0.8901507921359038,403,0.9557008509488756,268,0.6130885046326222,0.7618310018829049,0.8795994446729742,0.9387767184996321,54.6213264465332,1.4965333938598633,-3.631530284881592,0.8493946219066768,0.6943488943488944,814,0.900857707276121,780,980,0.46878981590270996,14.236472845077515,57472,1068,17669,4d5e678,b9288cb03392952e,2.9.1+cu128,3.12.3
stageC_3000738964,"{""epochs"": 1000, ""eval_every"": 10, ""lr"": 0.03, ""patience"": 20, ""seed"": 2, ""temperature"": 0.1}",stageC/stageC_3000738964.json,stageC,,2,,sage,sage,multiplicity,1,64,2,0.03,0.1,1000,20,10,0.0,uniform,1.0,0.75,100,3.0,,0.001,,0.7924704014045576,0.7882369169041246,0.7954609728506787,0.7934103001998398,0.842024055097152,0.8219473332093834,0.7208238635191824,1097,0.8785831377788756,403,0.9562495779023434,268,0.6089312648136178,0.7449489348278275,0.8743559749074454,0.9324907537111128,43.96726608276367,1.478929042816162,-3.646247386932373,0.8079735910410537,0.7611793611793614,814,0.8863326398526649,390,590,0.4823634922504425,8.683621883392334,57472,1068,17669,4d5e678,b9288cb03392952e,2.9.1+cu128,3.12.3
stageC_7603788521,"{""epochs"": 1000, ""eval_every"": 10, ""lr"": 0.03, ""patience"": 20, ""seed"": 0, ""temperature"": 0.2}",stageC/stageC_7603788521.json,stageC,,0,,sage,sage,multiplicity,1,64,2,0.03,0.2,1000,20,10,0.0,uniform,1.0,0.75,100,3.0,,0.001,,0.8046937383550705,0.789386021906854,0.8008624285948283,0.7856482146855105,0.8319019241006531,0.8032510268720324,0.7475627688842875,1097,0.8729733447110472,403,0.9358728135341394,268,0.6718514328808446,0.7792306213586491,0.8638870320855616,0.8969794616493162,22.367717742919922,1.2931081056594849,-3.2863714694976807,0.6555877435552703,0.7745700245700246,814,0.8385053407653922,140,340,0.4831623136997223,5.047614812850952,57472,1068,17669,4d5e678,b9288cb03392952e,2.9.1+cu128,3.12.3
stageC_9869577025,"{""epochs"": 1000, ""eval_every"": 10, ""lr"": 0.03, ""patience"": 20, ""seed"": 1, ""temperature"": 0.2}",stageC/stageC_9869577025.json,stageC,,1,,sage,sage,multiplicity,1,64,2,0.03,0.2,1000,20,10,0.0,uniform,1.0,0.75,100,3.0,,0.001,,0.7997308869597264,0.7978995659377539,0.7995843655944801,0.800043071506676,0.87238021078602,0.8657103771660886,0.726450067440201,1097,0.8966475977678721,403,0.9539533666509084,268,0.5698906485671191,0.7818146866589774,0.8987402303578774,0.9360166886696428,36.849151611328125,1.280924677848816,-3.511032819747925,0.8211116663179219,0.7686732186732187,814,0.8725344787687263,320,520,0.4677349925041199,7.5696516036987305,57472,1068,17669,4d5e678,b9288cb03392952e,2.9.1+cu128,3.12.3
stageC_6909254393,"{""epochs"": 1000, ""eval_every"": 10, ""lr"": 0.03, ""patience"": 20, ""seed"": 2, ""temperature"": 0.2}",stageC/stageC_6909254393.json,stageC,,2,,sage,sage,multiplicity,1,64,2,0.03,0.2,1000,20,10,0.0,uniform,1.0,0.75,100,3.0,,0.001,,0.7961183995004197,0.7912113663370232,0.7981425057840749,0.7975535092737187,0.8782378662394299,0.8767481752183166,0.7257560727116735,1097,0.8865199353266788,403,0.9481917336394948,268,0.577824014221073,0.7672776249765869,0.8931381118881119,0.934721704340465,37.37289047241211,1.267172932624817,-3.5279603004455566,0.9009848210834919,0.7947174447174449,814,0.8833482878979759,540,740,0.4654524326324463,10.815475940704346,57472,1068,17669,4d5e678,b9288cb03392952e,2.9.1+cu128,3.12.3
stageC_1112447814,"{""epochs"": 1000, ""eval_every"": 10, ""lr"": 0.03, ""patience"": 20, ""seed"": 0, ""temperature"": 0.5}",stageC/stageC_1112447814.json,stageC,,0,,sage,sage,multiplicity,1,64,2,0.03,0.5,1000,20,10,0.0,uniform,1.0,0.75,100,3.0,,0.001,,0.7786343696894003,0.7645354756217758,0.7766976003767327,0.7602845719650863,0.8321201065702994,0.8187195422275659,0.7148790201165663,1097,0.858065358229568,403,0.9201602282704127,268,0.583296972635208,0.7679356559114344,0.8702411559029206,0.8825217426357214,13.27857494354248,0.965628981590271,-2.7081804275512695,0.7676762685944459,0.8030712530712532,814,0.8097167512186202,100,300,0.5157575607299805,4.483079671859741,57472,1068,17669,4d5e678,b9288cb03392952e,2.9.1+cu128,3.12.3
stageC_3013838179,"{""epochs"": 1000, ""eval_every"": 10, ""lr"": 0.03, ""patience"": 20, ""seed"": 1, ""temperature"": 0.5}",stageC/stageC_3013838179.json,stageC,,1,,sage,sage,multiplicity,1,64,2,0.03,0.5,1000,20,10,0.0,uniform,1.0,0.75,100,3.0,,0.001,,0.7726743412297045,0.7576656499815486,0.7810535717941893,0.7635581937387791,0.8230421802379149,0.7989077000304724,0.7150898996440312,1097,0.8375265261668705,403,0.9108635273856959,268,0.6038650075414782,0.7582561933773007,0.8544811805841218,0.8651528283062411,12.192028999328613,0.9308425188064575,-2.5692481994628906,0.6697883976473258,0.7812039312039312,814,0.7981734398971664,80,280,0.5173174142837524,4.197023153305054,57472,1068,17669,4d5e678,b9288cb03392952e,2.9.1+cu128,3.12.3
stageC_3090811732,"{""epochs"": 1000, ""eval_every"": 10, ""lr"": 0.03, ""patience"": 20, ""seed"": 2, ""temperature"": 0.5}",stageC/stageC_3090811732.json,stageC,,2,,sage,sage,multiplicity,1,64,2,0.03,0.5,1000,20,10,0.0,uniform,1.0,0.75,100,3.0,,0.001,,0.7757557687189042,0.7550613853724455,0.776930179050388,0.754071205357463,0.8044486829712741,0.7736187292061341,0.7286093913057825,1097,0.8219406487542527,403,0.8992896096440873,268,0.6701801874595992,0.7597497017912243,0.8217143150966679,0.8458376583458466,10.290752410888672,0.9660820364952087,-2.47119140625,0.5816361892934904,0.7824324324324325,814,0.797219743145358,60,260,0.5161647200584412,3.9119136333465576,57472,1068,17669,4d5e678,b9288cb03392952e,2.9.1+cu128,3.12.3
stageC_7924956882,"{""epochs"": 1000, ""eval_every"": 10, ""lr"": 0.03, ""patience"": 20, ""seed"": 0, ""temperature"": 1.0}",stageC/stageC_7924956882.json,stageC,,0,,sage,sage,multiplicity,1,64,2,0.03,1.0,1000,20,10,0.0,uniform,1.0,0.75,100,3.0,,0.001,,0.7599113065866793,0.7471591864168076,0.7625342949571057,0.7428220499638885,0.8088328069654594,0.7904748888969028,0.7098375041763427,1097,0.8152964755285584,403,0.8815931653947456,268,0.6253366731307908,0.7435897435897436,0.8267701048951048,0.8369604651865886,7.099987030029297,0.7639966607093811,-2.084376573562622,0.5686122344486534,0.7707616707616709,814,0.7770853910222016,50,250,0.5709376931190491,3.8334572315216064,57472,1068,17669,4d5e678,b9288cb03392952e,2.9.1+cu128,3.12.3
stageC_4336360122,"{""epochs"": 1000, ""eval_every"": 10, ""lr"": 0.03, ""patience"": 20, ""seed"": 1, ""temperature"": 1.0}",stageC/stageC_4336360122.json,stageC,,1,,sage,sage,multiplicity,1,64,2,0.03,1.0,1000,20,10,0.0,uniform,1.0,0.75,100,3.0,,0.001,,0.7522328512417846,0.7379374640912255,0.7582371880182635,0.7396140951600307,0.809485114964886,0.786747415392358,0.6935100665327487,1097,0.8244381785926815,403,0.8840244478962653,268,0.5627801120448179,0.7435127268604776,0.8505064788153024,0.8420597809108225,7.103163719177246,0.7505301237106323,-2.086876392364502,0.6643655955723177,0.7606879606879607,814,0.769193155265649,70,270,0.5719329118728638,4.123877286911011,57472,1068,17669,4d5e678,b9288cb03392952e,2.9.1+cu128,3.12.3
stageC_9873926161,"{""epochs"": 1000, ""eval_every"": 10, ""lr"": 0.03, ""patience"": 20, ""seed"": 2, ""temperature"": 1.0}",stageC/stageC_9873926161.json,stageC,,2,,sage,sage,multiplicity,1,64,2,0.03,1.0,1000,20,10,0.0,uniform,1.0,0.75,100,3.0,,0.001,,0.7542689543621137,0.7393610675484628,0.7588114366003973,0.7367179298608288,0.8089966037755165,0.788460080166741,0.7019684495353431,1097,0.8142059553349875,403,0.8782206051192003,268,0.6076976944624002,0.7275653348317708,0.8321241258741258,0.8423772284312045,7.825944423675537,0.7627374529838562,-2.0847527980804443,0.5978739937221661,0.7869778869778868,814,0.7696342124152159,60,260,0.5703344345092773,3.935690402984619,57472,1068,17669,4d5e678,b9288cb03392952e,2.9.1+cu128,3.12.3
stageF_2509725895,"{""epochs"": 20, ""eval_every"": 5, ""hidden_dim"": 64, ""lr"": 0.001, ""patience"": 1000000000, ""seed"": 0, ""tag"": ""default"", ""temperature"": 0.5}",stageF/stageF_2509725895.json,stageF,default,0,,sage,sage,multiplicity,1,64,2,0.001,0.5,20,1000000000,5,0.0,uniform,1.0,0.75,100,3.0,,0.001,,0.7573087928175098,0.7420171964102495,0.7389638700067567,0.7214732897629268,0.7372212894903871,0.7066096260263008,0.749796854440535,1097,0.7570862760068716,403,0.7883918923482138,268,0.7938994828700712,0.7845798953065388,0.7550570752776635,0.6974095274566912,21.631668090820312,1.0477969646453857,-2.322904586791992,0.35429393484657906,0.7334152334152334,814,0.751999869191053,20,20,0.6396503448486328,0.6392242908477783,57472,1068,17669,4d5e678,b9288cb03392952e,2.9.1+cu128,3.12.3
stageF_7003493951,"{""epochs"": 20, ""eval_every"": 5, ""hidden_dim"": 64, ""lr"": 0.001, ""patience"": 1000000000, ""seed"": 1, ""tag"": ""default"", ""temperature"": 0.5}",stageF/stageF_7003493951.json,stageF,default,1,,sage,sage,multiplicity,1,64,2,0.001,0.5,20,1000000000,5,0.0,uniform,1.0,0.75,100,3.0,,0.001,,0.746226594971438,0.7238005264861547,0.7301985012591881,0.7079358185696086,0.7295295576462397,0.6970927000972285,0.7437581722261866,1097,0.7425361822530121,403,0.7618799385425813,268,0.7875538677009265,0.7787426433620206,0.7348840497737557,0.6854435195356197,21.467041015625,1.0172560214996338,-2.1721408367156982,0.31183445046975666,0.7233415233415235,814,0.7355367711945201,20,20,0.65044766664505,0.5309493541717529,57472,1068,17669,4d5e678,b9288cb03392952e,2.9.1+cu128,3.12.3
stageF_0999082387,"{""epochs"": 20, ""eval_every"": 5, ""hidden_dim"": 64, ""lr"": 0.001, ""patience"": 1000000000, ""seed"": 2, ""tag"": ""default"", ""temperature"": 0.5}",stageF/stageF_0999082387.json,stageF,default,2,,sage,sage,multiplicity,1,64,2,0.001,0.5,20,1000000000,5,0.0,uniform,1.0,0.75,100,3.0,,0.001,,0.7571517142359903,0.7408876839265388,0.7436890240781311,0.7194590736390736,0.7394056735120083,0.7157455830413094,0.7500974479967992,1097,0.7607073083098482,403,0.7806801681637063,268,0.7971288515406165,0.7870247143603544,0.7572038255861785,0.6891672293381974,21.368728637695312,1.0404852628707886,-2.3269450664520264,0.3584978886818156,0.7396805896805897,814,0.7505791943113087,20,20,0.6386473178863525,0.5292885303497314,57472,1068,17669,4d5e678,b9288cb03392952e,2.9.1+cu128,3.12.3
stageF_0251563983,"{""epochs"": 20, ""eval_every"": 5, ""hidden_dim"": 64, ""lr"": 0.001, ""patience"": 1000000000, ""seed"": 3, ""tag"": ""default"", ""temperature"": 0.5}",stageF/stageF_0251563983.json,stageF,default,3,,sage,sage,multiplicity,1,64,2,0.001,0.5,20,1000000000,5,0.0,uniform,1.0,0.75,100,3.0,,0.001,,0.7383909010872014,0.7091432833062455,0.7247607350893717,0.6993280727358877,0.7189731411621384,0.6821744252690991,0.7377318643606379,1097,0.7328379910849623,403,0.7494386101168367,268,0.7778213208360267,0.7714845867960053,0.7297678424516659,0.6761266867548801,19.412113189697266,1.0006263256072998,-2.0768227577209473,0.32576473443556175,0.7045454545454546,814,0.7332942798936681,20,20,0.6557417511940002,0.5271680355072021,57472,1068,17669,4d5e678,b9288cb03392952e,2.9.1+cu128,3.12.3
stageF_2947405212,"{""epochs"": 20, ""eval_every"": 5, ""hidden_dim"": 64, ""lr"": 0.001, ""patience"": 1000000000, ""seed"": 4, ""tag"": ""default"", ""temperature"": 0.5}",stageF/stageF_2947405212.json,stageF,default,4,,sage,sage,multiplicity,1,64,2,0.001,0.5,20,1000000000,5,0.0,uniform,1.0,0.75,100,3.0,,0.001,,0.7542807912409656,0.7335525259483537,0.7377037222825085,0.7170646896188047,0.7399687250465797,0.7172386682842645,0.7489997401386752,1097,0.752672265699561,403,0.7783164212872289,268,0.7927534475328593,0.781030964421968,0.7504923385438091,0.6946595753257616,21.272090911865234,1.0596216917037964,-2.3449645042419434,0.2932916707953148,0.7414004914004914,814,0.7498691923046671,20,20,0.6430911421775818,0.5288548469543457,57472,1068,17669,4d5e678,b9288cb03392952e,2.9.1+cu128,3.12.3
stageF_4901603606,"{""epochs"": 20, ""eval_every"": 5, ""hidden_dim"": 64, ""lr"": 0.001, ""patience"": 1000000000, ""seed"": 5, ""tag"": ""default"", ""temperature"": 0.5}",stageF/stageF_4901603606.json,stageF,default,5,,sage,sage,multiplicity,1,64,2,0.001,0.5,20,1000000000,5,0.0,uniform,1.0,0.75,100,3.0,,0.001,,0.7506081596404659,0.7282904415811884,0.7338394612108678,0.709012878615432,0.7317181005712413,0.7033000493245354,0.7452044242421743,1097,0.7524757755745932,403,0.7699187884108868,268,0.7944448933419521,0.7767032403710604,0.7438039901275195,0.6895942718358543,18.603742599487305,0.9834591746330261,-2.0895440578460693,0.3099449967140628,0.7320638820638822,814,0.7390588426435105,20,20,0.6482889652252197,0.5420360565185547,57472,1068,17669,4d5e678,b9288cb03392952e,2.9.1+cu128,3.12.3
stageF_2764544442,"{""epochs"": 20, ""eval_every"": 5, ""hidden_dim"": 64, ""lr"": 0.001, ""patience"": 1000000000, ""seed"": 6, ""tag"": ""default"", ""temperature"": 0.5}",stageF/stageF_2764544442.json,stageF,default,6,,sage,sage,multiplicity,1,64,2,0.001,0.5,20,1000000000,5,0.0,uniform,1.0,0.75,100,3.0,,0.001,,0.7515950994041891,0.7286120688422615,0.7416741953481706,0.7152092044955589,0.7417596128252902,0.7093174393322372,0.7429785882517932,1097,0.7538792764672199,403,0.7834301343958939,268,0.7829589528118941,0.7764419996253906,0.7532188399835458,0.6952654969817291,21.199390411376953,0.988569974899292,-2.2090935707092285,0.3133252127368517,0.7011056511056512,814,0.7433510737961169,20,20,0.6462156772613525,0.534430742263794,57472,1068,17669,4d5e678,b9288cb03392952e,2.9.1+cu128,3.12.3
stageF_7669163811,"{""epochs"": 20, ""eval_every"": 5, ""hidden_dim"": 64, ""lr"": 0.001, ""patience"": 1000000000, ""seed"": 7, ""tag"": ""default"", ""temperature"": 0.5}",stageF/stageF_7669163811.json,stageF,default,7,,sage,sage,multiplicity,1,64,2,0.001,0.5,20,1000000000,5,0.0,uniform,1.0,0.75,100,3.0,,0.001,,0.7590568118998384,0.7401823247876236,0.7471828228332754,0.7240354925983217,0.7471265176798182,0.7171718444620212,0.7517303464405186,1097,0.7621725632417503,403,0.7843608597285069,268,0.7849062702003877,0.7829237275604057,0.7615744549568079,0.7080112668675488,20.631139755249023,1.0014150142669678,-2.2772011756896973,0.34846394242818357,0.735995085995086,814,0.7470697716989867,20,20,0.6388700604438782,0.5243825912475586,57472,1068,17669,4d5e678,b9288cb03392952e,2.9.1+cu128,3.12.3
stageF_3803808980,"{""epochs"": 20, ""eval_every"": 5, ""hidden_dim"": 64, ""lr"": 0.001, ""patience"": 1000000000, ""seed"": 8, ""tag"": ""default"", ""temperature"": 0.5}",stageF/stageF_3803808980.json,stageF,default,8,,sage,sage,multiplicity,1,64,2,0.001,0.5,20,1000000000,5,0.0,uniform,1.0,0.75,100,3.0,,0.001,,0.7483175636248234,0.7232423027225499,0.7312534230973976,0.7053920595538044,0.7269046497819456,0.7024876537467003,0.7444928991861803,1097,0.7500982450624838,403,0.7612953332883096,268,0.7871512066365008,0.7806785358688472,0.7463003907856849,0.6808871398482298,21.54446029663086,1.0743681192398071,-2.2968034744262695,0.32046025042777065,0.7292383292383293,814,0.7424317614536643,20,20,0.6445773243904114,0.5426113605499268,57472,1068,17669,4d5e678,b9288cb03392952e,2.9.1+cu128,3.12.3
stageF_1758509594,"{""epochs"": 20, ""eval_every"": 5, ""hidden_dim"": 64, ""lr"": 0.001, ""patience"": 1000000000, ""seed"": 9, ""tag"": ""default"", ""temperature"": 0.5}",stageF/stageF_1758509594.json,stageF,default,9,,sage,sage,multiplicity,1,64,2,0.001,0.5,20,1000000000,5,0.0,uniform,1.0,0.75,100,3.0,,0.001,,0.7547110777830102,0.7351911552961438,0.7335416197457054,0.7132988170752752,0.7330076805347965,0.705264690218571,0.7500804332671992,1097,0.7581978487138317,403,0.7684224522185452,268,0.8000606011635425,0.7813624444247282,0.7519744960921433,0.6877273780850356,20.990556716918945,1.0484665632247925,-2.28413462638855,0.3220914189058689,0.7126535626535627,814,0.7470353171991051,20,20,0.6477038264274597,0.5336015224456787,57472,1068,17669,4d5e678,b9288cb03392952e,2.9.1+cu128,3.12.3
stageF_7248059145,"{""epochs"": 1000, ""eval_every"": 10, ""patience"": 20, ""seed"": 0, ""tag"": ""default_long""}",stageF/stageF_7248059145.json,stageF,default_long,0,,sage,sage,multiplicity,1,64,2,0.001,0.5,1000,20,10,0.0,uniform,1.0,0.75,100,3.0,,0.001,,0.7886451700415635,0.7781634119618047,0.7902904962019615,0.7810919153112339,0.8498008845027742,0.8395801489909205,0.7307671683777641,1097,0.8499980350987503,403,0.933298017829405,268,0.6375107735401853,0.7684150080343851,0.8521968839983547,0.888420975722823,25.312204360961914,0.9804717898368835,-2.887683629989624,0.6516097418617388,0.7871007371007371,814,0.8147216603340128,100,300,0.5168702602386475,4.527435064315796,57472,1068,17669,4d5e678,b9288cb03392952e,2.9.1+cu128,3.12.3
stageF_3425127784,"{""epochs"": 1000, ""eval_every"": 10, ""patience"": 20, ""seed"": 1, ""tag"": ""default_long""}",stageF/stageF_3425127784.json,stageF,default_long,1,,sage,sage,multiplicity,1,64,2,0.001,0.5,1000,20,10,0.0,uniform,1.0,0.75,100,3.0,,0.001,,0.7918964727380684,0.7775214051181276,0.7923459542187916,0.7811918190099011,0.8390984265268934,0.8271042005862635,0.741295161217141,1097,0.8419250979643623,403,0.923792378604714,268,0.6788299935358759,0.769142045958655,0.8449082167832167,0.8689722762498866,25.268402099609375,1.0077201128005981,-2.8632659912109375,0.5921518820078229,0.8006142506142506,814,0.8117618225407115,90,290,0.518718957901001,4.403460502624512,57472,1068,17669,4d5e678,b9288cb03392952e,2.9.1+cu128,3.12.3
stageF_7975116972,"{""epochs"": 1000, ""eval_every"": 10, ""patience"": 20, ""seed"": 2, ""tag"": ""default_long""}",stageF/stageF_7975116972.json,stageF,default_long,2,,sage,sage,multiplicity,1,64,2,0.001,0.5,1000,20,10,0.0,uniform,1.0,0.75,100,3.0,,0.001,,0.7851510513707746,0.7779991354131277,0.7880824384226368,0.7823791677495554,0.8556047941278844,0.8512832790567353,0.7204691321869185,1097,0.8586169340803701,403,0.939439538731681,268,0.6019984917043741,0.7620651327398733,0.8723943336075689,0.8945797095607131,24.986331939697266,0.9745151996612549,-2.9022226333618164,0.7200612792644936,0.8066339066339067,814,0.813515717792894,120,320,0.5159682035446167,4.8572611808776855,57472,1068,17669,4d5e678,b9288cb03392952e,2.9.1+cu128,3.12.3
stageF_4290038871,"{""epochs"": 1000, ""eval_every"": 10, ""patience"": 20, ""seed"": 3, ""tag"": ""default_long""}",stageF/stageF_4290038871.json,stageF,default_long,3,,sage,sage,multiplicity,1,64,2,0.001,0.5,1000,20,10,0.0,uniform,1.0,0.75,100,3.0,,0.001,,0.7929739486292254,0.7817661450070579,0.7916754110276203,0.7811986156676255,0.8410745454638521,0.8337695873896979,0.7373544467222412,1097,0.8528429314081044,403,0.9306134767339772,268,0.6578283236371472,0.7659812793895838,0.8614986116824352,0.8798335164115328,23.861875534057617,0.9828130006790161,-2.8475263118743896,0.6419959389362156,0.7893120393120394,814,0.8112334350992696,90,290,0.519680380821228,4.456863880157471,57472,1068,17669,4d5e678,b9288cb03392952e,2.9.1+cu128,3.12.3
stageF_7607173876,"{""epochs"": 1000, ""eval_every"": 10, ""patience"": 20, ""seed"": 4, ""tag"": ""default_long""}",stageF/stageF_7607173876.json,stageF,default_long,4,,sage,sage,multiplicity,1,64,2,0.001,0.5,1000,20,10,0.0,uniform,1.0,0.75,100,3.0,,0.001,,0.7901171019225651,0.7788618878277096,0.7940917338916074,0.78668936997601,0.8529043861714544,0.8484572694750414,0.7340303872758696,1097,0.8505229444325927,403,0.9288617714594449,268,0.6429056237879767,0.7665653742643362,0.8590382044426162,0.8843571435769784,24.89307403564453,0.9709437489509583,-2.8697750568389893,0.6528116170548895,0.7981572481572482,814,0.8160753737293169,110,310,0.5163388848304749,4.61741304397583,57472,1068,17669,4d5e678,b9288cb03392952e,2.9.1+cu128,3.12.3
stageF_6920259634,"{""epochs"": 1000, ""eval_every"": 10, ""patience"": 20, ""seed"": 5, ""tag"": ""default_long""}",stageF/stageF_6920259634.json,stageF,default_long,5,,sage,sage,multiplicity,1,64,2,0.001,0.5,1000,20,10,0.0,uniform,1.0,0.75,100,3.0,,0.001,,0.7906091321840257,0.7792112393123558,0.7861418301222334,0.7761609575079225,0.8433574635040232,0.8320976714668427,0.7364748367617155,1097,0.8461075306243895,403,0.9287414736273385,268,0.6556574552898082,0.7648931870385156,0.8557139551624844,0.8793334105956927,23.52229118347168,0.9722734093666077,-2.8078837394714355,0.6231395747032521,0.8044226044226044,814,0.8066668395900067,90,290,0.5194580554962158,4.399213552474976,57472,1068,17669,4d5e678,b9288cb03392952e,2.9.1+cu128,3.12.3
stageF_9195584394,"{""epochs"": 1000, ""eval_every"": 10, ""patience"": 20, ""seed"": 6, ""tag"": ""default_long""}",stageF/stageF_9195584394.json,stageF,default_long,6,,sage,sage,multiplicity,1,64,2,0.001,0.5,1000,20,10,0.0,uniform,1.0,0.75,100,3.0,,0.001,,0.7887651384083045,0.775488943679955,0.7900620764316865,0.7821043872241715,0.8468160715382568,0.8350354468955066,0.7322752921377512,1097,0.8490843560176504,403,0.9292902005808065,268,0.6439856711915536,0.7692578791194709,0.8505013368983957,0.8836365880942064,24.730253219604492,0.9795956015586853,-2.868190288543701,0.636674023150814,0.797051597051597,814,0.8120925321703873,100,300,0.5178107023239136,4.5705389976501465,57472,1068,17669,4d5e678,b9288cb03392952e,2.9.1+cu128,3.12.3
stageF_8756503864,"{""epochs"": 1000, ""eval_every"": 10, ""patience"": 20, ""seed"": 7, ""tag"": ""default_long""}",stageF/stageF_8756503864.json,stageF,default_long,7,,sage,sage,multiplicity,1,64,2,0.001,0.5,1000,20,10,0.0,uniform,1.0,0.75,100,3.0,,0.001,,0.7880117370651705,0.7806274834475717,0.7902930555271186,0.7817261527201942,0.8539889002067935,0.8450313634437963,0.7273075066924602,1097,0.8544555539337324,403,0.9365777166205173,268,0.6190974466709761,0.7672320310728615,0.8650902406417111,0.8917252013020387,25.24717140197754,0.9736608266830444,-2.8996403217315674,0.694454629326231,0.8063882063882065,814,0.81500991763417,110,310,0.5173858404159546,4.689123868942261,57472,1068,17669,4d5e678,b9288cb03392952e,2.9.1+cu128,3.12.3
stageF_2451341075,"{""epochs"": 1000, ""eval_every"": 10, ""patience"": 20, ""seed"": 8, ""tag"": ""default_long""}",stageF/stageF_2451341075.json,stageF,default_long,8,,sage,sage,multiplicity,1,64,2,0.001,0.5,1000,20,10,0.0,uniform,1.0,0.75,100,3.0,,0.001,,0.7911632260805471,0.7777157997721682,0.7881755338752278,0.7781761447915685,0.8420138177965234,0.8292212868534421,0.738896599941428,1097,0.8439124552283216,403,0.9257846795434592,268,0.6605392156862745,0.7713206951961277,0.8527085047305635,0.873323322818934,24.792930603027344,0.9895517826080322,-2.8354649543762207,0.6065608492951388,0.7911547911547911,814,0.8086906910054215,90,290,0.516981840133667,4.310882568359375,57472,1068,17669,4d5e678,b9288cb03392952e,2.9.1+cu128,3.12.3
stageF_0127917879,"{""epochs"": 1000, ""eval_every"": 10, ""patience"": 20, ""seed"": 9, ""tag"": ""default_long""}",stageF/stageF_0127917879.json,stageF,default_long,9,,sage,sage,multiplicity,1,64,2,0.001,0.5,1000,20,10,0.0,uniform,1.0,0.75,100,3.0,,0.001,,0.790234510964149,0.7824663470636875,0.7897546374971847,0.779025604733784,0.8503175482688725,0.8395227600843322,0.7319133424353543,1097,0.8533243322142752,403,0.9340894509353684,268,0.6330559146735617,0.7675869241613186,0.8621670608802962,0.8899225528827259,24.996070861816406,0.9783163070678711,-2.8865137100219727,0.6723490438973051,0.8101965601965602,814,0.8150279308992927,110,310,0.517292857170105,4.656078577041626,57472,1068,17669,4d5e678,b9288cb03392952e,2.9.1+cu128,3.12.3
stageF_3316799500,"{""epochs"": 1000, ""eval_every"": 10, ""patience"": 20, ""seed"": 0, ""tag"": ""tuned_tau_only"", ""temperature"": 0.2}",stageF/stageF_3316799500.json,stageF,tuned_tau_only,0,,sage,sage,multiplicity,1,64,2,0.001,0.2,1000,20,10,0.0,uniform,1.0,0.75,100,3.0,,0.001,,0.7887136319895169,0.7761687680744191,0.7971411698163428,0.7879275642526349,0.8416228808787699,0.8236909661093504,0.7287908817548476,1097,0.8500569821362406,403,0.9417505234010942,268,0.6514315341521224,0.7671815080984631,0.836391916906623,0.8924180431123966,36.73308181762695,1.3435941934585571,-3.4646658897399902,0.6908778347428551,0.7507371007371008,814,0.839528151782075,140,340,0.4808470904827118,5.119575023651123,57472,1068,17669,4d5e678,b9288cb03392952e,2.9.1+cu128,3.12.3
stageF_5822589831,"{""epochs"": 1000, ""eval_every"": 10, ""patience"": 20, ""seed"": 1, ""tag"": ""tuned_tau_only"", ""temperature"": 0.2}",stageF/stageF_5822589831.json,stageF,tuned_tau_only,1,,sage,sage,multiplicity,1,64,2,0.001,0.2,1000,20,10,0.0,uniform,1.0,0.75,100,3.0,,0.001,,0.7966389022542536,0.7880438560791414,0.7999647452959604,0.7903484724021652,0.849393631887144,0.8410835601146607,0.7327367522284141,1097,0.8674112706735682,403,0.9517858951847099,268,0.6377774186597716,0.7684482792614281,0.8642161147675854,0.9078356629614327,39.07242965698242,1.345188021659851,-3.5212037563323975,0.7471673777631087,0.7713759213759215,814,0.8529877405812865,190,390,0.477183997631073,5.855693340301514,57472,1068,17669,4d5e678,b9288cb03392952e,2.9.1+cu128,3.12.3
stageF_8452500522,"{""epochs"": 1000, ""eval_every"": 10, ""patience"": 20, ""seed"": 2, ""tag"": ""tuned_tau_only"", ""temperature"": 0.2}",stageF/stageF_8452500522.json,stageF,tuned_tau_only,2,,sage,sage,multiplicity,1,64,2,0.001,0.2,1000,20,10,0.0,uniform,1.0,0.75,100,3.0,,0.001,,0.7944206071743003,0.786599277016581,0.7941893081632235,0.7909947572170669,0.8526913223521222,0.8449024057576386,0.7255353968247421,1097,0.8753466647204787,403,0.9546962585263726,268,0.6161966709760828,0.7664840445982315,0.8699274989716167,0.9156987876528032,38.11478805541992,1.3600938320159912,-3.5313034057617188,0.7944218439958461,0.7884520884520884,814,0.8534079758382338,200,400,0.47944653034210205,5.984166383743286,57472,1068,17669,4d5e678,b9288cb03392952e,2.9.1+cu128,3.12.3
stageF_8682315054,"{""epochs"": 1000, ""eval_every"": 10, ""patience"": 20, ""seed"": 3, ""tag"": ""tuned_tau_only"", ""temperature"": 0.2}",stageF/stageF_8682315054.json,stageF,tuned_tau_only,3,,sage,sage,multiplicity,1,64,2,0.001,0.2,1000,20,10,0.0,uniform,1.0,0.75,100,3.0,,0.001,,0.7869310620175671,0.7774201643631675,0.7950900306607154,0.788506159041523,0.8373203353739687,0.8203981693021263,0.7230476371180967,1097,0.8570506270841989,403,0.9429830485581144,268,0.6414619694031458,0.7555402754364693,0.8500745577951461,0.8932167007628818,36.007869720458984,1.3350812196731567,-3.4592180252075195,0.7251916132042826,0.7530712530712531,814,0.8350252885866005,140,340,0.4784647226333618,5.077162027359009,57472,1068,17669,4d5e678,b9288cb03392952e,2.9.1+cu128,3.12.3
stageF_6063633298,"{""epochs"": 1000, ""eval_every"": 10, ""patience"": 20, ""seed"": 4, ""tag"": ""tuned_tau_only"", ""temperature"": 0.2}",stageF/stageF_6063633298.json,stageF,tuned_tau_only,4,,sage,sage,multiplicity,1,64,2,0.001,0.2,1000,20,10,0.0,uniform,1.0,0.75,100,3.0,,0.001,,0.7951904841731333,0.7848477309281683,0.797613045392191,0.7948806063166447,0.8525537586249259,0.8437977186631445,0.7322043974310851,1097,0.8638070803813032,403,0.9498294725467684,268,0.6382198071536306,0.7678432358363154,0.8581229432332373,0.9083080551048583,37.57771301269531,1.326941967010498,-3.4803428649902344,0.7502987001621138,0.7749385749385749,814,0.8446678374688221,160,360,0.48131370544433594,5.442834377288818,57472,1068,17669,4d5e678,b9288cb03392952e,2.9.1+cu128,3.12.3
stageF_0663537967,"{""epochs"": 1000, ""eval_every"": 10, ""patience"": 20, ""seed"": 5, ""tag"": ""tuned_tau_only"", ""temperature"": 0.2}",stageF/stageF_0663537967.json,stageF,tuned_tau_only,5,,sage,sage,multiplicity,1,64,2,0.001,0.2,1000,20,10,0.0,uniform,1.0,0.75,100,3.0,,0.001,,0.7976239225241089,0.7896500818458373,0.7918273709588255,0.7853291277433406,0.8515341874654491,0.8398537345383456,0.7311662411265607,1097,0.8739586023376711,403,0.9548672080772608,268,0.625247791424262,0.7716226007748498,0.8707900555327026,0.9137474931723588,37.12312316894531,1.337640643119812,-3.49857234954834,0.7718126755245893,0.7707616707616707,814,0.8457237287104347,180,380,0.47671058773994446,5.804261922836304,57472,1068,17669,4d5e678,b9288cb03392952e,2.9.1+cu128,3.12.3
stageF_1041119424,"{""epochs"": 1000, ""eval_every"": 10, ""patience"": 20, ""seed"": 6, ""tag"": ""tuned_tau_only"", ""temperature"": 0.2}",stageF/stageF_1041119424.json,stageF,tuned_tau_only,6,,sage,sage,multiplicity,1,64,2,0.001,0.2,1000,20,10,0.0,uniform,1.0,0.75,100,3.0,,0.001,,0.7916411800536434,0.7809238712911903,0.7966318641100715,0.7953461539018934,0.8539725845089167,0.846617870027411,0.7211667361005126,1097,0.8780680529512817,403,0.9501502667657189,268,0.5898728722258134,0.7657298967852602,0.8777097902097901,0.9225226496286368,40.06039810180664,1.356889247894287,-3.569878339767456,0.8465362395139832,0.781081081081081,814,0.8685380872092255,290,490,0.4710344076156616,7.280987024307251,57472,1068,17669,4d5e678,b9288cb03392952e,2.9.1+cu128,3.12.3
stageF_0838413509,"{""epochs"": 1000, ""eval_every"": 10, ""patience"": 20, ""seed"": 7, ""tag"": ""tuned_tau_only"", ""temperature"": 0.2}",stageF/stageF_0838413509.json,stageF,tuned_tau_only,7,,sage,sage,multiplicity,1,64,2,0.001,0.2,1000,20,10,0.0,uniform,1.0,0.75,100,3.0,,0.001,,0.7954014685407752,0.7894201725215799,0.7978542617882516,0.7902154674917642,0.8488369786654655,0.8358177492326699,0.7305954742881655,1097,0.8673888146592862,403,0.9524211521577631,268,0.6257339474251239,0.7673515610366821,0.8645374845742493,0.915034919227242,37.3163948059082,1.3442109823226929,-3.5099446773529053,0.7726407638825525,0.7781326781326781,814,0.8516111701648823,180,380,0.4783031642436981,5.719120025634766,57472,1068,17669,4d5e678,b9288cb03392952e,2.9.1+cu128,3.12.3
stageF_6816429238,"{""epochs"": 1000, ""eval_every"": 10, ""patience"": 20, ""seed"": 8, ""tag"": ""tuned_tau_only"", ""temperature"": 0.2}",stageF/stageF_6816429238.json,stageF,tuned_tau_only,8,,sage,sage,multiplicity,1,64,2,0.001,0.2,1000,20,10,0.0,uniform,1.0,0.75,100,3.0,,0.001,,0.7924828781146989,0.790359225677537,0.7952229556110644,0.7963453342842223,0.8608395738211748,0.8568432436729265,0.7195658047245265,1097,0.8837466175628488,403,0.9537169919632605,268,0.5754134346046111,0.7642129752856396,0.8844148498560264,0.9343425309133419,40.813751220703125,1.3359575271606445,-3.5689170360565186,0.8642236585332322,0.7787469287469287,814,0.8688376190710994,310,510,0.4705561697483063,7.559523344039917,57472,1068,17669,4d5e678,b9288cb03392952e,2.9.1+cu128,3.12.3
stageF_6874290269,"{""epochs"": 1000, ""eval_every"": 10, ""patience"": 20, ""seed"": 9, ""tag"": ""tuned_tau_only"", ""temperature"": 0.2}",stageF/stageF_6874290269.json,stageF,tuned_tau_only,9,,sage,sage,multiplicity,1,64,2,0.001,0.2,1000,20,10,0.0,uniform,1.0,0.75,100,3.0,,0.001,,0.789862768985074,0.7859290247590602,0.7964613490714769,0.7918826901630477,0.8582386596302288,0.8546606179844242,0.7211404406093128,1097,0.8696582756026633,403,0.9511717430944824,268,0.5898540185304891,0.7585704216327054,0.8787844508432744,0.9218033538582471,38.86888122558594,1.3378411531448364,-3.535123109817505,0.8059805282053626,0.7882063882063882,814,0.861547593602255,230,430,0.4753643870353699,6.281978130340576,57472,1068,17669,4d5e678,b9288cb03392952e,2.9.1+cu128,3.12.3
stageF_4166650690,"{""epochs"": 1000, ""eval_every"": 10, ""lr"": 0.0003, ""neg_ratio"": 2.0, ""num_layers"": 1, ""patience"": 20, ""seed"": 0, ""tag"": ""tuned_sage"", ""temperature"": 0.2}",stageF/stageF_4166650690.json,stageF,tuned_sage,0,,sage,sage,multiplicity,1,64,1,0.0003,0.2,1000,20,10,0.0,uniform,2.0,0.75,100,3.0,,0.001,,0.7945089038922217,0.7958013785091461,0.7980138996949286,0.8008664366223196,0.8385907203988452,0.8513604762448835,0.7268934816055305,1097,0.869050559716156,403,0.9591873775916796,268,0.6346988795518208,0.7505187846883348,0.8550236528177705,0.9296652188372351,57.78511047363281,1.532200574874878,-3.7585067749023438,0.7024036876247611,0.7584766584766585,814,0.9054623419150121,860,1000,0.5635305643081665,25.058389902114868,49216,1068,17669,4d5e678,b9288cb03392952e,2.9.1+cu128,3.12.3
stageF_8389024358,"{""epochs"": 1000, ""eval_every"": 10, ""lr"": 0.0003, ""neg_ratio"": 2.0, ""num_layers"": 1, ""patience"": 20, ""seed"": 1, ""tag"": ""tuned_sage"", ""temperature"": 0.2}",stageF/stageF_8389024358.json,stageF,tuned_sage,1,,sage,sage,multiplicity,1,64,1,0.0003,0.2,1000,20,10,0.0,uniform,2.0,0.75,100,3.0,,0.001,,0.7948179424049466,0.7952594051818742,0.7995917236543068,0.8064638695248327,0.8377243888331526,0.8496105034043002,0.7284887414049835,1097,0.86732144661644,403,0.9572963800904978,268,0.6320836026718379,0.7523117341456442,0.8574454956807899,0.9291222828003911,57.927764892578125,1.5277982950210571,-3.760544776916504,0.7072377060081266,0.7671990171990172,814,0.9069082819260631,960,1000,0.5644591450691223,24.993568897247314,49216,1068,17669,4d5e678,b9288cb03392952e,2.9.1+cu128,3.12.3
stageF_4539376205,"{""epochs"": 1000, ""eval_every"": 10, ""lr"": 0.0003, ""neg_ratio"": 2.0, ""num_layers"": 1, ""patience"": 20, ""seed"": 2, ""tag"": ""tuned_sage"", ""temperature"": 0.2}",stageF/stageF_4539376205.json,stageF,tuned_sage,2,,sage,sage,multiplicity,1,64,1,0.0003,0.2,1000,20,10,0.0,uniform,2.0,0.75,100,3.0,,0.001,,0.7955207970762269,0.7964190665858317,0.7985635147724248,0.8073566316201194,0.8482080245080977,0.8589690391817347,0.7275838671489913,1097,0.8726898375307366,403,0.9575644121023841,268,0.6336376858435682,0.7443611431500706,0.8622197655285893,0.9338852553185056,58.08489227294922,1.5189236402511597,-3.7589669227600098,0.7127826242456431,0.7692874692874694,814,0.9091315408872908,960,1000,0.5651625394821167,25.018383026123047,49216,1068,17669,4d5e678,b9288cb03392952e,2.9.1+cu128,3.12.3
stageF_6565545936,"{""epochs"": 1000, ""eval_every"": 10, ""lr"": 0.0003, ""neg_ratio"": 2.0, ""num_layers"": 1, ""patience"": 20, ""seed"": 3, ""tag"": ""tuned_sage"", ""temperature"": 0.2}",stageF/stageF_6565545936.json,stageF,tuned_sage,3,,sage,sage,multiplicity,1,64,1,0.0003,0.2,1000,20,10,0.0,uniform,2.0,0.75,100,3.0,,0.001,,0.796656497614709,0.797497476466461,0.796822213918634,0.8029097607779218,0.8402066143199362,0.8522003763437457,0.7302185722476354,1097,0.8697186261410461,403,0.958739954075775,268,0.6346382783882784,0.7530954563826535,0.8576858802961744,0.9329354321821243,57.817237854003906,1.5331649780273438,-3.7610743045806885,0.7045836759398891,0.7674447174447175,814,0.9066014180945472,930,1000,0.5655603408813477,24.98129439353943,49216,1068,17669,4d5e678,b9288cb03392952e,2.9.1+cu128,3.12.3
stageF_0392021633,"{""epochs"": 1000, ""eval_every"": 10, ""lr"": 0.0003, ""neg_ratio"": 2.0, ""num_layers"": 1, ""patience"": 20, ""seed"": 4, ""tag"": ""tuned_sage"", ""temperature"": 0.2}",stageF/stageF_0392021633.json,stageF,tuned_sage,4,,sage,sage,multiplicity,1,64,1,0.0003,0.2,1000,20,10,0.0,uniform,2.0,0.75,100,3.0,,0.001,,0.7955214369075161,0.7952054026451444,0.7978622596793676,0.8056651129429424,0.8414789188386806,0.8528260624459028,0.7286784814199153,1097,0.8698814322445909,403,0.9573111535084756,268,0.636790293040293,0.74886384920987,0.8568310366104482,0.9316165133176794,57.9749870300293,1.528194546699524,-3.7604634761810303,0.7132832773287492,0.7729729729729731,814,0.905929074726108,970,1000,0.5642498135566711,24.9877667427063,49216,1068,17669,4d5e678,b9288cb03392952e,2.9.1+cu128,3.12.3
stageF_0333384041,"{""epochs"": 1000, ""eval_every"": 10, ""lr"": 0.0003, ""neg_ratio"": 2.0, ""num_layers"": 1, ""patience"": 20, ""seed"": 5, ""tag"": ""tuned_sage"", ""temperature"": 0.2}",stageF/stageF_0333384041.json,stageF,tuned_sage,5,,sage,sage,multiplicity,1,64,1,0.0003,0.2,1000,20,10,0.0,uniform,2.0,0.75,100,3.0,,0.001,,0.7957898461333716,0.7959125527085198,0.7991633566061301,0.808678723251858,0.8436418685121106,0.8560040186804762,0.7292430610839106,1097,0.8677088128628051,403,0.960037904369555,268,0.628145873734109,0.7508280838730665,0.86133921225833,0.9343337129266645,57.90237045288086,1.5217974185943604,-3.758349895477295,0.7100885366035588,0.7722358722358724,814,0.9093164547136677,1000,1000,0.5648695230484009,24.976887226104736,49216,1068,17669,4d5e678,b9288cb03392952e,2.9.1+cu128,3.12.3
stageF_7608228550,"{""epochs"": 1000, ""eval_every"": 10, ""lr"": 0.0003, ""neg_ratio"": 2.0, ""num_layers"": 1, ""patience"": 20, ""seed"": 6, ""tag"": ""tuned_sage"", ""temperature"": 0.2}",stageF/stageF_7608228550.json,stageF,tuned_sage,6,,sage,sage,multiplicity,1,64,1,0.0003,0.2,1000,20,10,0.0,uniform,2.0,0.75,100,3.0,,0.001,,0.7914207581744845,0.7933546284503488,0.7949884574435413,0.8037338689977552,0.8400434573411684,0.8513922001854597,0.7235802497143589,1097,0.8665944331540595,403,0.9560701863983251,268,0.6203768045679809,0.7455736945356322,0.8571999691484985,0.9338247891241472,57.97169876098633,1.5193229913711548,-3.758408546447754,0.7137867617192544,0.764004914004914,814,0.9092857700827792,990,1000,0.5675805807113647,24.92349123954773,49216,1068,17669,4d5e678,b9288cb03392952e,2.9.1+cu128,3.12.3
stageF_8284605548,"{""epochs"": 1000, ""eval_every"": 10, ""lr"": 0.0003, ""neg_ratio"": 2.0, ""num_layers"": 1, ""patience"": 20, ""seed"": 7, ""tag"": ""tuned_sage"", ""temperature"": 0.2}",stageF/stageF_8284605548.json,stageF,tuned_sage,7,,sage,sage,multiplicity,1,64,1,0.0003,0.2,1000,20,10,0.0,uniform,2.0,0.75,100,3.0,,0.001,,0.7947613173358449,0.7957786949208002,0.7993984946049426,0.8058339700118498,0.8437871102147787,0.8557304721748412,0.7282938454113853,1097,0.8674393406914207,403,0.9575433072195583,268,0.6320216548157724,0.7468207494159051,0.8605550699300698,0.9315232946013766,57.60842514038086,1.5191173553466797,-3.7537543773651123,0.7113422681289168,0.7606879606879607,814,0.9051455127126716,960,1000,0.5649237632751465,24.969210624694824,49216,1068,17669,4d5e678,b9288cb03392952e,2.9.1+cu128,3.12.3
stageF_9639681418,"{""epochs"": 1000, ""eval_every"": 10, ""lr"": 0.0003, ""neg_ratio"": 2.0, ""num_layers"": 1, ""patience"": 20, ""seed"": 8, ""tag"": ""tuned_sage"", ""temperature"": 0.2}",stageF/stageF_9639681418.json,stageF,tuned_sage,8,,sage,sage,multiplicity,1,64,1,0.0003,0.2,1000,20,10,0.0,uniform,2.0,0.75,100,3.0,,0.001,,0.7940224721545421,0.7971656824990212,0.7939282569971949,0.8015110771731517,0.8438085445629697,0.8558152901590449,0.7270159360988627,1097,0.8676189888056768,403,0.9576298372391437,268,0.6260255063563888,0.7459187294827434,0.8607877416700946,0.9349169597597478,58.1739616394043,1.5206916332244873,-3.760519504547119,0.7129751630139656,0.7665847665847666,814,0.9094827244601902,1000,1000,0.562633216381073,25.015748739242554,49216,1068,17669,4d5e678,b9288cb03392952e,2.9.1+cu128,3.12.3
stageF_3043918012,"{""epochs"": 1000, ""eval_every"": 10, ""lr"": 0.0003, ""neg_ratio"": 2.0, ""num_layers"": 1, ""patience"": 20, ""seed"": 9, ""tag"": ""tuned_sage"", ""temperature"": 0.2}",stageF/stageF_3043918012.json,stageF,tuned_sage,9,,sage,sage,multiplicity,1,64,1,0.0003,0.2,1000,20,10,0.0,uniform,2.0,0.75,100,3.0,,0.001,,0.7902601042157203,0.7903985913262208,0.80108029114883,0.8077940423850303,0.8380132726602649,0.8494450806018066,0.7228063373164988,1097,0.8654056678980047,403,0.9533687613966366,268,0.6228789592760181,0.742631039343842,0.85820264294529,0.9289396245049331,58.0481071472168,1.5271761417388916,-3.761012554168701,0.7034405183134267,0.7675675675675675,814,0.9080434881072824,980,1000,0.5647691488265991,25.079529762268066,49216,1068,17669,4d5e678,b9288cb03392952e,2.9.1+cu128,3.12.3
stageF_1490799009,"{""backbone"": ""gat"", ""epochs"": 1000, ""eval_every"": 10, ""lr"": 0.0003, ""neg_ratio"": 2.0, ""num_layers"": 1, ""patience"": 20, ""seed"": 0, ""tag"": ""tuned"", ""temperature"": 0.2}",stageF/stageF_1490799009.json,stageF,tuned,0,,gat,gat,multiplicity,1,64,1,0.0003,0.2,1000,20,10,0.0,uniform,2.0,0.75,100,3.0,,0.001,,0.8248586612681967,0.8266943344750303,0.821491549108331,0.8301933659854858,0.8694401860117524,0.8757743650272989,0.7671848768958534,1097,0.88933114761461,403,0.963984517457959,268,0.6715726675285498,0.8151019331815178,0.8824107877416701,0.9218197301192192,55.64461135864258,1.4199467897415161,-3.71185564994812,0.734232490719153,0.7670761670761671,814,0.8825406247566076,880,1000,0.5697030425071716,27.078614711761475,98880,1068,17669,4d5e678,b9288cb03392952e,2.9.1+cu128,3.12.3
stageF_7393216224,"{""backbone"": ""gat"", ""epochs"": 1000, ""eval_every"": 10, ""lr"": 0.0003, ""neg_ratio"": 2.0, ""num_layers"": 1, ""patience"": 20, ""seed"": 1, ""tag"": ""tuned"", ""temperature"": 0.2}",stageF/stageF_7393216224.json,stageF,tuned,1,,gat,gat,multiplicity,1,64,1,0.0003,0.2,1000,20,10,0.0,uniform,2.0,0.75,100,3.0,,0.001,,0.8268216636637251,0.8266625266386578,0.820490213140599,0.8268971326266102,0.8677820632255686,0.8735943806058626,0.7754071160755165,1097,0.8836188989816198,403,0.9518682042277302,268,0.6910081340228399,0.8244573093189009,0.8754730563554093,0.9086040875147388,55.63783264160156,1.4349942207336426,-3.714292287826538,0.697110760678357,0.7692874692874694,814,0.8835609075078963,910,1000,0.5745384693145752,27.17568802833557,98880,1068,17669,4d5e678,b9288cb03392952e,2.9.1+cu128,3.12.3
stageF_1337043395,"{""backbone"": ""gat"", ""epochs"": 1000, ""eval_every"": 10, ""lr"": 0.0003, ""neg_ratio"": 2.0, ""num_layers"": 1, ""patience"": 20, ""seed"": 2, ""tag"": ""tuned"", ""temperature"": 0.2}",stageF/stageF_1337043395.json,stageF,tuned,2,,gat,gat,multiplicity,1,64,1,0.0003,0.2,1000,20,10,0.0,uniform,2.0,0.75,100,3.0,,0.001,,0.8264496017690055,0.8270286034240246,0.8225837411191417,0.8268144544214292,0.8569042914764236,0.8641592455416904,0.777772679087763,1097,0.8778210367941793,403,0.9484492132099682,268,0.7079522193492782,0.8259495854651564,0.8706255141916908,0.8945142045168246,56.01296615600586,1.478040337562561,-3.737394332885742,0.712238549561432,0.7665847665847666,814,0.8888156167538965,960,1000,0.5730871558189392,27.12235975265503,98880,1068,17669,4d5e678,b9288cb03392952e,2.9.1+cu128,3.12.3
stageF_3121753083,"{""backbone"": ""gat"", ""epochs"": 1000, ""eval_every"": 10, ""lr"": 0.0003, ""neg_ratio"": 2.0, ""num_layers"": 1, ""patience"": 20, ""seed"": 3, ""tag"": ""tuned"", ""temperature"": 0.2}",stageF/stageF_3121753083.json,stageF,tuned,3,,gat,gat,multiplicity,1,64,1,0.0003,0.2,1000,20,10,0.0,uniform,2.0,0.75,100,3.0,,0.001,,0.8237085645257058,0.824588759278287,0.8212708073135275,0.82886621697294,0.8618069987305748,0.870445234419713,0.7697252275848983,1097,0.8842518778841943,403,0.953636793408523,268,0.6807045895281189,0.8156712408442511,0.8791713800904976,0.9113414425218436,55.912132263183594,1.4515745639801025,-3.725233793258667,0.7257834205743846,0.7750614250614252,814,0.8849555863122796,940,1000,0.5715020895004272,27.082725286483765,98880,1068,17669,4d5e678,b9288cb03392952e,2.9.1+cu128,3.12.3
stageF_0506522739,"{""backbone"": ""gat"", ""epochs"": 1000, ""eval_every"": 10, ""lr"": 0.0003, ""neg_ratio"": 2.0, ""num_layers"": 1, ""patience"": 20, ""seed"": 4, ""tag"": ""tuned"", ""temperature"": 0.2}",stageF/stageF_0506522739.json,stageF,tuned,4,,gat,gat,multiplicity,1,64,1,0.0003,0.2,1000,20,10,0.0,uniform,2.0,0.75,100,3.0,,0.001,,0.822438499416474,0.8205448453740256,0.8187306770950636,0.8269367676329027,0.8638439016400155,0.8703437269012841,0.7679649764681133,1097,0.8842350358734828,403,0.9524886877828055,268,0.6750067334626157,0.8210525537515156,0.875413924310983,0.9098512027733828,55.64369201660156,1.4440116882324219,-3.720677375793457,0.7297595577484093,0.7654791154791154,814,0.8857754326889665,940,1000,0.570523202419281,27.584325075149536,98880,1068,17669,4d5e678,b9288cb03392952e,2.9.1+cu128,3.12.3
stageF_6025563517,"{""backbone"": ""gat"", ""epochs"": 1000, ""eval_every"": 10, ""lr"": 0.0003, ""neg_ratio"": 2.0, ""num_layers"": 1, ""patience"": 20, ""seed"": 5, ""tag"": ""tuned"", ""temperature"": 0.2}",stageF/stageF_6025563517.json,stageF,tuned,5,,gat,gat,multiplicity,1,64,1,0.0003,0.2,1000,20,10,0.0,uniform,2.0,0.75,100,3.0,,0.001,,0.8243512750557932,0.8242349753091506,0.8217887507422041,0.8284752098757844,0.8643893578141317,0.8734502966146088,0.7714014362494175,1097,0.8844287189966653,403,0.9507496454379687,268,0.679557207498384,0.8225867269984917,0.8794593274372685,0.9075937981839985,55.81580352783203,1.438598871231079,-3.716777801513672,0.7123990067560194,0.7675675675675675,814,0.8849280707744491,960,1000,0.5729745626449585,27.157759428024292,98880,1068,17669,4d5e678,b9288cb03392952e,2.9.1+cu128,3.12.3
stageF_6839334145,"{""backbone"": ""gat"", ""epochs"": 1000, ""eval_every"": 10, ""lr"": 0.0003, ""neg_ratio"": 2.0, ""num_layers"": 1, ""patience"": 20, ""seed"": 6, ""tag"": ""tuned"", ""temperature"": 0.2}",stageF/stageF_6839334145.json,stageF,tuned,6,,gat,gat,multiplicity,1,64,1,0.0003,0.2,1000,20,10,0.0,uniform,2.0,0.75,100,3.0,,0.001,,0.825171858684302,0.8240076889610097,0.8207151138387832,0.8272562938626883,0.8495535897094653,0.8570911355110473,0.7765656644819066,1097,0.8775978801522517,403,0.9452961437158102,268,0.7048023055375997,0.8247173177969026,0.8698902200740435,0.8944096483890798,55.08790588378906,1.4711544513702393,-3.7305803298950195,0.7003224793827595,0.7742014742014742,814,0.8818007091148609,790,990,0.5723090171813965,26.8636953830719,98880,1068,17669,4d5e678,b9288cb03392952e,2.9.1+cu128,3.12.3
stageF_9327310706,"{""backbone"": ""gat"", ""epochs"": 1000, ""eval_every"": 10, ""lr"": 0.0003, ""neg_ratio"": 2.0, ""num_layers"": 1, ""patience"": 20, ""seed"": 7, ""tag"": ""tuned"", ""temperature"": 0.2}",stageF/stageF_9327310706.json,stageF,tuned,7,,gat,gat,multiplicity,1,64,1,0.0003,0.2,1000,20,10,0.0,uniform,2.0,0.75,100,3.0,,0.001,,0.8253506915296575,0.8270044627806483,0.8206031433631581,0.8264536190520464,0.8619989481173604,0.8682725907580162,0.7730745513267364,1097,0.8825760978183982,403,0.9532801208887688,268,0.6900573691014867,0.819816589280257,0.8759396853146852,0.9079880881597115,55.740413665771484,1.4531842470169067,-3.7241973876953125,0.6971514742868452,0.7793611793611794,814,0.8846955729907742,880,1000,0.5710769295692444,27.266920566558838,98880,1068,17669,4d5e678,b9288cb03392952e,2.9.1+cu128,3.12.3
stageF_1414972648,"{""backbone"": ""gat"", ""epochs"": 1000, ""eval_every"": 10, ""lr"": 0.0003, ""neg_ratio"": 2.0, ""num_layers"": 1, ""patience"": 20, ""seed"": 8, ""tag"": ""tuned"", ""temperature"": 0.2}",stageF/stageF_1414972648.json,stageF,tuned,8,,gat,gat,multiplicity,1,64,1,0.0003,0.2,1000,20,10,0.0,uniform,2.0,0.75,100,3.0,,0.001,,0.8230872883438095,0.8218756820007787,0.8194891970885116,0.8274781820025316,0.8669627592596385,0.8742684683151735,0.7671632217854535,1097,0.8840483702547635,403,0.9603312622408321,268,0.6714285714285715,0.8186200573743827,0.8773100061703003,0.9163815517641012,55.99197769165039,1.4313781261444092,-3.7186167240142822,0.7348371672199244,0.7745700245700246,814,0.8853139867061002,950,1000,0.570286750793457,27.201619625091553,98880,1068,17669,4d5e678,b9288cb03392952e,2.9.1+cu128,3.12.3
stageF_0826918280,"{""backbone"": ""gat"", ""epochs"": 1000, ""eval_every"": 10, ""lr"": 0.0003, ""neg_ratio"": 2.0, ""num_layers"": 1, ""patience"": 20, ""seed"": 9, ""tag"": ""tuned"", ""temperature"": 0.2}",stageF/stageF_0826918280.json,stageF,tuned,9,,gat,gat,multiplicity,1,64,1,0.0003,0.2,1000,20,10,0.0,uniform,2.0,0.75,100,3.0,,0.001,,0.8202925052722098,0.8216358003583237,0.8197652842898385,0.8254350691741161,0.8559227902786594,0.8632750624552776,0.7689755482867714,1097,0.8768175336559514,403,0.9453489059228743,268,0.6947223120017237,0.8167383846449591,0.8680082784862198,0.8946263189188643,56.07230758666992,1.4639053344726562,-3.726111650466919,0.6905932686188788,0.7617936117936118,814,0.8851349554774216,930,1000,0.5752168893814087,27.09831142425537,98880,1068,17669,4d5e678,b9288cb03392952e,2.9.1+cu128,3.12.3
stageF_2217641499,"{""backbone"": ""sage"", ""epochs"": 1000, ""eval_every"": 10, ""lr"": 0.01, ""neg_ratio"": 2.0, ""num_layers"": 1, ""patience"": 20, ""seed"": 0, ""tag"": ""tuned_joint_sage"", ""temperature"": 0.05}",stageF/stageF_2217641499.json,stageF,tuned_joint_sage,0,,sage,sage,multiplicity,1,64,1,0.01,0.05,1000,20,10,0.0,uniform,2.0,0.75,100,3.0,,0.001,,0.7130823744395078,0.6862696553332743,0.7064351671751192,0.6816873159484901,0.6900666832169694,0.6576932750621388,0.7135028894104448,1097,0.7065476123642815,403,0.7211876139663672,268,0.7795033397974573,0.7392188901704473,0.7028434800493624,0.6342664442854407,15.754682540893555,0.5778188705444336,-1.3372528553009033,0.05980805410497455,0.596068796068796,814,0.7077144170939698,20,220,1.1562641859054565,6.136796712875366,49216,1068,17669,4d5e678,b9288cb03392952e,2.9.1+cu128,3.12.3
stageF_8026637207,"{""backbone"": ""sage"", ""epochs"": 1000, ""eval_every"": 10, ""lr"": 0.01, ""neg_ratio"": 2.0, ""num_layers"": 1, ""patience"": 20, ""seed"": 1, ""tag"": ""tuned_joint_sage"", ""temperature"": 0.05}",stageF/stageF_8026637207.json,stageF,tuned_joint_sage,1,,sage,sage,multiplicity,1,64,1,0.01,0.05,1000,20,10,0.0,uniform,2.0,0.75,100,3.0,,0.001,,0.7041656855920232,0.6799203328025355,0.7110029227493295,0.6935501817367078,0.710579674351467,0.6868393355511899,0.6680250951793663,1097,0.7158008937493684,403,0.8346031437833457,268,0.6553127020038785,0.6791470736107414,0.7191395002056766,0.7607655020205787,60.567474365234375,1.7954347133636475,-3.822144031524658,0.6036126098869578,0.5785012285012284,814,0.8041841405476451,480,680,0.8151170611381531,16.98350691795349,49216,1068,17669,4d5e678,b9288cb03392952e,2.9.1+cu128,3.12.3
stageF_5378563024,"{""backbone"": ""sage"", ""epochs"": 1000, ""eval_every"": 10, ""lr"": 0.01, ""neg_ratio"": 2.0, ""num_layers"": 1, ""patience"": 20, ""seed"": 2, ""tag"": ""tuned_joint_sage"", ""temperature"": 0.05}",stageF/stageF_5378563024.json,stageF,tuned_joint_sage,2,,sage,sage,multiplicity,1,64,1,0.01,0.05,1000,20,10,0.0,uniform,2.0,0.75,100,3.0,,0.001,,0.718719608013759,0.6905198436754454,0.7098733006080957,0.6780967654668448,0.694291809135767,0.6589882520453897,0.7161448128792222,1097,0.7176675499365618,403,0.7308409873708381,268,0.781827731092437,0.7419705438736581,0.7129550596462361,0.6415677372542301,16.109434127807617,0.5630949139595032,-1.3419201374053955,0.0678167227692158,0.606019656019656,814,0.7109524742228448,20,220,1.1707725524902344,5.649760723114014,49216,1068,17669,4d5e678,b9288cb03392952e,2.9.1+cu128,3.12.3
stageF_7091541033,"{""backbone"": ""sage"", ""epochs"": 1000, ""eval_every"": 10, ""lr"": 0.01, ""neg_ratio"": 2.0, ""num_layers"": 1, ""patience"": 20, ""seed"": 3, ""tag"": ""tuned_joint_sage"", ""temperature"": 0.05}",stageF/stageF_7091541033.json,stageF,tuned_joint_sage,3,,sage,sage,multiplicity,1,64,1,0.01,0.05,1000,20,10,0.0,uniform,2.0,0.75,100,3.0,,0.001,,0.7147734485370897,0.690214936410927,0.70860643465531,0.6819898562538207,0.7039817340963536,0.6720093295446246,0.7096508577486109,1097,0.710645834970751,403,0.7419484872019991,268,0.7717194570135748,0.7303551888326975,0.7067834738790622,0.6534065142246723,20.223907470703125,0.3155866861343384,-0.8649635314941406,0.1312074807019289,0.5969287469287469,814,0.7072357839128915,10,210,1.117444634437561,5.3851892948150635,49216,1068,17669,4d5e678,b9288cb03392952e,2.9.1+cu128,3.12.3
stageF_5388766220,"{""backbone"": ""sage"", ""epochs"": 1000, ""eval_every"": 10, ""lr"": 0.01, ""neg_ratio"": 2.0, ""num_layers"": 1, ""patience"": 20, ""seed"": 4, ""tag"": ""tuned_joint_sage"", ""temperature"": 0.05}",stageF/stageF_5388766220.json,stageF,tuned_joint_sage,4,,sage,sage,multiplicity,1,64,1,0.01,0.05,1000,20,10,0.0,uniform,2.0,0.75,100,3.0,,0.001,,0.7178471980508179,0.6922033438296381,0.708536693044778,0.6820800169901482,0.6930319813271637,0.6608339553964884,0.7167882790168167,1097,0.7140226581184106,403,0.727932734517458,268,0.7843931803490627,0.7397684815504885,0.7096642328259976,0.6412087192252265,16.39362144470215,0.7468195557594299,-1.639467477798462,0.06676195224603687,0.6223587223587224,814,0.7105742457199308,20,220,1.1388615369796753,5.643866777420044,49216,1068,17669,4d5e678,b9288cb03392952e,2.9.1+cu128,3.12.3
stageF_6004495916,"{""backbone"": ""sage"", ""epochs"": 1000, ""eval_every"": 10, ""lr"": 0.01, ""neg_ratio"": 2.0, ""num_layers"": 1, ""patience"": 20, ""seed"": 5, ""tag"": ""tuned_joint_sage"", ""temperature"": 0.05}",stageF/stageF_6004495916.json,stageF,tuned_joint_sage,5,,sage,sage,multiplicity,1,64,1,0.01,0.05,1000,20,10,0.0,uniform,2.0,0.75,100,3.0,,0.001,,0.7240422045515038,0.6987039226842029,0.7150367391126309,0.6887238490492119,0.7159926470588236,0.6876557860563255,0.7198725854551904,1097,0.7199692914004694,403,0.7472342051056933,268,0.7789754363283775,0.741843620303828,0.7173456139448787,0.6610214755766963,19.38395881652832,0.3826759159564972,-1.036468744277954,0.12916181178015493,0.6291154791154792,814,0.7129705631957483,10,210,1.125836730003357,5.400176525115967,49216,1068,17669,4d5e678,b9288cb03392952e,2.9.1+cu128,3.12.3
stageF_8473413559,"{""backbone"": ""sage"", ""epochs"": 1000, ""eval_every"": 10, ""lr"": 0.01, ""neg_ratio"": 2.0, ""num_layers"": 1, ""patience"": 20, ""seed"": 6, ""tag"": ""tuned_joint_sage"", ""temperature"": 0.05}",stageF/stageF_8473413559.json,stageF,tuned_joint_sage,6,,sage,sage,multiplicity,1,64,1,0.01,0.05,1000,20,10,0.0,uniform,2.0,0.75,100,3.0,,0.001,,0.7170394110480949,0.6862112656590527,0.716075505210786,0.6894150011612503,0.7118191875166356,0.6824930998889516,0.7114386933512624,1097,0.716845800163929,403,0.7402558755993787,268,0.7653933688860161,0.731954672266091,0.7154263934594817,0.6581417730703726,19.205638885498047,0.2759751081466675,-0.7917236685752869,0.14232358322556898,0.6047911547911548,814,0.7137205718732058,10,210,1.1391088962554932,5.418908596038818,49216,1068,17669,4d5e678,b9288cb03392952e,2.9.1+cu128,3.12.3
stageF_5036994946,"{""backbone"": ""sage"", ""epochs"": 1000, ""eval_every"": 10, ""lr"": 0.01, ""neg_ratio"": 2.0, ""num_layers"": 1, ""patience"": 20, ""seed"": 7, ""tag"": ""tuned_joint_sage"", ""temperature"": 0.05}",stageF/stageF_5036994946.json,stageF,tuned_joint_sage,7,,sage,sage,multiplicity,1,64,1,0.01,0.05,1000,20,10,0.0,uniform,2.0,0.75,100,3.0,,0.001,,0.7049789111607051,0.6803308261188592,0.7150367391126308,0.6952270526615553,0.7155489240597039,0.6883341016371212,0.6663380589596473,1097,0.7261643443405229,403,0.8312896771797122,268,0.6603089312648137,0.6661700627963603,0.7279810263266147,0.7638958872910137,60.702613830566406,1.7937839031219482,-3.821268320083618,0.5886633758759047,0.5804668304668305,814,0.8038927767352563,390,590,0.8158737421035767,14.764233350753784,49216,1068,17669,4d5e678,b9288cb03392952e,2.9.1+cu128,3.12.3
stageF_2395114082,"{""backbone"": ""sage"", ""epochs"": 1000, ""eval_every"": 10, ""lr"": 0.01, ""neg_ratio"": 2.0, ""num_layers"": 1, ""patience"": 20, ""seed"": 8, ""tag"": ""tuned_joint_sage"", ""temperature"": 0.05}",stageF/stageF_2395114082.json,stageF,tuned_joint_sage,8,,sage,sage,multiplicity,1,64,1,0.01,0.05,1000,20,10,0.0,uniform,2.0,0.75,100,3.0,,0.001,,0.7141940813046417,0.6897415895901815,0.7023357681046662,0.6765904378135754,0.6847808769783583,0.6555170558880312,0.7140937645656397,1097,0.7117363551643219,403,0.7183004659958128,268,0.7784933204050851,0.7387728092745395,0.7106309132044426,0.6324134073708291,14.904111862182617,0.7080256342887878,-1.4960960149765015,0.050584044273367205,0.601965601965602,814,0.7042639806655485,20,220,1.1637095212936401,5.6380250453948975,49216,1068,17669,4d5e678,b9288cb03392952e,2.9.1+cu128,3.12.3
stageF_3228824727,"{""backbone"": ""sage"", ""epochs"": 1000, ""eval_every"": 10, ""lr"": 0.01, ""neg_ratio"": 2.0, ""num_layers"": 1, ""patience"": 20, ""seed"": 9, ""tag"": ""tuned_joint_sage"", ""temperature"": 0.05}",stageF/stageF_3228824727.json,stageF,tuned_joint_sage,9,,sage,sage,multiplicity,1,64,1,0.01,0.05,1000,20,10,0.0,uniform,2.0,0.75,100,3.0,,0.001,,0.7190708753915768,0.6875651328279022,0.7098462677361232,0.6734540258794389,0.7130772557891936,0.6762563099575631,0.7151244447010975,1097,0.7159833488654099,403,0.7398675457553859,268,0.7694583602671837,0.7384499551454569,0.7140528589058001,0.6570445635852422,20.710617065429688,0.3368806540966034,-0.9242072105407715,0.14339536132350778,0.6124078624078624,814,0.7119175581818575,10,210,1.1097618341445923,5.427739858627319,49216,1068,17669,4d5e678,b9288cb03392952e,2.9.1+cu128,3.12.3
stageF_6150519955,"{""backbone"": ""gat"", ""epochs"": 1000, ""eval_every"": 10, ""lr"": 0.01, ""neg_ratio"": 2.0, ""num_layers"": 1, ""patience"": 20, ""seed"": 0, ""tag"": ""tuned_joint_gat"", ""temperature"": 0.05}",stageF/stageF_6150519955.json,stageF,tuned_joint_gat,0,,gat,gat,multiplicity,1,64,1,0.01,0.05,1000,20,10,0.0,uniform,2.0,0.75,100,3.0,,0.001,,0.7518398348723409,0.7321577472332088,0.7424077619213366,0.7163524523168866,0.7510096537744928,0.7494025509068096,0.7456047859856375,1097,0.7595248588078102,403,0.7658054467481598,268,0.7716332686920923,0.7978095209929119,0.7535215703414232,0.6846832831127997,6.484379291534424,0.08439350873231888,-0.40852004289627075,0.228572942031577,0.7773955773955773,814,0.7463369126712451,10,210,1.4309675693511963,5.863996744155884,98880,1068,17669,4d5e678,b9288cb03392952e,2.9.1+cu128,3.12.3
stageF_7057655154,"{""backbone"": ""gat"", ""epochs"": 1000, ""eval_every"": 10, ""lr"": 0.01, ""neg_ratio"": 2.0, ""num_layers"": 1, ""patience"": 20, ""seed"": 1, ""tag"": ""tuned_joint_gat"", ""temperature"": 0.05}",stageF/stageF_7057655154.json,stageF,tuned_joint_gat,1,,gat,gat,multiplicity,1,64,1,0.01,0.05,1000,20,10,0.0,uniform,2.0,0.75,100,3.0,,0.001,,0.7480531533445262,0.7340286252037035,0.7374674645789397,0.7137697377847361,0.7436442358878812,0.7465842132226407,0.7429718854795266,1097,0.7556624243513018,403,0.7574099243601,268,0.7719901422107305,0.7975045347450191,0.7482742441382148,0.6748927984762519,6.362180233001709,0.06991391628980637,-0.3405071198940277,0.19724899193000023,0.7972972972972973,814,0.7422258980697816,10,210,1.380350112915039,5.9074482917785645,98880,1068,17669,4d5e678,b9288cb03392952e,2.9.1+cu128,3.12.3
stageF_7228443479,"{""backbone"": ""gat"", ""epochs"": 1000, ""eval_every"": 10, ""lr"": 0.01, ""neg_ratio"": 2.0, ""num_layers"": 1, ""patience"": 20, ""seed"": 2, ""tag"": ""tuned_joint_gat"", ""temperature"": 0.05}",stageF/stageF_7228443479.json,stageF,tuned_joint_gat,2,,gat,gat,multiplicity,1,64,1,0.01,0.05,1000,20,10,0.0,uniform,2.0,0.75,100,3.0,,0.001,,0.7914809023156774,0.7736670191153658,0.7970045658360803,0.789902973794267,0.8369194810712313,0.8068601064538603,0.7264181003724678,1097,0.861770600586102,403,0.9521045789153779,268,0.6478749191984485,0.7548317215272231,0.8446099856026327,0.9112129518588316,60.431583404541016,1.6535100936889648,-3.6858320236206055,0.7562475865531063,0.6022113022113021,814,0.8834845764221009,1000,1000,0.744304895401001,26.918731689453125,98880,1068,17669,4d5e678,b9288cb03392952e,2.9.1+cu128,3.12.3
stageF_1588098979,"{""backbone"": ""gat"", ""epochs"": 1000, ""eval_every"": 10, ""lr"": 0.01, ""neg_ratio"": 2.0, ""num_layers"": 1, ""patience"": 20, ""seed"": 3, ""tag"": ""tuned_joint_gat"", ""temperature"": 0.05}",stageF/stageF_1588098979.json,stageF,tuned_joint_gat,3,,gat,gat,multiplicity,1,64,1,0.01,0.05,1000,20,10,0.0,uniform,2.0,0.75,100,3.0,,0.001,,0.7498843504944617,0.7355022352176065,0.7383886616776887,0.7187593798859846,0.739933534325669,0.7396153499989953,0.7457692617051027,1097,0.7544252383144516,403,0.7599003005335315,268,0.7731388709329885,0.797619751772001,0.7502256016042781,0.678998830986909,5.975094795227051,0.1570567488670349,-0.6182845234870911,0.1972296478392341,0.7875921375921376,814,0.7430643785133908,10,210,1.3363193273544312,5.903347492218018,98880,1068,17669,4d5e678,b9288cb03392952e,2.9.1+cu128,3.12.3
stageF_5502842560,"{""backbone"": ""gat"", ""epochs"": 1000, ""eval_every"": 10, ""lr"": 0.01, ""neg_ratio"": 2.0, ""num_layers"": 1, ""patience"": 20, ""seed"": 4, ""tag"": ""tuned_joint_gat"", ""temperature"": 0.05}",stageF/stageF_5502842560.json,stageF,tuned_joint_gat,4,,gat,gat,multiplicity,1,64,1,0.01,0.05,1000,20,10,0.0,uniform,2.0,0.75,100,3.0,,0.001,,0.7951384978808788,0.7724093325484082,0.7968334109661963,0.7868277334689393,0.841832425626011,0.8119782761834122,0.7339442824321369,1097,0.8601902585810045,403,0.9478034037955022,268,0.6555429864253395,0.7606110568913336,0.8411636157959688,0.9159116790454402,61.56294250488281,1.663946270942688,-3.709198236465454,0.754506609935563,0.6345208845208845,814,0.8910835834576326,940,1000,0.7197294235229492,27.009350538253784,98880,1068,17669,4d5e678,b9288cb03392952e,2.9.1+cu128,3.12.3
stageF_9800714091,"{""backbone"": ""gat"", ""epochs"": 1000, ""eval_every"": 10, ""lr"": 0.01, ""neg_ratio"": 2.0, ""num_layers"": 1, ""patience"": 20, ""seed"": 5, ""tag"": ""tuned_joint_gat"", ""temperature"": 0.05}",stageF/stageF_9800714091.json,stageF,tuned_joint_gat,5,,gat,gat,multiplicity,1,64,1,0.01,0.05,1000,20,10,0.0,uniform,2.0,0.75,100,3.0,,0.001,,0.8057424218382097,0.7910393625475522,0.8006864749902746,0.8010316843206722,0.8497788103232939,0.8277756938453731,0.7432920717547239,1097,0.8715249317898566,403,0.9624501924765313,268,0.6724466709760828,0.765336803399087,0.851997634718223,0.9264063429037882,60.80442428588867,1.6200737953186035,-3.6957743167877197,0.7567463417963672,0.6135135135135135,814,0.8865216614844986,930,1000,0.7248265147209167,27.236374378204346,98880,1068,17669,4d5e678,b9288cb03392952e,2.9.1+cu128,3.12.3
stageF_8280893913,"{""backbone"": ""gat"", ""epochs"": 1000, ""eval_every"": 10, ""lr"": 0.01, ""neg_ratio"": 2.0, ""num_layers"": 1, ""patience"": 20, ""seed"": 6, ""tag"": ""tuned_joint_gat"", ""temperature"": 0.05}",stageF/stageF_8280893913.json,stageF,tuned_joint_gat,6,,gat,gat,multiplicity,1,64,1,0.01,0.05,1000,20,10,0.0,uniform,2.0,0.75,100,3.0,,0.001,,0.7965371690792572,0.785863852377569,0.8007466191314675,0.7919844512206728,0.834935684158801,0.8020172487094916,0.7338148673676048,1097,0.8621214758092586,403,0.9546561592490038,268,0.6599534044386985,0.7589672118218832,0.8371194981489098,0.922937095002469,60.89055252075195,1.6520534753799438,-3.6998090744018555,0.7988069225831655,0.6259213759213759,814,0.8814308739524077,980,1000,0.7352895140647888,26.89156484603882,98880,1068,17669,4d5e678,b9288cb03392952e,2.9.1+cu128,3.12.3
stageF_0058275763,"{""backbone"": ""gat"", ""epochs"": 1000, ""eval_every"": 10, ""lr"": 0.01, ""neg_ratio"": 2.0, ""num_layers"": 1, ""patience"": 20, ""seed"": 7, ""tag"": ""tuned_joint_gat"", ""temperature"": 0.05}",stageF/stageF_0058275763.json,stageF,tuned_joint_gat,7,,gat,gat,multiplicity,1,64,1,0.01,0.05,1000,20,10,0.0,uniform,2.0,0.75,100,3.0,,0.001,,0.7476119896705636,0.7284318329558481,0.738662029596036,0.7146892618621923,0.7529963299277247,0.7550033393145787,0.7384405536283654,1097,0.7630237865331283,403,0.7619780762477206,268,0.7587770685197156,0.7944663788089393,0.7530632969971206,0.6839280855395096,6.92143440246582,0.040853846818208694,-0.23031143844127655,0.24223261169501112,0.7923832923832924,814,0.7452398482522095,10,210,1.444191336631775,5.9331159591674805,98880,1068,17669,4d5e678,b9288cb03392952e,2.9.1+cu128,3.12.3
stageF_2309259016,"{""backbone"": ""gat"", ""epochs"": 1000, ""eval_every"": 10, ""lr"": 0.01, ""neg_ratio"": 2.0, ""num_layers"": 1, ""patience"": 20, ""seed"": 8, ""tag"": ""tuned_joint_gat"", ""temperature"": 0.05}",stageF/stageF_2309259016.json,stageF,tuned_joint_gat,8,,gat,gat,multiplicity,1,64,1,0.01,0.05,1000,20,10,0.0,uniform,2.0,0.75,100,3.0,,0.001,,0.7884935300260028,0.7667284724028871,0.7918289705370487,0.7782515188900593,0.8467191370979299,0.8234912270521926,0.7231868485420956,1097,0.8613972693486633,403,0.9461846592827717,268,0.6449606765783236,0.7446692100671339,0.8424066742081449,0.9147237702687722,60.76592254638672,1.644989252090454,-3.6812477111816406,0.7871369295186517,0.621007371007371,814,0.8820884382328419,980,1000,0.7288177013397217,27.004649877548218,98880,1068,17669,4d5e678,b9288cb03392952e,2.9.1+cu128,3.12.3
stageF_4089237922,"{""backbone"": ""gat"", ""epochs"": 1000, ""eval_every"": 10, ""lr"": 0.01, ""neg_ratio"": 2.0, ""num_layers"": 1, ""patience"": 20, ""seed"": 9, ""tag"": ""tuned_joint_gat"", ""temperature"": 0.05}",stageF/stageF_4089237922.json,stageF,tuned_joint_gat,9,,gat,gat,multiplicity,1,64,1,0.01,0.05,1000,20,10,0.0,uniform,2.0,0.75,100,3.0,,0.001,,0.7947062918449663,0.7839710026584217,0.7983507708687373,0.7888860601776555,0.8406980047501076,0.8128197380880833,0.7278999286412553,1097,0.8720807181433368,403,0.9518133315323833,268,0.6651193169575522,0.7553394158065438,0.8431111168243521,0.9087325781777505,59.557098388671875,1.6450623273849487,-3.655062675476074,0.6983185204529139,0.6326781326781327,814,0.8757731166476718,940,1000,0.7303280234336853,27.239985466003418,98880,1068,17669,4d5e678,b9288cb03392952e,2.9.1+cu128,3.12.3
stageE_9631027224,"{""epochs"": 1000, ""eval_every"": 10, ""patience"": 20, ""remask"": true, ""seed"": 0, ""stage"": ""s1->s2""}",stageE/stageE_9631027224.json,stageE,,0,s1->s2,sage,sage,multiplicity,1,64,2,0.001,0.5,1000,20,10,0.0,uniform,1.0,0.75,100,3.0,True,0.001,,0.7886454899572082,0.7781635421049595,0.7902904962019615,0.7810919153112339,0.8498008845027742,0.8395801489909205,0.7307676839756309,1097,0.8499980350987503,403,0.933298017829405,268,0.6375121202327084,0.7684150080343851,0.8521968839983547,0.888420975722823,25.312204360961914,0.9804717898368835,-2.887683629989624,0.6516097418617388,0.7871007371007371,814,0.8147216503210805,10,100,0.32261785864830017,5.742917776107788,57472,1068,17669,4d5e678,b9288cb03392952e,2.9.1+cu128,3.12.3
stageE_0163794970,"{""epochs"": 1000, ""eval_every"": 10, ""patience"": 20, ""remask"": true, ""seed"": 1, ""stage"": ""s1->s2""}",stageE/stageE_0163794970.json,stageE,,1,s1->s2,sage,sage,multiplicity,1,64,2,0.001,0.5,1000,20,10,0.0,uniform,1.0,0.75,100,3.0,True,0.001,,0.791896792653713,0.7775215606015222,0.792345634303147,0.781191156083726,0.8390981066112488,0.8271039453018134,0.7412956768150076,1097,0.8419250979643623,403,0.923792378604714,268,0.6788313402283991,0.769142045958655,0.8449082167832167,0.8689722762498866,25.268402099609375,1.0077201128005981,-2.8632659912109375,0.5921518820078229,0.8006142506142506,814,0.8117618025148471,20,100,0.28370895981788635,5.482406377792358,57472,1068,17669,4d5e678,b9288cb03392952e,2.9.1+cu128,3.12.3
stageE_7576191352,"{""epochs"": 1000, ""eval_every"": 10, ""patience"": 20, ""remask"": true, ""seed"": 2, ""stage"": ""s1->s2""}",stageE/stageE_7576191352.json,stageE,,2,s1->s2,sage,sage,multiplicity,1,64,2,0.001,0.5,1000,20,10,0.0,uniform,1.0,0.75,100,3.0,True,0.001,,0.7850944263016728,0.7779255498396018,0.7879787857537724,0.7822883591687957,0.8559029555086916,0.8515648654485388,0.720387667723986,1097,0.8586379865937595,403,0.9393677821300735,268,0.6019553975436328,0.7619345123670382,0.8723943336075689,0.8945305807777968,24.983089447021484,0.9724856615066528,-2.899959087371826,0.7195982963810514,0.8063882063882064,814,0.8134584813689044,70,100,0.3338194489479065,6.037489891052246,57472,1068,17669,4d5e678,b9288cb03392952e,2.9.1+cu128,3.12.3
stageE_1501201566,"{""epochs"": 1000, ""eval_every"": 10, ""patience"": 20, ""remask"": true, ""seed"": 3, ""stage"": ""s1->s2""}",stageE/stageE_1501201566.json,stageE,,3,s1->s2,sage,sage,multiplicity,1,64,2,0.001,0.5,1000,20,10,0.0,uniform,1.0,0.75,100,3.0,True,0.001,,0.7929918639053254,0.7817677384271431,0.7916661334739257,0.7812389805350929,0.8411567637845253,0.8338924573396483,0.7373544467222412,1097,0.8528653874223863,403,0.93069789626528,268,0.6577892695539755,0.7659110401324936,0.8615757404360345,0.8799368128268954,23.8619441986084,0.9823182225227356,-2.8469088077545166,0.641994094147074,0.7891891891891893,814,0.8112012610447086,10,100,0.33242133259773254,5.492779016494751,57472,1068,17669,4d5e678,b9288cb03392952e,2.9.1+cu128,3.12.3
stageE_3638467024,"{""epochs"": 1000, ""eval_every"": 10, ""patience"": 20, ""remask"": true, ""seed"": 4, ""stage"": ""s1->s2""}",stageE/stageE_3638467024.json,stageE,,4,s1->s2,sage,sage,multiplicity,1,64,2,0.001,0.5,1000,20,10,0.0,uniform,1.0,0.75,100,3.0,True,0.001,,0.7901350171986651,0.7788885907273624,0.7941237254560718,0.7867509255535503,0.852882311991974,0.8484476113408792,0.7340664791265359,1097,0.8504906639120623,403,0.928880765853988,268,0.6429998922645981,0.7665308707696252,0.859035633484163,0.884377298975098,24.895103454589844,0.9711876511573792,-2.8700807094573975,0.6527993250374007,0.7982800982800983,814,0.816092137881141,10,100,0.30601561069488525,5.858108758926392,57472,1068,17669,4d5e678,b9288cb03392952e,2.9.1+cu128,3.12.3
stageE_6382005727,"{""epochs"": 1000, ""eval_every"": 10, ""patience"": 20, ""remask"": false, ""seed"": 0, ""stage"": ""s1->s2""}",stageE/stageE_6382005727.json,stageE,,0,s1->s2,sage,sage,multiplicity,1,64,2,0.001,0.5,1000,20,10,0.0,uniform,1.0,0.75,100,3.0,False,0.001,,0.7503597451424009,0.7226688920608957,0.7518086430969882,0.7200546322827517,0.7875337830920743,0.7676540265725439,0.7176867082994757,1097,0.7793275546523248,403,0.8405399473222125,268,0.6684597877612584,0.7618581117716066,0.7862093788564376,0.7800844511181205,21.680644989013672,0.08359874784946442,-0.30629071593284607,0.3234448586280565,0.7355036855036856,814,0.7615497959467039,10,100,0.15514740347862244,5.515395164489746,57472,1068,17669,4d5e678,b9288cb03392952e,2.9.1+cu128,3.12.3
stageE_2392522973,"{""epochs"": 1000, ""eval_every"": 10, ""patience"": 20, ""remask"": false, ""seed"": 1, ""stage"": ""s1->s2""}",stageE/stageE_2392522973.json,stageE,,1,s1->s2,sage,sage,multiplicity,1,64,2,0.001,0.5,1000,20,10,0.0,uniform,1.0,0.75,100,3.0,False,0.001,,0.7672500115169633,0.7374447641411759,0.7587424947789767,0.7295120677118023,0.7877985132880163,0.7724423759527573,0.7395570808086224,1097,0.7977155215970718,403,0.8347930877287768,268,0.7099029034690799,0.7865022328690149,0.8002435983134513,0.7688799393322517,20.898447036743164,0.06254523992538452,-0.24356140196323395,0.29411585747356955,0.7600737100737099,814,0.7740440579732957,10,100,0.15629726648330688,5.383764982223511,57472,1068,17669,4d5e678,b9288cb03392952e,2.9.1+cu128,3.12.3
stageE_8135300970,"{""epochs"": 1000, ""eval_every"": 10, ""patience"": 20, ""remask"": false, ""seed"": 2, ""stage"": ""s1->s2""}",stageE/stageE_8135300970.json,stageE,,2,s1->s2,sage,sage,multiplicity,1,64,2,0.001,0.5,1000,20,10,0.0,uniform,1.0,0.75,100,3.0,False,0.001,,0.7385511788251674,0.7106488143694287,0.7443576477754346,0.7207406055269525,0.7940499848999816,0.778682416170525,0.6957281685551298,1097,0.7843478773452499,403,0.8449719727156074,268,0.6226035606550312,0.7418331460286478,0.8022123097490745,0.7812698404700239,21.92147445678711,0.10279104858636856,-0.388319730758667,0.34696016305268035,0.769041769041769,814,0.7635291824332175,10,100,0.15375688672065735,5.8926005363464355,57472,1068,17669,4d5e678,b9288cb03392952e,2.9.1+cu128,3.12.3
stageE_3801453501,"{""epochs"": 1000, ""eval_every"": 10, ""patience"": 20, ""remask"": false, ""seed"": 3, ""stage"": ""s1->s2""}",stageE/stageE_3801453501.json,stageE,,3,s1->s2,sage,sage,multiplicity,1,64,2,0.001,0.5,1000,20,10,0.0,uniform,1.0,0.75,100,3.0,False,0.001,,0.766725349859749,0.7368537502892849,0.7607870756638888,0.7356431021717743,0.801971576134805,0.7766359007234411,0.7305557732524326,1097,0.8013183083884441,403,0.8627591679610994,268,0.6961067119155355,0.7700286625459636,0.8044027663512957,0.7924838000987615,19.612152099609375,0.011038819327950478,-0.04343137890100479,0.40694081700609436,0.7457002457002457,814,0.7699782117092241,100,100,0.15471434593200684,5.44244647026062,57472,1068,17669,4d5e678,b9288cb03392952e,2.9.1+cu128,3.12.3
stageE_7535049841,"{""epochs"": 1000, ""eval_every"": 10, ""patience"": 20, ""remask"": false, ""seed"": 4, ""stage"": ""s1->s2""}",stageE/stageE_7535049841.json,stageE,,4,s1->s2,sage,sage,multiplicity,1,64,2,0.001,0.5,1000,20,10,0.0,uniform,1.0,0.75,100,3.0,False,0.001,,0.7389355574722056,0.7126515249292502,0.7428686004074445,0.7142790117500639,0.7935902661186299,0.7866984280149361,0.7055296840003794,1097,0.7778237034458754,403,0.8171979469169989,268,0.6443539915966386,0.7431855597945562,0.7885675904977375,0.774426452952262,18.488197326660156,0.010296438820660114,-0.044831499457359314,0.38940253215898496,0.7422604422604423,814,0.7503137790128529,100,100,0.15554329752922058,5.697267293930054,57472,1068,17669,4d5e678,b9288cb03392952e,2.9.1+cu128,3.12.3
stageE_2189109759,"{""epochs"": 1000, ""eval_every"": 10, ""patience"": 20, ""remask"": false, ""seed"": 0, ""stage"": ""s1""}",stageE/stageE_2189109759.json,stageE,,0,s1,sage,sage,multiplicity,1,64,2,0.001,0.5,1000,20,10,0.0,uniform,1.0,0.75,100,3.0,False,0.001,,0.7886448501259189,0.7781631458522191,0.7902904962019615,0.7810919153112339,0.8498008845027742,0.8395801489909205,0.7307666527798975,1097,0.8499980350987503,403,0.933298017829405,268,0.6375107735401853,0.7684150080343851,0.8521955985191279,0.888420975722823,25.312204360961914,0.9804717898368835,-2.887683629989624,0.6516097418617388,0.7871007371007371,814,0.8147216453146142,100,300,0.5168852806091309,5.258732080459595,57472,1068,17669,4d5e678,b9288cb03392952e,2.9.1+cu128,3.12.3
stageE_3550857287,"{""epochs"": 1000, ""eval_every"": 10, ""patience"": 20, ""remask"": false, ""seed"": 1, ""stage"": ""s1""}",stageE/stageE_3550857287.json,stageE,,1,s1,sage,sage,multiplicity,1,64,2,0.001,0.5,1000,20,10,0.0,uniform,1.0,0.75,100,3.0,False,0.001,,0.7918964727380684,0.7775215045021093,0.7923457942609693,0.7811911560837259,0.8390981066112488,0.8271040257648614,0.741295161217141,1097,0.8419250979643623,403,0.923792378604714,268,0.6788299935358759,0.769142045958655,0.8449082167832167,0.8689722762498866,25.268402099609375,1.0077201128005981,-2.8632659912109375,0.5921518820078229,0.8006142506142506,814,0.8117617849922156,90,290,0.5187727212905884,5.022057056427002,57472,1068,17669,4d5e678,b9288cb03392952e,2.9.1+cu128,3.12.3
stageE_0473590349,"{""epochs"": 1000, ""eval_every"": 10, ""patience"": 20, ""remask"": false, ""seed"": 2, ""stage"": ""s1""}",stageE/stageE_0473590349.json,stageE,,2,s1,sage,sage,multiplicity,1,64,2,0.001,0.5,1000,20,10,0.0,uniform,1.0,0.75,100,3.0,False,0.001,,0.7851104220839049,0.7779174763028163,0.7879330378165885,0.7821823046974965,0.8557893854548433,0.8514525015697647,0.720430462346919,1097,0.8585579870428798,403,0.9394184338488553,268,0.6021156539538892,0.7618655053776162,0.8722824969148498,0.8946237994940995,24.984981536865234,0.9732455015182495,-2.9008026123046875,0.7196265206683994,0.8063882063882064,814,0.8134610772215909,120,320,0.5161232352256775,5.5762975215911865,57472,1068,17669,4d5e678,b9288cb03392952e,2.9.1+cu128,3.12.3
stageE_4519304836,"{""epochs"": 1000, ""eval_every"": 10, ""patience"": 20, ""remask"": false, ""seed"": 3, ""stage"": ""s1""}",stageE/stageE_4519304836.json,stageE,,3,s1,sage,sage,multiplicity,1,64,2,0.001,0.5,1000,20,10,0.0,uniform,1.0,0.75,100,3.0,False,0.001,,0.7929883448332343,0.7817539769317322,0.7916594152453881,0.7812162636777398,0.8411740392293361,0.8339035328390897,0.7373534155265079,1097,0.8528457384098896,403,0.9307084487066927,268,0.657777149321267,0.7659011819911474,0.8615770259152611,0.8799431113888077,23.861862182617188,0.9822768568992615,-2.846914291381836,0.6420171638765263,0.7893120393120393,814,0.811204758061298,90,290,0.5195955634117126,5.173182964324951,57472,1068,17669,4d5e678,b9288cb03392952e,2.9.1+cu128,3.12.3
stageE_0020903704,"{""epochs"": 1000, ""eval_every"": 10, ""patience"": 20, ""remask"": false, ""seed"": 4, ""stage"": ""s1""}",stageE/stageE_0020903704.json,stageE,,4,s1,sage,sage,multiplicity,1,64,2,0.001,0.5,1000,20,10,0.0,uniform,1.0,0.75,100,3.0,False,0.001,,0.7901171019225651,0.7788618878277096,0.7940917338916074,0.78668936997601,0.8529043861714544,0.8484572694750414,0.7340303872758696,1097,0.8505229444325927,403,0.9288617714594449,268,0.6429056237879767,0.7665653742643362,0.8590382044426162,0.8843571435769784,24.89307975769043,0.9709436893463135,-2.8697750568389893,0.6528116170548895,0.7981572481572482,814,0.8160753486969864,110,310,0.5163362622261047,5.478100538253784,57472,1068,17669,4d5e678,b9288cb03392952e,2.9.1+cu128,3.12.3
stageE_7872151562,"{""epochs"": 1000, ""eval_every"": 10, ""patience"": 20, ""remask"": false, ""seed"": 0, ""stage"": ""s2""}",stageE/stageE_7872151562.json,stageE,,0,s2,sage,sage,multiplicity,1,64,2,0.001,0.5,1000,20,10,0.0,uniform,1.0,0.75,100,3.0,False,0.001,,0.6761465136872709,0.6535871366098388,0.6720744674044349,0.6459733007730396,0.7065044289121845,0.6902365982935257,0.6511671073309768,1097,0.7058100726452062,403,0.7337882842574458,268,0.6107149590605473,0.6781557142716312,0.7221989407651171,0.6901687006822603,24.869062423706055,0.0018624404910951853,-0.005893216468393803,0.3114377103937427,0.6337837837837837,814,0.682323328106032,100,100,0.15517494082450867,0.5557441711425781,57472,1068,17669,4d5e678,b9288cb03392952e,2.9.1+cu128,3.12.3
stageE_0401156730,"{""epochs"": 1000, ""eval_every"": 10, ""patience"": 20, ""remask"": false, ""seed"": 1, ""stage"": ""s2""}",stageE/stageE_0401156730.json,stageE,,1,s2,sage,sage,multiplicity,1,64,2,0.001,0.5,1000,20,10,0.0,uniform,1.0,0.75,100,3.0,False,0.001,,0.6933424594602895,0.6587024213671573,0.6979430063880756,0.661413488245531,0.7157338353023074,0.6870044454681106,0.665983585426317,1097,0.7194682415818017,403,0.7660439319240899,268,0.6459242350786469,0.6816448801742919,0.7434080625257096,0.7005940803595723,24.089731216430664,0.0028723881114274263,-0.009126279503107071,0.3056360830365191,0.614004914004914,814,0.6952796494075907,100,100,0.15653857588768005,0.6264975070953369,57472,1068,17669,4d5e678,b9288cb03392952e,2.9.1+cu128,3.12.3
stageE_0279192183,"{""epochs"": 1000, ""eval_every"": 10, ""patience"": 20, ""remask"": false, ""seed"": 2, ""stage"": ""s2""}",stageE/stageE_0279192183.json,stageE,,2,s2,sage,sage,multiplicity,1,64,2,0.001,0.5,1000,20,10,0.0,uniform,1.0,0.75,100,3.0,False,0.001,,0.7003438133432976,0.6685208824715893,0.6929425649044859,0.6631123116192389,0.7339191202063841,0.7197130514496262,0.679439916349402,1097,0.7187805261444147,403,0.7581855288039441,268,0.6413171999569058,0.7055286921203876,0.7472979226655698,0.704244726843967,22.7374324798584,0.002059338614344597,-0.007077167741954327,0.28595735181003706,0.6503685503685505,814,0.7041577159187835,100,100,0.15386801958084106,0.5951402187347412,57472,1068,17669,4d5e678,b9288cb03392952e,2.9.1+cu128,3.12.3
stageE_3238040222,"{""epochs"": 1000, ""eval_every"": 10, ""patience"": 20, ""remask"": false, ""seed"": 3, ""stage"": ""s2""}",stageE/stageE_3238040222.json,stageE,,3,s2,sage,sage,multiplicity,1,64,2,0.001,0.5,1000,20,10,0.0,uniform,1.0,0.75,100,3.0,False,0.001,,0.6623143209598493,0.6270371898034403,0.6807016325935178,0.6557351656547835,0.711162400698184,0.691048037623401,0.6424346840622512,1097,0.6845659813839642,403,0.7102267930708449,268,0.6050500969618616,0.6614369226825975,0.7030896493212669,0.6768188987090468,27.281801223754883,0.0016094098100438714,-0.004862488247454166,0.3062140049199844,0.664004914004914,814,0.6802553021367512,100,100,0.15470944344997406,0.5274837017059326,57472,1068,17669,4d5e678,b9288cb03392952e,2.9.1+cu128,3.12.3
stageE_3749522214,"{""epochs"": 1000, ""eval_every"": 10, ""patience"": 20, ""remask"": false, ""seed"": 4, ""stage"": ""s2""}",stageE/stageE_3749522214.json,stageE,,4,s2,sage,sage,multiplicity,1,64,2,0.001,0.5,1000,20,10,0.0,uniform,1.0,0.75,100,3.0,False,0.001,,0.6477032935955447,0.6326390518385436,0.6487099081714134,0.627246114120621,0.7126263346880695,0.713188268003687,0.6134892776267649,1097,0.6764755004884183,403,0.7444852941176471,268,0.5529795572074985,0.6159841136052209,0.7073876491155903,0.7102466264902398,27.364612579345703,0.0016237261006608605,-0.004647906869649887,0.3459277563525905,0.5895577395577395,814,0.6623245510855773,100,100,0.15547914803028107,0.519787073135376,57472,1068,17669,4d5e678,b9288cb03392952e,2.9.1+cu128,3.12.3
stageE_9423587021,"{""epochs"": 1000, ""eval_every"": 10, ""mask_rate"": 0.25, ""patience"": 20, ""remask"": false, ""seed"": 0, ""stage"": ""s1->s2""}",stageE/stageE_9423587021.json,stageE,,0,s1->s2,sage,sage,multiplicity,1,64,2,0.001,0.5,1000,20,10,0.0,uniform,1.0,0.25,100,3.0,False,0.001,,0.7556944984746422,0.7294714500183311,0.7583243650314284,0.7266330750856103,0.8022817343522861,0.7810322932950019,0.7194583025693273,1097,0.7879997866678643,403,0.8554410498412913,268,0.668510288730877,0.7612216455209535,0.792334687371452,0.7956916576807184,21.832868576049805,0.06848721206188202,-0.26387903094291687,0.3634365636445868,0.7423832923832924,814,0.7690901297024678,10,100,0.15150611102581024,5.467820405960083,57472,1068,17669,4d5e678,b9288cb03392952e,2.9.1+cu128,3.12.3
stageE_1591424541,"{""epochs"": 1000, ""eval_every"": 10, ""mask_rate"": 0.25, ""patience"": 20, ""remask"": false, ""seed"": 1, ""stage"": ""s1->s2""}",stageE/stageE_1591424541.json,stageE,,1,s1->s2,sage,sage,multiplicity,1,64,2,0.001,0.5,1000,20,10,0.0,uniform,1.0,0.25,100,3.0,False,0.001,,0.7673261514403883,0.7371655006567418,0.7593834457730184,0.7308869085181882,0.7892802025961794,0.7739588565607087,0.7383126853574331,1097,0.7996544580802354,403,0.8374734078476397,268,0.7056877558715794,0.7864135095969007,0.8018690867955574,0.7716204436203127,20.66353988647461,0.057162851095199585,-0.2253759205341339,0.2995802716264505,0.7601965601965601,814,0.7740583839761164,10,100,0.15005475282669067,5.472052574157715,57472,1068,17669,4d5e678,b9288cb03392952e,2.9.1+cu128,3.12.3
stageE_8720503913,"{""epochs"": 1000, ""eval_every"": 10, ""mask_rate"": 0.25, ""patience"": 20, ""remask"": false, ""seed"": 2, ""stage"": ""s1->s2""}",stageE/stageE_8720503913.json,stageE,,2,s1->s2,sage,sage,multiplicity,1,64,2,0.001,0.5,1000,20,10,0.0,uniform,1.0,0.25,100,3.0,False,0.001,,0.7474750657746566,0.7209796528716138,0.7465524290555066,0.7123748298798915,0.7889025421776786,0.7640041040004049,0.7163992604264201,1097,0.7844538416626432,403,0.8190710052677787,268,0.6855782697694462,0.7577435700273071,0.7903351244343891,0.7528759233691764,17.151302337646484,0.011234065517783165,-0.051226742565631866,0.34107859478063196,0.7617936117936119,814,0.7602052919458391,50,100,0.1477128118276596,5.561811208724976,57472,1068,17669,4d5e678,b9288cb03392952e,2.9.1+cu128,3.12.3
stageE_0753893706,"{""epochs"": 1000, ""eval_every"": 10, ""mask_rate"": 0.25, ""patience"": 20, ""remask"": false, ""seed"": 3, ""stage"": ""s1->s2""}",stageE/stageE_0753893706.json,stageE,,3,s1->s2,sage,sage,multiplicity,1,64,2,0.001,0.5,1000,20,10,0.0,uniform,1.0,0.25,100,3.0,False,0.001,,0.7635876172170922,0.7359106509872595,0.765909724923732,0.7369029584658277,0.7893136337810447,0.7661381099186588,0.7302990055148346,1097,0.7977218373510886,403,0.8485186482744648,268,0.7011386285283344,0.7624181774268279,0.8046778589058001,0.7829320309586915,22.033687591552734,0.08189219236373901,-0.29345524311065674,0.3402015651403807,0.7448402948402948,814,0.7760079244148176,10,100,0.1507844626903534,5.476217269897461,57472,1068,17669,4d5e678,b9288cb03392952e,2.9.1+cu128,3.12.3
stageE_9386287581,"{""epochs"": 1000, ""eval_every"": 10, ""mask_rate"": 0.25, ""patience"": 20, ""remask"": false, ""seed"": 4, ""stage"": ""s1->s2""}",stageE/stageE_9386287581.json,stageE,,4,s1->s2,sage,sage,multiplicity,1,64,2,0.001,0.5,1000,20,10,0.0,uniform,1.0,0.25,100,3.0,False,0.001,,0.760777158278905,0.7343133987519046,0.757750756280584,0.725831060387944,0.796324105259925,0.7867556221798688,0.7332719428140093,1097,0.7920439744899677,403,0.8263469136219356,268,0.7058560924369748,0.7728499393724307,0.7977478403948992,0.7635796994830141,16.99177360534668,0.011080959811806679,-0.05193473398685455,0.3368881273517717,0.7369778869778869,814,0.7699633950727232,70,100,0.15253674983978271,5.7469940185546875,57472,1068,17669,4d5e678,b9288cb03392952e,2.9.1+cu128,3.12.3
stageE_1903839764,"{""epochs"": 1000, ""eval_every"": 10, ""mask_rate"": 0.5, ""patience"": 20, ""remask"": false, ""seed"": 0, ""stage"": ""s1->s2""}",stageE/stageE_1903839764.json,stageE,,0,s1->s2,sage,sage,multiplicity,1,64,2,0.001,0.5,1000,20,10,0.0,uniform,1.0,0.5,100,3.0,False,0.001,,0.760978225261563,0.7321521156417552,0.7586142086054749,0.7230511273410707,0.7883041399643742,0.7642480329605152,0.7365490828545148,1097,0.7869948800287436,403,0.8218515735800633,268,0.7167932557638441,0.7782312522796951,0.7886903537638833,0.7575154440738091,17.003997802734375,0.010766255669295788,-0.049120351672172546,0.3377070485235741,0.7470515970515971,814,0.7675790906123758,100,100,0.15472014248371124,5.4883153438568115,57472,1068,17669,4d5e678,b9288cb03392952e,2.9.1+cu128,3.12.3
stageE_3372714055,"{""epochs"": 1000, ""eval_every"": 10, ""mask_rate"": 0.5, ""patience"": 20, ""remask"": false, ""seed"": 1, ""stage"": ""s1->s2""}",stageE/stageE_3372714055.json,stageE,,1,s1->s2,sage,sage,multiplicity,1,64,2,0.001,0.5,1000,20,10,0.0,uniform,1.0,0.5,100,3.0,False,0.001,,0.7663236957678998,0.7362484003790151,0.7574204433774901,0.7285378329810168,0.7867407122090047,0.7714882823617684,0.7383583157686328,1097,0.7977471003671558,403,0.8335415681772135,268,0.7077313617754794,0.7873192263330672,0.7990024681201153,0.7676447913412409,20.660673141479492,0.058471471071243286,-0.22902187705039978,0.2901982750907206,0.75995085995086,814,0.7725203299948065,10,100,0.1570606231689453,5.449892520904541,57472,1068,17669,4d5e678,b9288cb03392952e,2.9.1+cu128,3.12.3
stageE_9259902581,"{""epochs"": 1000, ""eval_every"": 10, ""mask_rate"": 0.5, ""patience"": 20, ""remask"": false, ""seed"": 2, ""stage"": ""s1->s2""}",stageE/stageE_9259902581.json,stageE,,2,s1->s2,sage,sage,multiplicity,1,64,2,0.001,0.5,1000,20,10,0.0,uniform,1.0,0.5,100,3.0,False,0.001,,0.74021474017731,0.7101098453823209,0.7459004409717247,0.7188666015552101,0.8006759177740014,0.7818137613639323,0.6948671201178038,1097,0.788323995374061,403,0.8534920139123388,268,0.6204165319974143,0.7354222734845572,0.8046765734265733,0.7940049028005925,22.093183517456055,0.08547866344451904,-0.3283194601535797,0.35757359999596905,0.7653562653562653,814,0.7645474625980558,10,100,0.15405818819999695,5.951970100402832,57472,1068,17669,4d5e678,b9288cb03392952e,2.9.1+cu128,3.12.3
stageE_8392184217,"{""epochs"": 1000, ""eval_every"": 10, ""mask_rate"": 0.5, ""patience"": 20, ""remask"": false, ""seed"": 3, ""stage"": ""s1->s2""}",stageE/stageE_8392184217.json,stageE,,3,s1->s2,sage,sage,multiplicity,1,64,2,0.001,0.5,1000,20,10,0.0,uniform,1.0,0.5,100,3.0,False,0.001,,0.7724926291435474,0.740474870034499,0.7649387809422412,0.7332987700830296,0.7922039116725701,0.7639484364666692,0.7465073400512299,1097,0.8003583137778875,403,0.8369552829742688,268,0.7356893719026072,0.790643884502016,0.7990860242698478,0.7623029809833818,17.471267700195312,0.01160725113004446,-0.04881557449698448,0.3345903750506525,0.7557739557739558,814,0.7750792624968741,70,100,0.15227003395557404,5.459224224090576,57472,1068,17669,4d5e678,b9288cb03392952e,2.9.1+cu128,3.12.3
stageE_6808443043,"{""epochs"": 1000, ""eval_every"": 10, ""mask_rate"": 0.5, ""patience"": 20, ""remask"": false, ""seed"": 4, ""stage"": ""s1->s2""}",stageE/stageE_6808443043.json,stageE,,4,s1->s2,sage,sage,multiplicity,1,64,2,0.001,0.5,1000,20,10,0.0,uniform,1.0,0.5,100,3.0,False,0.001,,0.7562393148174689,0.7289485315306619,0.7530292812391228,0.7202691460457513,0.7914285961077783,0.7821242018427415,0.7320559052454864,1097,0.7868138284135949,403,0.8092530137772673,268,0.7090645873734109,0.7726712605605338,0.7883991927190457,0.7520539610396154,16.68639373779297,0.011502348817884922,-0.05284328758716583,0.3127899653842683,0.7342751842751843,814,0.7645786253464594,70,100,0.1554659754037857,5.709715843200684,57472,1068,17669,4d5e678,b9288cb03392952e,2.9.1+cu128,3.12.3
stageE_1886698581,"{""epochs"": 1000, ""eval_every"": 10, ""mask_rate"": 0.75, ""patience"": 20, ""remask"": false, ""seed"": 0, ""stage"": ""s1->s2""}",stageE/stageE_1886698581.json,stageE,,0,s1->s2,sage,sage,multiplicity,1,64,2,0.001,0.5,1000,20,10,0.0,uniform,1.0,0.75,100,3.0,False,0.001,,0.7503595851845786,0.7226680788448459,0.7518086430969882,0.7200546307204324,0.7875339430498967,0.7676547260308343,0.7176864505005425,1097,0.7793275546523248,403,0.8405399473222125,268,0.6684591144149968,0.7618581117716066,0.7862093788564376,0.7800844511181205,21.680648803710938,0.08359872549772263,-0.30629071593284607,0.3234448586280565,0.7355036855036856,814,0.7615497909402378,10,100,0.15514740347862244,5.775354862213135,57472,1068,17669,4d5e678,b9288cb03392952e,2.9.1+cu128,3.12.3
stageE_8468863519,"{""epochs"": 1000, ""eval_every"": 10, ""mask_rate"": 0.75, ""patience"": 20, ""remask"": false, ""seed"": 1, ""stage"": ""s1->s2""}",stageE/stageE_8468863519.json,stageE,,1,s1->s2,sage,sage,multiplicity,1,64,2,0.001,0.5,1000,20,10,0.0,uniform,1.0,0.75,100,3.0,False,0.001,,0.7672586492393685,0.737419316289434,0.7587525721217829,0.7295401800887091,0.7878087505886449,0.7724693501993952,0.7395725487446223,1097,0.7977218373510886,403,0.8347772590666577,268,0.7098685628097394,0.786523181419375,0.8002622377622378,0.7689063932922834,20.899620056152344,0.06250620633363724,-0.24340088665485382,0.2942871998803034,0.75995085995086,814,0.7740466788583129,10,100,0.1562972515821457,5.440258026123047,57472,1068,17669,4d5e678,b9288cb03392952e,2.9.1+cu128,3.12.3
stageE_1715354705,"{""epochs"": 1000, ""eval_every"": 10, ""mask_rate"": 0.75, ""patience"": 20, ""remask"": false, ""seed"": 2, ""stage"": ""s1->s2""}",stageE/stageE_1715354705.json,stageE,,2,s1->s2,sage,sage,multiplicity,1,64,2,0.001,0.5,1000,20,10,0.0,uniform,1.0,0.75,100,3.0,False,0.001,,0.7390216147806146,0.7108095078792718,0.7446655665834033,0.7211691186091407,0.7945226602649414,0.7791098055290135,0.696133170679393,1097,0.7850524347933485,403,0.8453581920713177,268,0.6231489711269123,0.742193584321612,0.8029488893459481,0.7815217829465176,21.91609001159668,0.10293681174516678,-0.3894776999950409,0.34654676257686173,0.7696560196560197,814,0.7639078364857523,10,100,0.15376530587673187,5.983257532119751,57472,1068,17669,4d5e678,b9288cb03392952e,2.9.1+cu128,3.12.3
stageE_2289503817,"{""epochs"": 1000, ""eval_every"": 10, ""mask_rate"": 0.75, ""patience"": 20, ""remask"": false, ""seed"": 3, ""stage"": ""s1->s2""}",stageE/stageE_2289503817.json,stageE,,3,s1->s2,sage,sage,multiplicity,1,64,2,0.001,0.5,1000,20,10,0.0,uniform,1.0,0.75,100,3.0,False,0.001,,0.7663788812166009,0.736586169965921,0.7605100287156283,0.7358191013997726,0.8019424638111422,0.776644390447418,0.7301002425372366,1097,0.8010642747268788,403,0.8627201239278719,268,0.6948637147166559,0.7693484507930874,0.8045499537227477,0.7928333702848966,19.634788513183594,0.011012797243893147,-0.043296929448843,0.4083868481865021,0.7458230958230958,814,0.7697006156786829,100,100,0.1547156274318695,5.365264415740967,57472,1068,17669,4d5e678,b9288cb03392952e,2.9.1+cu128,3.12.3
stageE_7461974290,"{""epochs"": 1000, ""eval_every"": 10, ""mask_rate"": 0.75, ""patience"": 20, ""remask"": false, ""seed"": 4, ""stage"": ""s1->s2""}",stageE/stageE_7461974290.json,stageE,,4,s1->s2,sage,sage,multiplicity,1,64,2,0.001,0.5,1000,20,10,0.0,uniform,1.0,0.75,100,3.0,False,0.001,,0.7389008466247621,0.7126310819582546,0.7428778779611392,0.7142870997285287,0.7935809885649352,0.7866972726014191,0.7054840535891798,1097,0.7777977386793617,403,0.8171947811845747,268,0.6442287491919845,0.7431787823223809,0.7885219559851913,0.7744585756180149,18.48885726928711,0.010296978987753391,-0.044833313673734665,0.3894931685252349,0.7423832923832925,814,0.75030858730748,100,100,0.15554314851760864,5.748534679412842,57472,1068,17669,4d5e678,b9288cb03392952e,2.9.1+cu128,3.12.3
stageE_2871897545,"{""epochs"": 1000, ""eval_every"": 10, ""mask_rate"": 0.9, ""patience"": 20, ""remask"": false, ""seed"": 0, ""stage"": ""s1->s2""}",stageE/stageE_2871897545.json,stageE,,0,s1->s2,sage,sage,multiplicity,1,64,2,0.001,0.5,1000,20,10,0.0,uniform,1.0,0.9,100,3.0,False,0.001,,0.7518966198992649,0.7234731486936801,0.7513190122028622,0.7196185031080127,0.7870903800085993,0.7672837287679148,0.7192866084797287,1097,0.7812335088645116,403,0.8412638448031338,268,0.6695216548157725,0.7642850629442325,0.7892161147675852,0.7797153553900574,22.0718994140625,0.09648860991001129,-0.35145649313926697,0.32045317709186416,0.7386977886977887,814,0.7629781607584184,10,100,0.15491805970668793,5.500913143157959,57472,1068,17669,4d5e678,b9288cb03392952e,2.9.1+cu128,3.12.3
stageE_0401133700,"{""epochs"": 1000, ""eval_every"": 10, ""mask_rate"": 0.9, ""patience"": 20, ""remask"": false, ""seed"": 1, ""stage"": ""s1->s2""}",stageE/stageE_0401133700.json,stageE,,1,s1->s2,sage,sage,multiplicity,1,64,2,0.001,0.5,1000,20,10,0.0,uniform,1.0,0.9,100,3.0,False,0.001,,0.7683829927724658,0.7414189968047129,0.7590227408836838,0.7312336101248336,0.7917448327225076,0.774339170441197,0.7391997714870254,1097,0.7992727058374409,403,0.8413883636118052,268,0.7033169036845508,0.784294009207504,0.8032355512134923,0.7788272581604168,21.640026092529297,0.06984538584947586,-0.26878130435943604,0.3067757064491113,0.7663390663390662,814,0.7757387317376695,10,100,0.15586817264556885,5.456872224807739,57472,1068,17669,4d5e678,b9288cb03392952e,2.9.1+cu128,3.12.3
stageE_0930031205,"{""epochs"": 1000, ""eval_every"": 10, ""mask_rate"": 0.9, ""patience"": 20, ""remask"": false, ""seed"": 2, ""stage"": ""s1->s2""}",stageE/stageE_0930031205.json,stageE,,2,s1->s2,sage,sage,multiplicity,1,64,2,0.001,0.5,1000,20,10,0.0,uniform,1.0,0.9,100,3.0,False,0.001,,0.7311606475604513,0.7038095174986496,0.7378451249974407,0.7149821300757551,0.7905857783419667,0.7774149237556456,0.6866080156906743,1097,0.7784601911006815,403,0.8424013979874383,268,0.6080336942469295,0.7284377803408943,0.7999614356232003,0.7816968829676809,22.530418395996094,0.11890978366136551,-0.4435191750526428,0.34641054413586175,0.7737100737100736,814,0.7582388947356904,10,100,0.15382733941078186,5.921444892883301,57472,1068,17669,4d5e678,b9288cb03392952e,2.9.1+cu128,3.12.3
stageE_9077497373,"{""epochs"": 1000, ""eval_every"": 10, ""mask_rate"": 0.9, ""patience"": 20, ""remask"": false, ""seed"": 3, ""stage"": ""s1->s2""}",stageE/stageE_9077497373.json,stageE,,3,s1->s2,sage,sage,multiplicity,1,64,2,0.001,0.5,1000,20,10,0.0,uniform,1.0,0.9,100,3.0,False,0.001,,0.7478204147130485,0.7267351277017562,0.756405031121394,0.7364020048377287,0.7809499191253251,0.7659168938302352,0.704415992608389,1097,0.7889934652998438,403,0.8635738164381711,268,0.6486634076707606,0.7351893748952573,0.7980531417112299,0.8042595914500801,23.139633178710938,0.10853365808725357,-0.3670695126056671,0.35165895531191793,0.7270270270270269,814,0.7656572985121799,10,100,0.15559202432632446,5.501856565475464,57472,1068,17669,4d5e678,b9288cb03392952e,2.9.1+cu128,3.12.3
stageE_7800319157,"{""epochs"": 1000, ""eval_every"": 10, ""mask_rate"": 0.9, ""patience"": 20, ""remask"": false, ""seed"": 4, ""stage"": ""s1->s2""}",stageE/stageE_7800319157.json,stageE,,4,s1->s2,sage,sage,multiplicity,1,64,2,0.001,0.5,1000,20,10,0.0,uniform,1.0,0.9,100,3.0,False,0.001,,0.7379375806187425,0.7212108708519179,0.7378001768493685,0.7222653327801072,0.8078493862738273,0.8109215285573267,0.69179518802823,1097,0.789414515567632,403,0.8494039981090025,268,0.5966891564318034,0.7250589023945424,0.8097214366515837,0.8128835824204618,21.697595596313477,0.0842737928032875,-0.3447401523590088,0.4230987247069908,0.7592137592137592,814,0.7510768595733661,10,100,0.15460941195487976,5.879701852798462,57472,1068,17669,4d5e678,b9288cb03392952e,2.9.1+cu128,3.12.3
stageE_3253519871,"{""epochs"": 1000, ""eval_every"": 10, ""mae_epochs"": 100, ""patience"": 20, ""remask"": false, ""seed"": 0, ""stage"": ""s1->s2""}",stageE/stageE_3253519871.json,stageE,,0,s1->s2,sage,sage,multiplicity,1,64,2,0.001,0.5,1000,20,10,0.0,uniform,1.0,0.75,300,3.0,False,0.001,,0.7503595851845786,0.7226685044138226,0.7518086430969882,0.720050782658857,0.7875333032186074,0.7676536299685746,0.7176864505005424,1097,0.7793275546523248,403,0.8405399473222125,268,0.6684591144149968,0.7618581117716067,0.7862093788564376,0.7800844511181207,21.680648803710938,0.08359875530004501,-0.30629071593284607,0.3234448586280565,0.7355036855036856,814,0.7615497884370048,10,100,0.15514740347862244,5.527484893798828,57472,1068,17669,4d5e678,b9288cb03392952e,2.9.1+cu128,3.12.3
stageE_5935546423,"{""epochs"": 1000, ""eval_every"": 10, ""mae_epochs"": 100, ""patience"": 20, ""remask"": false, ""seed"": 1, ""stage"": ""s1->s2""}",stageE/stageE_5935546423.json,stageE,,1,s1->s2,sage,sage,multiplicity,1,64,2,0.001,0.5,1000,20,10,0.0,uniform,1.0,0.75,100,3.0,False,0.001,,0.7672484119387399,0.7374326975685388,0.7587442543150222,0.7295272204726815,0.7878005927397065,0.7724524110932354,0.7395563074118224,1097,0.7977148198466253,403,0.8347867562639292,268,0.709894823313941,0.7864997683336784,0.800246812011518,0.7688805691884429,20.898983001708984,0.06254065036773682,-0.24354155361652374,0.29412035599682396,0.7600737100737099,814,0.7740449741565969,10,100,0.15630105137825012,5.401439666748047,57472,1068,17669,4d5e678,b9288cb03392952e,2.9.1+cu128,3.12.3
stageE_1561005200,"{""epochs"": 1000, ""eval_every"": 10, ""mae_epochs"": 100, ""patience"": 20, ""remask"": false, ""seed"": 2, ""stage"": ""s1->s2""}",stageE/stageE_1561005200.json,stageE,,2,s1->s2,sage,sage,multiplicity,1,64,2,0.001,0.5,1000,20,10,0.0,uniform,1.0,0.75,100,3.0,False,0.001,,0.7384332899101166,0.7105475120693967,0.7441752958579881,0.7204194896509992,0.7936875204746013,0.7783149980811401,0.6956925923023303,1097,0.7841555977229601,403,0.84462901836969,268,0.6228816526610644,0.7416858900422914,0.8019732106129165,0.7809303479829486,21.902353286743164,0.10286343097686768,-0.3884732723236084,0.3460745754780768,0.7695331695331695,814,0.7633814991921892,10,100,0.15376175940036774,6.012339115142822,57472,1068,17669,4d5e678,b9288cb03392952e,2.9.1+cu128,3.12.3
stageE_7078692779,"{""epochs"": 1000, ""eval_every"": 10, ""mae_epochs"": 100, ""patience"": 20, ""remask"": false, ""seed"": 3, ""stage"": ""s1->s2""}",stageE/stageE_7078692779.json,stageE,,3,s1->s2,sage,sage,multiplicity,1,64,2,0.001,0.5,1000,20,10,0.0,uniform,1.0,0.75,100,3.0,False,0.001,,0.7663091396060686,0.7366228969039836,0.760371505241498,0.7357146480929171,0.8019624585389327,0.7766459530047196,0.730004856931904,1097,0.800926029888955,403,0.8628583609103803,268,0.69479301335919,0.7693201086367176,0.8042922151378034,0.7929064336030797,19.633487701416016,0.011004332453012466,-0.04327825829386711,0.40866990494521227,0.7453316953316954,814,0.7696490240452507,100,100,0.1547156423330307,5.42390775680542,57472,1068,17669,4d5e678,b9288cb03392952e,2.9.1+cu128,3.12.3
stageE_3136765719,"{""epochs"": 1000, ""eval_every"": 10, ""mae_epochs"": 100, ""patience"": 20, ""remask"": false, ""seed"": 4, ""stage"": ""s1->s2""}",stageE/stageE_3136765719.json,stageE,,4,s1->s2,sage,sage,multiplicity,1,64,2,0.001,0.5,1000,20,10,0.0,uniform,1.0,0.75,100,3.0,False,0.001,,0.7388482205012182,0.7125898084009128,0.7428079763927848,0.7142335431936013,0.793549476873938,0.786635385126486,0.705434298395047,1097,0.777753528401244,403,0.8171177483622611,268,0.644200468648998,0.7430937558532714,0.7884711795557384,0.7744144856846285,18.49152946472168,0.010303238406777382,-0.04484833404421806,0.3895007888310224,0.7426289926289926,814,0.7502526375452848,100,100,0.15554344654083252,5.80887246131897,57472,1068,17669,4d5e678,b9288cb03392952e,2.9.1+cu128,3.12.3
stageE_4941284948,"{""epochs"": 1000, ""eval_every"": 10, ""mae_epochs"": 300, ""patience"": 20, ""remask"": false, ""seed"": 0, ""stage"": ""s1->s2""}",stageE/stageE_4941284948.json,stageE,,0,s1->s2,sage,sage,multiplicity,1,64,2,0.001,0.5,1000,20,10,0.0,uniform,1.0,0.75,100,3.0,False,0.001,,0.7503595851845786,0.7226681807837564,0.7518086430969882,0.7200542705459462,0.787533623134252,0.7676534525081004,0.7176864505005425,1097,0.7793275546523248,403,0.8405399473222125,268,0.6684591144149968,0.7618581117716066,0.7862093788564376,0.7800844511181207,21.68064308166504,0.08359872549772263,-0.30629071593284607,0.32344742771157636,0.7355036855036856,814,0.7615497408755765,10,210,0.1547383964061737,5.9018285274505615,57472,1068,17669,4d5e678,b9288cb03392952e,2.9.1+cu128,3.12.3
stageE_9369902271,"{""epochs"": 1000, ""eval_every"": 10, ""mae_epochs"": 300, ""patience"": 20, ""remask"": false, ""seed"": 1, ""stage"": ""s1->s2""}",stageE/stageE_9369902271.json,stageE,,1,s1->s2,sage,sage,multiplicity,1,64,2,0.001,0.5,1000,20,10,0.0,uniform,1.0,0.75,3000,3.0,False,0.001,,0.7672503314326078,0.7374449158501837,0.7587428146946212,0.7295133218319266,0.7877981933723716,0.7724421086830301,0.7395575964064891,1097,0.7977155215970718,403,0.8347930877287768,268,0.7099022301228184,0.7865028490028491,0.8002442410530646,0.7688805691884429,20.89845085144043,0.06254524737596512,-0.24356140196323395,0.29411585747356955,0.7600737100737099,814,0.7740440704894611,10,210,0.14783570170402527,5.5130295753479,57472,1068,17669,4d5e678,b9288cb03392952e,2.9.1+cu128,3.12.3
stageE_7104872980,"{""epochs"": 1000, ""eval_every"": 10, ""mae_epochs"": 300, ""patience"": 20, ""remask"": false, ""seed"": 2, ""stage"": ""s1->s2""}",stageE/stageE_7104872980.json,stageE,,2,s1->s2,sage,sage,multiplicity,1,64,2,0.001,0.5,1000,20,10,0.0,uniform,1.0,0.75,300,3.0,False,0.001,,0.7385124690321656,0.7103715548803236,0.7444217908621855,0.7208480193973174,0.7939796034581602,0.7786401262329761,0.6956415481135304,1097,0.7845415604684324,403,0.8447799182818937,268,0.6224480176686059,0.7416101055806938,0.8025420351707118,0.781167803767044,21.90782928466797,0.10280243307352066,-0.3886372148990631,0.34621942187386634,0.7695331695331695,814,0.7636414399199358,10,210,0.1517113596200943,6.3230602741241455,57472,1068,17669,4d5e678,b9288cb03392952e,2.9.1+cu128,3.12.3
stageE_7531098976,"{""epochs"": 1000, ""eval_every"": 10, ""mae_epochs"": 300, ""patience"": 20, ""remask"": false, ""seed"": 3, ""stage"": ""s1->s2""}",stageE/stageE_7531098976.json,stageE,,3,s1->s2,sage,sage,multiplicity,1,64,2,0.001,0.5,1000,20,10,0.0,uniform,1.0,0.75,300,3.0,False,0.001,,0.7745194547101821,0.743666719736623,0.7663320135746606,0.7396956614363122,0.7951877648901536,0.7698606710149463,0.7476241250304203,1097,0.8018074284495245,403,0.843575884716688,268,0.7360462454212454,0.7908558345409556,0.8007070135746607,0.7681448971570812,18.049476623535156,0.012136041186749935,-0.0498376339673996,0.33900994240899773,0.7539312039312039,814,0.7756528608306702,130,300,0.14587201178073883,6.270453691482544,57472,1068,17669,4d5e678,b9288cb03392952e,2.9.1+cu128,3.12.3
stageE_9789030940,"{""epochs"": 1000, ""eval_every"": 10, ""mae_epochs"": 300, ""patience"": 20, ""remask"": false, ""seed"": 4, ""stage"": ""s1->s2""}",stageE/stageE_9789030940.json,stageE,,4,s1->s2,sage,sage,multiplicity,1,64,2,0.001,0.5,1000,20,10,0.0,uniform,1.0,0.75,300,3.0,False,0.001,,0.7457921495260129,0.7174593918199642,0.7487248162404536,0.7179705067226667,0.7791088045904057,0.7710848344501271,0.7237192033394243,1097,0.7737696911175236,403,0.7940722715607482,268,0.7003225328592976,0.7651907796803991,0.7779938811188811,0.7369380423061807,15.105523109436035,0.013311091810464859,-0.06314864754676819,0.32357960772702615,0.7418918918918919,814,0.7549859583894878,170,300,0.15173141658306122,6.302226781845093,57472,1068,17669,4d5e678,b9288cb03392952e,2.9.1+cu128,3.12.3
stageE_7957757312,"{""epochs"": 1000, ""eval_every"": 10, ""mae_epochs"": 1000, ""patience"": 20, ""remask"": false, ""seed"": 0, ""stage"": ""s1->s2""}",stageE/stageE_7957757312.json,stageE,,0,s1->s2,sage,sage,multiplicity,1,64,2,0.001,0.5,1000,20,10,0.0,uniform,1.0,0.75,1000,3.0,False,0.001,,0.7503594252267562,0.7226681702103257,0.7518089630126329,0.7200547021189246,0.787533623134252,0.7676537007205382,0.717686192701609,1097,0.7793275546523248,403,0.8405399473222125,268,0.6684584410687352,0.7618581117716066,0.7862093788564376,0.7800844511181205,21.680648803710938,0.08359874784946442,-0.30629071593284607,0.3234448586280565,0.7355036855036856,814,0.7615497458820426,10,210,0.15473869442939758,5.901250600814819,57472,1068,17669,4d5e678,b9288cb03392952e,2.9.1+cu128,3.12.3
stageE_8794814761,"{""epochs"": 1000, ""eval_every"": 10, ""mae_epochs"": 1000, ""patience"": 20, ""remask"": false, ""seed"": 1, ""stage"": ""s1->s2""}",stageE/stageE_8794814761.json,stageE,,1,s1->s2,sage,sage,multiplicity,1,64,2,0.001,0.5,1000,20,10,0.0,uniform,1.0,0.75,1000,3.0,False,0.001,,0.7672500115169631,0.7374454271784898,0.758741694989865,0.7295110877880093,0.7877977134989046,0.7724421861334454,0.7395570808086225,1097,0.7977155215970718,403,0.8347930877287768,268,0.7099022301228184,0.7865016167351807,0.8002435983134513,0.7688811990446341,20.898452758789062,0.06254521757364273,-0.2435612678527832,0.29411585747356955,0.7600737100737099,814,0.7740441781284827,10,210,0.1478326916694641,5.799913644790649,57472,1068,17669,4d5e678,b9288cb03392952e,2.9.1+cu128,3.12.3
stageE_8706538758,"{""epochs"": 1000, ""eval_every"": 10, ""mae_epochs"": 1000, ""patience"": 20, ""remask"": false, ""seed"": 2, ""stage"": ""s1->s2""}",stageE/stageE_8706538758.json,stageE,,2,s1->s2,sage,sage,multiplicity,1,64,2,0.001,0.5,1000,20,10,0.0,uniform,1.0,0.75,1000,3.0,False,0.001,,0.7384331299522942,0.7105473200763536,0.7441749759423435,0.7204193246204592,0.7936870406011344,0.7783144665796514,0.69569259230233,1097,0.7841555977229601,403,0.8446279631255488,268,0.6228816526610644,0.7416858900422914,0.8019732106129165,0.7809297181267574,21.902353286743164,0.10286345332860947,-0.3884734511375427,0.34607645564763273,0.7695331695331695,814,0.7633815542633166,10,210,0.15169084072113037,5.996561527252197,57472,1068,17669,4d5e678,b9288cb03392952e,2.9.1+cu128,3.12.3
stageE_5663402226,"{""epochs"": 1000, ""eval_every"": 10, ""mae_epochs"": 1000, ""patience"": 20, ""remask"": false, ""seed"": 3, ""stage"": ""s1->s2""}",stageE/stageE_5663402226.json,stageE,,3,s1->s2,sage,sage,multiplicity,1,64,2,0.001,0.5,1000,20,10,0.0,uniform,1.0,0.75,1000,3.0,False,0.001,,0.7746338245531419,0.7436806931710631,0.7664791747711964,0.7399164310601594,0.7955056010831064,0.7701667193289472,0.74766666185442,1097,0.8019281295262904,403,0.8439747670020935,268,0.735654357897005,0.7908028470312207,0.8010463800904977,0.7686834242005866,18.08008575439453,0.012141143903136253,-0.04984627291560173,0.34010007721326757,0.7544226044226044,814,0.7757505044427657,130,330,0.14610151946544647,6.062732219696045,57472,1068,17669,4d5e678,b9288cb03392952e,2.9.1+cu128,3.12.3
stageE_6580155658,"{""epochs"": 1000, ""eval_every"": 10, ""mae_epochs"": 1000, ""patience"": 20, ""remask"": false, ""seed"": 4, ""stage"": ""s1->s2""}",stageE/stageE_6580155658.json,stageE,,4,s1->s2,sage,sage,multiplicity,1,64,2,0.001,0.5,1000,20,10,0.0,uniform,1.0,0.75,3000,3.0,False,0.001,,0.7457849514240085,0.7174556369192078,0.7486968236215474,0.7179374428674906,0.7791048056448476,0.7710853132181885,0.7236978060279579,1097,0.7737633753635067,403,0.7941218680353888,268,0.7002666451195864,0.765122388824811,0.7780157342657343,0.7370104757681727,15.111784934997559,0.013311115093529224,-0.06313265115022659,0.32367013891578067,0.741891891891892,814,0.7549595067257091,170,370,0.14413982629776,6.44201397895813,57472,1068,17669,4d5e678,b9288cb03392952e,2.9.1+cu128,3.12.3
stageE_6748362805,"{""epochs"": 1000, ""eval_every"": 10, ""mae_epochs"": 3000, ""patience"": 20, ""remask"": false, ""seed"": 0, ""stage"": ""s1->s2""}",stageE/stageE_6748362805.json,stageE,,0,s1->s2,sage,sage,multiplicity,1,64,2,0.001,0.5,1000,20,10,0.0,uniform,1.0,0.75,3000,3.0,False,0.001,,0.7503599051002232,0.7226694425368311,0.7518086430969882,0.720054953456455,0.7875333032186074,0.7676519210696129,0.717686966098409,1097,0.7793275546523248,403,0.8405399473222125,268,0.66846046110752,0.7618581117716067,0.7862093788564376,0.7800844511181205,21.680648803710938,0.08359874039888382,-0.30629071593284607,0.3234448586280565,0.7355036855036856,814,0.7615496632753516,10,210,0.15473869442939758,5.842364311218262,57472,1068,17669,4d5e678,b9288cb03392952e,2.9.1+cu128,3.12.3
stageE_9405357571,"{""epochs"": 1000, ""eval_every"": 10, ""mae_epochs"": 3000, ""patience"": 20, ""remask"": false, ""seed"": 1, ""stage"": ""s1->s2""}",stageE/stageE_9405357571.json,stageE,,1,s1->s2,sage,sage,multiplicity,1,64,2,0.001,0.5,1000,20,10,0.0,uniform,1.0,0.75,300,3.0,False,0.001,,0.7672503314326077,0.7374452972071976,0.7587426547367991,0.7295130099079477,0.7877985132880163,0.7724425161896249,0.7395573386075558,1097,0.797716223347518,403,0.8347930877287768,268,0.7099022301228184,0.786502849002849,0.8002435983134513,0.7688811990446341,20.898452758789062,0.06254520267248154,-0.24356114864349365,0.29411585747356955,0.7600737100737099,814,0.7740440880120925,10,210,0.1478326916694641,5.758432626724243,57472,1068,17669,4d5e678,b9288cb03392952e,2.9.1+cu128,3.12.3
stageE_2230558486,"{""epochs"": 1000, ""eval_every"": 10, ""mae_epochs"": 3000, ""patience"": 20, ""remask"": false, ""seed"": 2, ""stage"": ""s1->s2""}",stageE/stageE_2230558486.json,stageE,,2,s1->s2,sage,sage,multiplicity,1,64,2,0.001,0.5,1000,20,10,0.0,uniform,1.0,0.75,3000,3.0,False,0.001,,0.7386245994656129,0.7105939444702172,0.7444507432280256,0.7209557641715334,0.7940736586576851,0.778681447421482,0.6957887513044626,1097,0.7844559469139822,403,0.8450458398054974,268,0.6226890756302521,0.7418608720511836,0.8023601398601399,0.7813057422729243,21.903690338134766,0.10285802185535431,-0.38878995180130005,0.3469625504268636,0.7694103194103193,814,0.7635955506514216,10,210,0.1516776978969574,6.427039861679077,57472,1068,17669,4d5e678,b9288cb03392952e,2.9.1+cu128,3.12.3
stageE_7296711418,"{""epochs"": 1000, ""eval_every"": 10, ""mae_epochs"": 3000, ""patience"": 20, ""remask"": false, ""seed"": 3, ""stage"": ""s1->s2""}",stageE/stageE_7296711418.json,stageE,,3,s1->s2,sage,sage,multiplicity,1,64,2,0.001,0.5,1000,20,10,0.0,uniform,1.0,0.75,3000,3.0,False,0.001,,0.7744762660981552,0.743687832695229,0.7662608323437277,0.7396171472781868,0.7951370582604779,0.7698176643962409,0.7475795258149539,1097,0.801815147704434,403,0.8434619183494293,268,0.7358947425123896,0.7908046954327231,0.800739150555327,0.7681373388827862,18.048171997070312,0.012125473469495773,-0.04978732019662857,0.3391317470247048,0.7544226044226044,814,0.7755623914845338,130,330,0.14612004160881042,6.102617979049683,57472,1068,17669,4d5e678,b9288cb03392952e,2.9.1+cu128,3.12.3
stageE_9543031285,"{""epochs"": 1000, ""eval_every"": 10, ""mae_epochs"": 3000, ""patience"": 20, ""remask"": false, ""seed"": 4, ""stage"": ""s1->s2""}",stageE/stageE_9543031285.json,stageE,,4,s1->s2,sage,sage,multiplicity,1,64,2,0.001,0.5,1000,20,10,0.0,uniform,1.0,0.75,1000,3.0,False,0.001,,0.7457849514240086,0.7174592298254358,0.7486965037059028,0.7179396504540947,0.7791057653917814,0.7710865278043656,0.7236972904300912,1097,0.7737626736130605,403,0.7941250337678126,268,0.7002632783882784,0.765122388824811,0.7780163770053476,0.7370129951929376,15.111783027648926,0.013311133719980717,-0.06313277781009674,0.3236674120648556,0.741891891891892,814,0.7549593340026277,170,370,0.1441398561000824,6.48192024230957,57472,1068,17669,4d5e678,b9288cb03392952e,2.9.1+cu128,3.12.3
stageE_2037212913,"{""epochs"": 1000, ""eval_every"": 10, ""mae_alpha"": 1.0, ""patience"": 20, ""remask"": false, ""seed"": 0, ""stage"": ""s1->s2""}",stageE/stageE_2037212913.json,stageE,,0,s1->s2,sage,sage,multiplicity,1,64,2,0.001,0.5,1000,20,10,0.0,uniform,1.0,0.75,100,1.0,False,0.001,,0.7585036777502507,0.7271121255615622,0.7559593886284065,0.7208910488954355,0.7782755842939333,0.752781934101354,0.7369682639201113,1097,0.7832426203923066,403,0.8094535101641116,268,0.7269742512389571,0.7784863316870237,0.7812570701357466,0.7452716695724033,16.682933807373047,0.013262699358165264,-0.05957863852381706,0.29536125772715666,0.7460687960687961,814,0.7638771518548639,100,100,0.5248919725418091,5.52081823348999,57472,1068,17669,4d5e678,b9288cb03392952e,2.9.1+cu128,3.12.3
stageE_3437719562,"{""epochs"": 1000, ""eval_every"": 10, ""mae_alpha"": 1.0, ""patience"": 20, ""remask"": false, ""seed"": 1, ""stage"": ""s1->s2""}",stageE/stageE_3437719562.json,stageE,,1,s1->s2,sage,sage,multiplicity,1,64,2,0.001,0.5,1000,20,10,0.0,uniform,1.0,0.75,100,1.0,False,0.001,,0.7669032229581704,0.7369566641789567,0.7584441734403472,0.7292009244194673,0.7873456726930241,0.7719423983699794,0.7390938161254264,1097,0.7973821901350728,403,0.8349028331194704,268,0.7089810924369748,0.7858947249085657,0.8003303681612505,0.7689126918541959,20.84868621826172,0.06209242343902588,-0.24157439172267914,0.29368755070687963,0.7604422604422606,814,0.7738407929453326,10,100,0.5256540179252625,5.481674671173096,57472,1068,17669,4d5e678,b9288cb03392952e,2.9.1+cu128,3.12.3
stageE_3847394357,"{""epochs"": 1000, ""eval_every"": 10, ""mae_alpha"": 1.0, ""patience"": 20, ""remask"": false, ""seed"": 2, ""stage"": ""s1->s2""}",stageE/stageE_3847394357.json,stageE,,2,s1->s2,sage,sage,multiplicity,1,64,2,0.001,0.5,1000,20,10,0.0,uniform,1.0,0.75,100,1.0,False,0.001,,0.7379164661861961,0.7098490244125539,0.7439967829282774,0.7209883576337501,0.7934066345386048,0.7777844352399701,0.6954167474436659,1097,0.7831352525740206,403,0.8438829607618019,268,0.6224870717517776,0.7416526188152486,0.8010913718634307,0.7801625532858337,21.852989196777344,0.10117273032665253,-0.3821868896484375,0.34652866983201863,0.7691646191646193,814,0.7630012355607947,10,100,0.5228168964385986,5.943539619445801,57472,1068,17669,4d5e678,b9288cb03392952e,2.9.1+cu128,3.12.3
stageE_4524837948,"{""epochs"": 1000, ""eval_every"": 10, ""mae_alpha"": 1.0, ""patience"": 20, ""remask"": false, ""seed"": 3, ""stage"": ""s1->s2""}",stageE/stageE_4524837948.json,stageE,,3,s1->s2,sage,sage,multiplicity,1,64,2,0.001,0.5,1000,20,10,0.0,uniform,1.0,0.75,100,1.0,False,0.001,,0.775083306033865,0.743618271802602,0.7667909325669008,0.7401663821705482,0.8003203315349807,0.7744076529029102,0.7464320627626971,1097,0.8035589975635224,403,0.8495411798473694,268,0.7275593891402716,0.7867616252131823,0.8054279360345536,0.7778629483316369,18.246532440185547,0.01118432730436325,-0.04588519036769867,0.35439115986382586,0.75995085995086,814,0.7763770461558479,80,100,0.5243229269981384,5.493632793426514,57472,1068,17669,4d5e678,b9288cb03392952e,2.9.1+cu128,3.12.3
stageE_5407710102,"{""epochs"": 1000, ""eval_every"": 10, ""mae_alpha"": 1.0, ""patience"": 20, ""remask"": false, ""seed"": 4, ""stage"": ""s1->s2""}",stageE/stageE_5407710102.json,stageE,,4,s1->s2,sage,sage,multiplicity,1,64,2,0.001,0.5,1000,20,10,0.0,uniform,1.0,0.75,100,1.0,False,0.001,,0.7336217586146885,0.7077529113009476,0.7395157244937655,0.7116997261085551,0.7887441839335804,0.7818021639717009,0.7001228669716256,1097,0.7731760102399424,403,0.8112632538664146,268,0.64307732708468,0.7365380918581611,0.7818631735911149,0.7680623859960295,17.780216217041016,0.009777473285794258,-0.04316311702132225,0.37934719964783387,0.7406633906633908,814,0.7473061595068419,100,100,0.5254777073860168,5.716779708862305,57472,1068,17669,4d5e678,b9288cb03392952e,2.9.1+cu128,3.12.3
stageE_8933254656,"{""epochs"": 1000, ""eval_every"": 10, ""mae_alpha"": 2.0, ""patience"": 20, ""remask"": false, ""seed"": 0, ""stage"": ""s1->s2""}",stageE/stageE_8933254656.json,stageE,,0,s1->s2,sage,sage,multiplicity,1,64,2,0.001,0.5,1000,20,10,0.0,uniform,1.0,0.75,100,2.0,False,0.001,,0.7525687626686596,0.7221165213311831,0.7524431957781372,0.7169893919260344,0.7823850607071927,0.7564174415018857,0.7263072468311355,1097,0.7807050907784377,403,0.8177551158235971,268,0.6979442738633916,0.7684482792614281,0.7830271750308515,0.7575840983986536,18.474538803100586,0.011942088603973389,-0.050276968628168106,0.3297994896230854,0.7364864864864865,814,0.7593402246638659,100,100,0.28217312693595886,5.468506097793579,57472,1068,17669,4d5e678,b9288cb03392952e,2.9.1+cu128,3.12.3
stageE_1980357861,"{""epochs"": 1000, ""eval_every"": 10, ""mae_alpha"": 2.0, ""patience"": 20, ""remask"": false, ""seed"": 1, ""stage"": ""s1->s2""}",stageE/stageE_1980357861.json,stageE,,1,s1->s2,sage,sage,multiplicity,1,64,2,0.001,0.5,1000,20,10,0.0,uniform,1.0,0.75,100,2.0,False,0.001,,0.7671292433611105,0.7371646649744494,0.7586278050203722,0.7293872657160714,0.7876372758031163,0.7722909912122433,0.7393779105499573,1097,0.7976263992903899,403,0.8348637890862429,268,0.7095541101055807,0.786206488628634,0.8003027303578775,0.768975047617128,20.872663497924805,0.06223210319876671,-0.2422659993171692,0.294030820323874,0.7605651105651108,814,0.7739437534244541,10,100,0.2834677994251251,5.5663838386535645,57472,1068,17669,4d5e678,b9288cb03392952e,2.9.1+cu128,3.12.3
stageE_6117928111,"{""epochs"": 1000, ""eval_every"": 10, ""mae_alpha"": 2.0, ""patience"": 20, ""remask"": false, ""seed"": 2, ""stage"": ""s1->s2""}",stageE/stageE_6117928111.json,stageE,,2,s1->s2,sage,sage,multiplicity,1,64,2,0.001,0.5,1000,20,10,0.0,uniform,1.0,0.75,100,2.0,False,0.001,,0.7384081765320121,0.7100924836831346,0.7445048089719704,0.7213156756179394,0.7938367611228272,0.778318915878258,0.6958593882121953,1097,0.7839633181006703,403,0.8440697389748091,268,0.6229685143288085,0.7421541517562279,0.8018883689839573,0.7803546594241604,21.855138778686523,0.10163520276546478,-0.3845110833644867,0.3462065379453912,0.7696560196560197,814,0.7634714929240435,10,100,0.28018441796302795,5.880223512649536,57472,1068,17669,4d5e678,b9288cb03392952e,2.9.1+cu128,3.12.3
stageE_1891152227,"{""epochs"": 1000, ""eval_every"": 10, ""mae_alpha"": 2.0, ""patience"": 20, ""remask"": false, ""seed"": 3, ""stage"": ""s1->s2""}",stageE/stageE_1891152227.json,stageE,,3,s1->s2,sage,sage,multiplicity,1,64,2,0.001,0.5,1000,20,10,0.0,uniform,1.0,0.75,100,2.0,False,0.001,,0.7744453942384473,0.7434746488905433,0.7661447029647224,0.7394709156716475,0.797425414866608,0.7716035579026548,0.7462632044613652,1097,0.8023646183038973,403,0.8478200766529344,268,0.730191499676794,0.7880253157069765,0.8032586898395722,0.7737229035866531,18.252548217773438,0.01157758291810751,-0.04721907526254654,0.3465718706967738,0.7561425061425061,814,0.7757591355903675,100,100,0.2815156877040863,5.547353029251099,57472,1068,17669,4d5e678,b9288cb03392952e,2.9.1+cu128,3.12.3
stageE_1794335984,"{""epochs"": 1000, ""eval_every"": 10, ""mae_alpha"": 2.0, ""patience"": 20, ""remask"": false, ""seed"": 4, ""stage"": ""s1->s2""}",stageE/stageE_1794335984.json,stageE,,4,s1->s2,sage,sage,multiplicity,1,64,2,0.001,0.5,1000,20,10,0.0,uniform,1.0,0.75,100,2.0,False,0.001,,0.7367646099076595,0.7100530347722868,0.7418851797158125,0.7132642894917943,0.7917038835199934,0.7848687743985809,0.703579950667596,1097,0.7756195052940054,403,0.8141715067197947,268,0.6441950818789055,0.7412237896666963,0.7853146853146852,0.7712198550826876,18.280929565429688,0.009998267516493797,-0.04370582103729248,0.3858055683587214,0.7393120393120393,814,0.7491996175119957,100,100,0.2826496958732605,5.558277130126953,57472,1068,17669,4d5e678,b9288cb03392952e,2.9.1+cu128,3.12.3
stageE_9456473834,"{""epochs"": 1000, ""eval_every"": 10, ""mae_alpha"": 3.0, ""patience"": 20, ""remask"": false, ""seed"": 0, ""stage"": ""s1->s2""}",stageE/stageE_9456473834.json,stageE,,0,s1->s2,sage,sage,multiplicity,1,64,2,0.001,0.5,1000,20,10,0.0,uniform,1.0,0.75,100,3.0,False,0.001,,0.7503595851845786,0.7226678053103756,0.7518091229704552,0.7200553460793734,0.7875333032186074,0.7676518455986872,0.7176864505005425,1097,0.7793275546523248,403,0.8405399473222125,268,0.6684591144149968,0.7618581117716066,0.7862093788564376,0.7800844511181205,21.68065071105957,0.08359874784946442,-0.30629071593284607,0.3234448586280565,0.7355036855036856,814,0.7615497208497122,10,100,0.15514741837978363,5.52488899230957,57472,1068,17669,4d5e678,b9288cb03392952e,2.9.1+cu128,3.12.3
stageE_7989934284,"{""epochs"": 1000, ""eval_every"": 10, ""mae_alpha"": 3.0, ""patience"": 20, ""remask"": false, ""seed"": 1, ""stage"": ""s1->s2""}",stageE/stageE_7989934284.json,stageE,,1,s1->s2,sage,sage,multiplicity,1,64,2,0.001,0.5,1000,20,10,0.0,uniform,1.0,0.75,100,3.0,False,0.001,,0.7672578494502569,0.737442169982625,0.7587618496754776,0.7295499801019247,0.7877945143424582,0.7724541429192613,0.7395735799403557,1097,0.7977106093439476,403,0.8347846457756466,268,0.7099291639732817,0.7865330395607212,0.8002301007815713,0.7688679720646182,20.89689064025879,0.06255993992090225,-0.2436169683933258,0.29422808872313766,0.7600737100737102,814,0.7740489743230318,10,100,0.1562977433204651,5.358463287353516,57472,1068,17669,4d5e678,b9288cb03392952e,2.9.1+cu128,3.12.3
stageE_5975473217,"{""epochs"": 1000, ""eval_every"": 10, ""mae_alpha"": 3.0, ""patience"": 20, ""remask"": false, ""seed"": 2, ""stage"": ""s1->s2""}",stageE/stageE_5975473217.json,stageE,,2,s1->s2,sage,sage,multiplicity,1,64,2,0.001,0.5,1000,20,10,0.0,uniform,1.0,0.75,100,3.0,False,0.001,,0.7384332899101166,0.7105472180542526,0.7441756157736328,0.7204202217456888,0.793687360516779,0.7783147963627122,0.69569259230233,1097,0.7841555977229601,403,0.84462901836969,268,0.6228816526610644,0.7416858900422914,0.8019732106129165,0.7809303479829486,21.902353286743164,0.10286345332860947,-0.3884733319282532,0.3460745754780768,0.7695331695331695,814,0.7633815968182787,10,100,0.15376174449920654,5.794651746749878,57472,1068,17669,4d5e678,b9288cb03392952e,2.9.1+cu128,3.12.3
stageE_4575739577,"{""epochs"": 1000, ""eval_every"": 10, ""mae_alpha"": 3.0, ""patience"": 20, ""remask"": false, ""seed"": 3, ""stage"": ""s1->s2""}",stageE/stageE_4575739577.json,stageE,,3,s1->s2,sage,sage,multiplicity,1,64,2,0.001,0.5,1000,20,10,0.0,uniform,1.0,0.75,100,3.0,False,0.001,,0.7667448647140722,0.736909637345302,0.7607486857865318,0.7358385511225467,0.8019447032206547,0.7766345818658908,0.7306287303505653,1097,0.8012614666022927,403,0.8626747484297966,268,0.6959807961646197,0.7700878113940397,0.804379627725216,0.7926406342903788,19.626245498657227,0.011048444546759129,-0.04344582557678223,0.40748462140932407,0.7460687960687961,814,0.7699316791098126,100,100,0.15471509099006653,5.477962493896484,57472,1068,17669,4d5e678,b9288cb03392952e,2.9.1+cu128,3.12.3
stageE_0820774015,"{""epochs"": 1000, ""eval_every"": 10, ""mae_alpha"": 3.0, ""patience"": 20, ""remask"": false, ""seed"": 4, ""stage"": ""s1->s2""}",stageE/stageE_0820774015.json,stageE,,4,s1->s2,sage,sage,multiplicity,1,64,2,0.001,0.5,1000,20,10,0.0,uniform,1.0,0.75,100,3.0,False,0.001,,0.7389637100489344,0.7127366293204479,0.7428191734403473,0.7144000494492623,0.7936105807620646,0.7866521915497346,0.7054495085321135,1097,0.7779928253034368,403,0.8174575369757546,268,0.644374191984486,0.7429594386774317,0.788741130193336,0.7745795080067319,18.486282348632812,0.010304680094122887,-0.044869158416986465,0.38926658692577465,0.7411547911547911,814,0.7503399152692656,100,100,0.15554361045360565,5.647399187088013,57472,1068,17669,4d5e678,b9288cb03392952e,2.9.1+cu128,3.12.3
stageE_4415161155,"{""epochs"": 1000, ""eval_every"": 10, ""mae_alpha"": 5.0, ""patience"": 20, ""remask"": false, ""seed"": 0, ""stage"": ""s1->s2""}",stageE/stageE_4415161155.json,stageE,,0,s1->s2,sage,sage,multiplicity,1,64,2,0.001,0.5,1000,20,10,0.0,uniform,1.0,0.75,100,5.0,False,0.001,,0.7502501740341108,0.7223295338379428,0.7516222922339838,0.7196178111046672,0.7879923821686698,0.7682127793781617,0.7174394791224112,1097,0.7795661498040711,403,0.8404703012088878,268,0.6685001885369533,0.7615358737763582,0.7861830265322912,0.7799704471475073,21.660470962524414,0.08360589295625687,-0.307278573513031,0.3226470605166497,0.7361179361179362,814,0.7617052667457919,10,100,0.05018046870827675,5.71883487701416,57472,1068,17669,4d5e678,b9288cb03392952e,2.9.1+cu128,3.12.3
stageE_8126826790,"{""epochs"": 1000, ""eval_every"": 10, ""mae_alpha"": 5.0, ""patience"": 20, ""remask"": false, ""seed"": 1, ""stage"": ""s1->s2""}",stageE/stageE_8126826790.json,stageE,,1,s1->s2,sage,sage,multiplicity,1,64,2,0.001,0.5,1000,20,10,0.0,uniform,1.0,0.75,100,5.0,False,0.001,,0.7677359633811757,0.7378879834071244,0.7592322856309248,0.7300756522741889,0.7883668434307242,0.7728038743147365,0.7400577263371515,1097,0.798197624153689,403,0.8352246825825623,268,0.7105836565395389,0.7872711678940053,0.8003895002056767,0.7692276199498129,20.970487594604492,0.06349470466375351,-0.24728551506996155,0.29532530564893,0.7595823095823095,814,0.7744767518211985,10,100,0.050675321370363235,5.294653654098511,57472,1068,17669,4d5e678,b9288cb03392952e,2.9.1+cu128,3.12.3
stageE_1269472871,"{""epochs"": 1000, ""eval_every"": 10, ""mae_alpha"": 5.0, ""patience"": 20, ""remask"": false, ""seed"": 2, ""stage"": ""s1->s2""}",stageE/stageE_1269472871.json,stageE,,2,s1->s2,sage,sage,multiplicity,1,64,2,0.001,0.5,1000,20,10,0.0,uniform,1.0,0.75,100,5.0,False,0.001,,0.7393576861653121,0.7105122017249631,0.7448816696013596,0.7208834763839719,0.7944570775577896,0.7791655121008674,0.6964296394527237,1097,0.7857212029686851,403,0.8453560815830352,268,0.6236640810170222,0.7419391210481177,0.8036256941587825,0.7819601628556169,21.953222274780273,0.10465425252914429,-0.3957812488079071,0.34533880634911207,0.7712530712530712,814,0.7643212354132041,10,100,0.050042591989040375,6.088095664978027,57472,1068,17669,4d5e678,b9288cb03392952e,2.9.1+cu128,3.12.3
stageE_2522016667,"{""epochs"": 1000, ""eval_every"": 10, ""mae_alpha"": 5.0, ""patience"": 20, ""remask"": false, ""seed"": 3, ""stage"": ""s1->s2""}",stageE/stageE_2522016667.json,stageE,,3,s1->s2,sage,sage,multiplicity,1,64,2,0.001,0.5,1000,20,10,0.0,uniform,1.0,0.75,100,5.0,False,0.001,,0.7519879558158105,0.7297257754216886,0.7558787698859565,0.7341496376287837,0.7802870539096252,0.7627390691707681,0.7105742935278032,1097,0.7908727529950709,403,0.8630335314378336,268,0.6600180456798105,0.7422539654373564,0.7980949197860963,0.8027857279625916,22.71802520751953,0.09828618168830872,-0.3369807004928589,0.3500504758877197,0.735872235872236,814,0.7664411984620797,10,100,0.05044616386294365,5.4474403858184814,57472,1068,17669,4d5e678,b9288cb03392952e,2.9.1+cu128,3.12.3
stageE_1746105566,"{""epochs"": 1000, ""eval_every"": 10, ""mae_alpha"": 5.0, ""patience"": 20, ""remask"": false, ""seed"": 4, ""stage"": ""s1->s2""}",stageE/stageE_1746105566.json,stageE,,4,s1->s2,sage,sage,multiplicity,1,64,2,0.001,0.5,1000,20,10,0.0,uniform,1.0,0.75,100,5.0,False,0.001,,0.7392621913453861,0.7127687700306429,0.7413542797035279,0.71428307655681,0.7944046113920681,0.7877959501548936,0.7046513630345203,1097,0.7791850993117232,403,0.8209007986087662,268,0.6386541154923507,0.7429532773390904,0.7909855769230769,0.7789122887462334,18.691247940063477,0.010705554857850075,-0.04630987346172333,0.3919947627946395,0.7444717444717445,814,0.749793915079991,100,100,0.05077465623617172,5.795819282531738,57472,1068,17669,4d5e678,b9288cb03392952e,2.9.1+cu128,3.12.3
stageE_4054476584,"{""epochs"": 1000, ""eval_every"": 10, ""patience"": 20, ""remask"": true, ""seed"": 0, ""stage"": ""s2"", ""tag"": ""s2_shipped""}",stageE/stageE_4054476584.json,stageE,s2_shipped,0,s2,sage,sage,multiplicity,1,64,2,0.001,0.5,1000,20,10,0.0,uniform,1.0,0.75,100,3.0,True,0.001,,0.5901845401404557,0.5728055287563286,0.5858180115067259,0.5717330313548553,0.7065524162588809,0.6873268014211681,0.5689885413530114,1097,0.6085004435062821,403,0.6494035760113459,268,0.5301645658263305,0.5824590394227074,0.6369440302344715,0.6084032893609732,40.39200210571289,0.02671930566430092,-0.06706424057483673,0.4439346076934796,0.5108108108108107,814,0.5962203288468237,30,100,0.32261785864830017,0.7527663707733154,57472,1068,17669,4d5e678,b9288cb03392952e,2.9.1+cu128,3.12.3
stageE_0466258542,"{""epochs"": 1000, ""eval_every"": 10, ""patience"": 20, ""remask"": true, ""seed"": 1, ""stage"": ""s2"", ""tag"": ""s2_shipped""}",stageE/stageE_0466258542.json,stageE,s2_shipped,1,s2,sage,sage,multiplicity,1,64,2,0.001,0.5,1000,20,10,0.0,uniform,1.0,0.75,100,3.0,True,0.001,,0.5995372740115886,0.5944211245179474,0.5976785641162139,0.5938742893979471,0.6866616610532135,0.6688403589762969,0.5744415043908314,1097,0.6218154564746303,403,0.6687609745390694,268,0.5420888547726783,0.5835656157887992,0.643520541958042,0.6265009473037115,37.49639892578125,0.026001857593655586,-0.06606964021921158,0.4301989647550564,0.5052825552825553,814,0.5954426444246199,30,100,0.28370895981788635,0.6538081169128418,57472,1068,17669,4d5e678,b9288cb03392952e,2.9.1+cu128,3.12.3
stageE_5467095375,"{""epochs"": 1000, ""eval_every"": 10, ""patience"": 20, ""remask"": true, ""seed"": 2, ""stage"": ""s2"", ""tag"": ""s2_shipped""}",stageE/stageE_5467095375.json,stageE,s2_shipped,2,s2,sage,sage,multiplicity,1,64,2,0.001,0.5,1000,20,10,0.0,uniform,1.0,0.75,100,3.0,True,0.001,,0.6384972410474806,0.623999637056152,0.6469636486251306,0.6187444609033241,0.7451184071783952,0.7166060004222166,0.620861295924302,1097,0.6440251563499995,403,0.7023736661714054,268,0.5711141187244129,0.6479842565482704,0.6804189376799671,0.650748521097663,39.08728790283203,0.029030553996562958,-0.0782136395573616,0.49903889997260736,0.5560196560196561,814,0.6419667303404047,60,100,0.3338194489479065,0.6630525588989258,57472,1068,17669,4d5e678,b9288cb03392952e,2.9.1+cu128,3.12.3
stageE_9074715938,"{""epochs"": 1000, ""eval_every"": 10, ""patience"": 20, ""remask"": true, ""seed"": 3, ""stage"": ""s2"", ""tag"": ""s2_shipped""}",stageE/stageE_9074715938.json,stageE,s2_shipped,3,s2,sage,sage,multiplicity,1,64,2,0.001,0.5,1000,20,10,0.0,uniform,1.0,0.75,100,3.0,True,0.001,,0.6075596386744743,0.5937450950077788,0.6073125038389877,0.590998860190006,0.6954198316987777,0.6822694731252538,0.5889584201256409,1097,0.6320427674792002,403,0.6468836530019584,268,0.5677655677655677,0.6119003785526278,0.6325689016865488,0.6158381118423042,40.408870697021484,0.032330043613910675,-0.08062595874071121,0.4386630212586121,0.5450859950859951,814,0.6024471110785491,10,100,0.33242133259773254,0.6833436489105225,57472,1068,17669,4d5e678,b9288cb03392952e,2.9.1+cu128,3.12.3
stageE_4437458835,"{""epochs"": 1000, ""eval_every"": 10, ""patience"": 20, ""remask"": true, ""seed"": 4, ""stage"": ""s2"", ""tag"": ""s2_shipped""}",stageE/stageE_4437458835.json,stageE,s2_shipped,4,s2,sage,sage,multiplicity,1,64,2,0.001,0.5,1000,20,10,0.0,uniform,1.0,0.75,100,3.0,True,0.001,,0.5986581458201101,0.5841973251167439,0.6083573483343911,0.5962264088400834,0.7230328706926559,0.7016658933114983,0.5725624079657808,1097,0.6168119757924166,403,0.6781769180117512,268,0.5143894096099979,0.596400915821331,0.6381080316742083,0.6411325066260871,39.95589828491211,0.02467907965183258,-0.06443636119365692,0.5032501541259173,0.521990171990172,814,0.6123819474661596,40,100,0.30601561069488525,0.8019583225250244,57472,1068,17669,4d5e678,b9288cb03392952e,2.9.1+cu128,3.12.3
stageE_1403190993,"{""backbone"": ""gat"", ""epochs"": 1000, ""eval_every"": 10, ""lr"": 0.0003, ""neg_ratio"": 2.0, ""num_layers"": 1, ""patience"": 20, ""remask"": false, ""seed"": 0, ""stage"": ""s1->s2"", ""tag"": ""tuned_s1s2"", ""temperature"": 0.2}",stageE/stageE_1403190993.json,stageE,tuned_s1s2,0,s1->s2,gat,gat,multiplicity,1,64,1,0.0003,0.2,1000,20,10,0.0,uniform,2.0,0.75,100,3.0,False,0.001,,0.7595829131774534,0.742072476679225,0.757927989547716,0.7479259357493804,0.8651517167953154,0.8644498428090416,0.7099625366590083,1097,0.8276535991376891,403,0.8603331616802864,268,0.5934429541047188,0.7993788138684333,0.8375006427396134,0.7979541011196324,33.55427169799805,0.002237338339909911,-0.01604182831943035,0.6741348272512094,0.7960687960687961,814,0.7805692831605123,90,100,0.15514130890369415,32.278464794158936,98880,1068,17669,4d5e678,b9288cb03392952e,2.9.1+cu128,3.12.3
stageE_8604948369,"{""backbone"": ""gat"", ""epochs"": 1000, ""eval_every"": 10, ""lr"": 0.0003, ""neg_ratio"": 2.0, ""num_layers"": 1, ""patience"": 20, ""remask"": false, ""seed"": 1, ""stage"": ""s1->s2"", ""tag"": ""tuned_s1s2"", ""temperature"": 0.2}",stageE/stageE_8604948369.json,stageE,tuned_s1s2,1,s1->s2,gat,gat,multiplicity,1,64,1,0.0003,0.2,1000,20,10,0.0,uniform,2.0,0.75,100,3.0,False,0.001,,0.7600946182510595,0.7467091110948395,0.7634614104952806,0.7594839184432708,0.885701978102414,0.883306568025773,0.6947670941316714,1097,0.8484050615856191,403,0.8947035186060647,268,0.5308614792070674,0.7968994913199066,0.8579629010695188,0.8409909149542976,42.19670867919922,0.0013266921741887927,-0.009172476828098297,0.7481332164631748,0.7998771498771499,814,0.7925822811080765,100,100,0.15664464235305786,32.242380142211914,98880,1068,17669,4d5e678,b9288cb03392952e,2.9.1+cu128,3.12.3
stageE_0966042184,"{""backbone"": ""gat"", ""epochs"": 1000, ""eval_every"": 10, ""lr"": 0.0003, ""neg_ratio"": 2.0, ""num_layers"": 1, ""patience"": 20, ""remask"": false, ""seed"": 2, ""stage"": ""s1->s2"", ""tag"": ""tuned_s1s2"", ""temperature"": 0.2}",stageE/stageE_0966042184.json,stageE,tuned_s1s2,2,s1->s2,gat,gat,multiplicity,1,64,1,0.0003,0.2,1000,20,10,0.0,uniform,2.0,0.75,100,3.0,False,0.001,,0.7457958285559264,0.7447140908827854,0.7547054792592289,0.7600633255959814,0.8912688302348437,0.893812422267058,0.6650235421985918,1097,0.8556716874571932,403,0.9111959292902008,268,0.45253043525102343,0.768792698074705,0.8777612093788565,0.8672905602192907,44.34169006347656,0.0011152324732393026,-0.00820596981793642,0.781906922497034,0.7721130221130221,814,0.7841602185510708,100,100,0.15393435955047607,31.980801343917847,98880,1068,17669,4d5e678,b9288cb03392952e,2.9.1+cu128,3.12.3
stageE_4201985528,"{""backbone"": ""gat"", ""epochs"": 1000, ""eval_every"": 10, ""lr"": 0.0003, ""neg_ratio"": 2.0, ""num_layers"": 1, ""patience"": 20, ""remask"": false, ""seed"": 3, ""stage"": ""s1->s2"", ""tag"": ""tuned_s1s2"", ""temperature"": 0.2}",stageE/stageE_4201985528.json,stageE,tuned_s1s2,3,s1->s2,gat,gat,multiplicity,1,64,1,0.0003,0.2,1000,20,10,0.0,uniform,2.0,0.75,100,3.0,False,0.001,,0.7535932925206282,0.7388732272310123,0.7556157992260599,0.7505948396455416,0.871087271708196,0.8717890687705159,0.6987923666767036,1097,0.830811476146099,403,0.8617936195718241,268,0.5690530058177117,0.786231750115833,0.8382475061703002,0.8098917655120984,36.494903564453125,0.0012979808961972594,-0.009402892552316189,0.6959512989578489,0.7911547911547911,814,0.7797250077323618,90,100,0.1546933948993683,32.20280313491821,98880,1068,17669,4d5e678,b9288cb03392952e,2.9.1+cu128,3.12.3
stageE_1503817855,"{""backbone"": ""gat"", ""epochs"": 1000, ""eval_every"": 10, ""lr"": 0.0003, ""neg_ratio"": 2.0, ""num_layers"": 1, ""patience"": 20, ""remask"": false, ""seed"": 4, ""stage"": ""s1->s2"", ""tag"": ""tuned_s1s2"", ""temperature"": 0.2}",stageE/stageE_1503817855.json,stageE,tuned_s1s2,4,s1->s2,gat,gat,multiplicity,1,64,1,0.0003,0.2,1000,20,10,0.0,uniform,2.0,0.75,100,3.0,False,0.001,,0.75264666212813,0.7377666691310926,0.7590710481460249,0.7564426396336236,0.8885543459900495,0.8866784422452622,0.6830877712560376,1097,0.8475264700268349,403,0.8946971871412169,268,0.5042164942900237,0.7863321799307958,0.8613694210201562,0.8440520160436968,44.251285552978516,0.001122717629186809,-0.0077615403570234776,0.7838124367720357,0.7917690417690417,814,0.7871917514425344,100,100,0.1555756777524948,32.40470337867737,98880,1068,17669,4d5e678,b9288cb03392952e,2.9.1+cu128,3.12.3
