item,tier,pop_decile,train_pop,exposures,hits20_noobj_s0,hits20_noobj_s1,hits20_noobj_s2,hits20_control_s0,hits20_control_s1,hits20_control_s2,hits20_shufobj_s0,hits20_shufobj_s1,hits20_shufobj_s2
0,exact,7,12,1,0,0,0,0,0,0,0,0,0
1,exact,8,13,3,0,0,0,0,0,0,0,0,0
2,near,9,38,13,0,0,0,0,0,0,0,0,0
3,exact,2,3,2,0,0,0,0,0,0,0,0,0
5,exact,1,2,1,0,0,0,0,0,0,0,0,0
6,exact,2,3,3,0,0,0,0,0,0,0,0,0
7,exact,3,4,1,0,0,0,0,0,0,0,0,0
8,near,7,12,3,0,0,0,0,0,0,0,0,0
9,near,5,6,3,0,0,0,0,0,0,0,0,0
10,exact,0,1,3,0,0,0,0,0,0,0,0,0
11,exact,6,7,1,0,0,0,0,0,0,0,0,0
12,near,7,10,6,0,0,0,0,0,0,0,0,0
13,exact,6,8,2,0,0,0,0,0,0,0,0,0
14,exact,9,31,19,0,0,0,0,0,0,0,0,0
16,far,9,41,13,1,0,1,1,0,0,0,0,0
17,near,9,33,6,4,2,4,4,2,3,3,2,3
18,exact,6,7,2,0,0,0,0,0,0,0,0,0
20,exact,7,9,1,0,0,0,0,0,0,0,0,0
21,near,2,3,2,0,0,0,0,0,0,0,0,0
22,exact,3,4,2,0,0,0,0,0,0,0,0,0
23,exact,7,10,3,0,0,0,0,0,0,0,0,0
25,near,2,3,4,0,0,0,0,0,0,0,0,0
26,exact,8,16,7,0,0,0,0,0,0,0,0,0
27,exact,8,19,11,0,1,2,0,0,0,0,0,0
28,exact,1,2,2,0,0,0,0,0,0,0,0,0
30,exact,3,4,1,0,0,0,0,0,0,0,0,0
31,near,1,2,3,0,0,0,0,0,0,0,0,0
32,near,2,3,2,0,0,0,0,0,0,0,0,0
33,far,3,4,1,0,0,0,0,0,0,0,0,0
34,near,9,41,13,6,0,5,8,0,3,0,1,1
35,exact,7,10,3,1,0,1,0,0,0,0,0,0
36,exact,3,4,3,0,0,0,0,0,0,0,0,0
37,near,2,3,1,0,0,0,0,0,0,0,0,0
39,exact,3,4,2,0,0,0,0,0,0,0,0,0
40,exact,8,14,5,0,0,0,0,0,0,0,0,0
41,exact,9,24,3,1,1,1,1,0,1,0,0,1
42,exact,7,12,3,0,0,0,0,0,0,0,0,0
44,near,8,20,8,0,0,0,0,0,0,0,0,0
45,near,9,28,16,0,0,0,1,0,0,0,0,0
46,exact,3,4,1,0,0,0,0,0,0,0,0,0
47,near,9,27,8,0,0,0,0,0,0,0,0,0
48,exact,5,5,1,0,0,0,0,0,0,0,0,0
49,far,7,9,1,0,0,0,0,0,0,0,0,0
50,far,7,9,6,0,0,0,0,0,0,0,0,0
51,exact,7,9,4,0,0,0,0,0,0,0,0,0
52,far,5,6,3,0,0,0,0,1,0,0,0,0
53,exact,8,17,8,0,0,0,0,0,0,0,0,0
54,near,3,4,1,0,0,0,0,0,0,0,0,0
55,near,2,3,2,0,0,0,0,0,0,0,0,0
56,exact,7,9,1,0,0,0,0,0,0,0,0,0
58,near,5,5,2,0,0,0,0,0,0,0,0,0
59,exact,9,25,11,0,1,0,0,1,0,0,0,0
60,far,9,39,16,0,0,0,0,0,0,0,0,0
61,near,2,3,3,0,0,0,0,0,0,0,0,0
62,exact,0,0,1,0,0,0,0,0,0,0,0,0
63,exact,0,1,2,0,0,0,0,0,0,0,0,0
64,near,7,9,6,0,0,0,0,0,0,0,0,0
65,exact,9,73,25,2,1,3,1,1,2,2,1,3
66,far,8,14,4,0,0,0,0,0,0,0,0,0
68,near,8,15,8,1,1,1,1,1,1,1,1,1
69,far,7,12,5,0,0,0,0,0,0,0,0,0
70,exact,3,4,1,0,0,0,0,0,0,0,0,0
71,far,2,3,1,0,0,0,0,0,0,0,0,0
73,exact,6,8,2,0,0,0,0,0,0,0,0,0
74,near,5,5,1,0,0,0,0,0,0,0,0,0
75,exact,2,3,2,0,0,0,0,0,0,0,0,0
76,near,5,6,2,0,0,0,0,0,0,0,0,0
77,exact,2,3,2,0,0,0,0,0,0,0,0,0
78,exact,2,3,2,0,0,0,0,0,0,0,0,0
79,near,5,5,1,0,0,0,0,0,0,0,0,0
80,near,1,2,1,0,0,0,0,0,0,0,0,0
81,exact,6,8,1,0,0,0,0,0,0,0,0,0
82,exact,2,3,1,0,0,0,0,0,0,0,0,0
83,exact,2,3,4,0,0,0,0,0,0,0,0,0
84,near,9,29,10,1,1,0,1,0,0,1,1,1
85,exact,6,7,2,0,0,0,0,0,0,0,0,0
86,far,3,4,3,0,0,0,0,0,0,0,0,0
87,far,0,1,2,0,0,0,0,0,0,0,0,0
88,near,5,5,1,0,0,0,0,0,0,0,0,0
89,near,8,14,8,0,0,0,0,0,0,0,0,0
90,near,0,1,2,0,0,0,0,0,0,0,0,0
91,near,7,9,5,0,0,0,0,0,0,0,0,0
92,near,1,2,2,0,0,0,0,0,0,0,0,0
93,exact,8,20,3,0,0,0,0,0,0,0,0,0
94,near,1,2,1,0,0,0,0,0,0,0,0,0
95,near,2,3,1,0,0,0,0,0,0,0,0,0
97,far,8,15,15,0,0,0,0,0,0,0,0,0
98,far,3,4,6,0,0,0,0,0,0,0,0,0
100,exact,9,92,30,1,1,0,1,0,0,0,2,2
101,exact,5,6,2,0,0,0,0,0,0,0,0,0
103,near,7,10,2,0,0,0,0,0,0,0,0,0
104,near,2,3,1,0,0,0,0,0,0,0,0,0
107,exact,5,5,3,0,0,0,0,0,0,0,0,0
108,exact,1,2,2,0,0,0,0,0,0,0,0,0
109,exact,9,107,53,0,0,4,1,1,2,0,1,3
110,far,9,30,11,1,1,1,1,1,0,1,1,1
112,near,9,36,18,0,0,0,0,0,0,0,0,0
113,near,0,1,4,0,0,0,0,0,0,0,0,0
114,near,5,6,1,0,0,0,0,0,0,0,0,0
115,exact,2,3,1,0,0,0,0,0,0,0,0,0
116,exact,1,2,1,0,0,0,0,0,0,0,0,0
117,exact,1,2,2,0,0,0,0,0,0,0,0,0
118,near,2,3,1,0,0,0,0,0,0,0,0,0
119,near,8,14,3,3,3,3,3,3,3,3,0,3
120,near,6,8,3,0,0,0,0,0,0,0,0,0
121,exact,7,9,3,0,0,0,0,0,0,0,0,0
122,exact,6,8,7,0,0,0,0,0,0,0,0,0
123,near,1,2,2,0,0,0,0,0,0,0,0,0
124,near,7,12,3,0,0,0,0,0,0,0,0,0
125,exact,3,4,1,0,0,0,0,0,0,0,0,0
126,near,5,6,3,0,0,0,0,0,0,0,0,0
127,exact,1,2,1,0,0,0,0,0,0,0,0,0
128,far,5,6,1,0,0,0,0,0,0,0,0,0
129,near,6,7,1,0,0,0,0,0,0,0,0,0
132,near,7,10,2,0,0,0,0,0,0,0,0,0
133,near,6,7,1,0,0,0,0,0,0,0,0,0
134,exact,5,5,1,0,0,0,0,0,0,0,0,0
135,exact,9,22,4,0,0,0,0,0,0,0,0,0
136,exact,0,0,3,0,0,0,0,0,0,0,0,0
137,near,1,2,1,0,0,0,0,0,0,0,0,0
138,exact,1,2,2,0,0,0,0,0,0,0,0,0
139,near,5,5,2,0,0,0,0,0,0,0,0,0
140,exact,7,9,5,0,0,1,0,0,0,0,0,0
141,far,8,13,3,0,0,0,0,0,0,0,0,0
142,exact,5,5,1,0,0,0,0,0,0,0,0,0
143,exact,8,21,8,0,0,0,0,0,0,0,0,0
144,near,8,18,6,0,0,0,0,0,0,0,0,0
145,far,2,3,1,0,0,0,0,0,0,0,0,0
146,exact,1,2,1,0,0,0,0,0,0,0,0,0
148,near,7,11,9,0,0,0,0,0,0,0,0,0
149,far,8,14,8,0,0,0,0,0,0,0,0,0
150,exact,9,36,16,1,0,1,1,1,1,1,0,0
151,near,9,26,8,0,0,0,0,0,0,0,0,0
152,near,3,4,1,0,0,0,0,0,0,0,0,0
153,exact,7,9,3,0,0,0,0,0,0,0,0,0
154,far,9,35,7,0,0,0,0,0,0,0,0,0
155,near,7,9,2,0,1,0,0,0,0,0,0,0
156,near,5,5,7,0,0,0,0,0,0,0,0,0
157,exact,5,6,2,0,0,0,0,0,0,0,0,0
158,near,7,11,2,0,1,0,0,0,0,0,0,0
159,exact,3,4,4,0,0,0,0,0,0,0,0,0
161,near,6,7,1,0,0,0,0,0,0,0,0,0
162,exact,2,3,3,0,0,0,0,0,0,0,0,0
163,exact,3,4,1,0,0,0,0,0,0,0,0,0
164,exact,6,7,1,0,0,0,0,0,0,0,0,0
165,exact,5,6,2,0,0,0,0,0,0,0,0,0
166,near,8,18,8,1,0,0,0,0,0,1,0,0
167,near,5,5,2,0,0,0,0,0,0,0,0,0
168,exact,5,5,3,0,0,0,0,0,0,0,0,0
169,exact,3,4,1,0,0,0,0,0,0,0,0,0
170,exact,9,27,9,1,2,0,0,0,0,0,0,0
171,near,8,14,2,0,0,0,0,0,0,0,0,0
172,near,9,27,11,0,0,0,0,0,0,1,0,0
173,near,9,29,17,0,0,0,0,0,0,0,1,0
175,exact,3,4,1,0,0,0,0,0,0,0,0,0
177,exact,5,5,2,0,0,0,0,0,0,0,0,0
178,far,2,3,2,0,0,0,0,0,0,0,0,0
179,exact,2,3,1,0,0,0,0,0,0,0,0,0
180,near,6,7,2,0,0,0,0,0,0,0,0,0
181,near,9,23,4,0,0,0,0,0,0,0,0,0
182,exact,5,5,1,0,0,0,0,0,0,0,0,0
183,exact,1,2,1,0,0,0,0,0,0,0,0,0
184,exact,9,60,13,0,2,4,0,2,0,0,4,2
185,exact,5,6,4,1,1,1,1,1,1,1,1,1
186,exact,9,24,13,0,0,0,0,0,0,0,0,0
187,exact,2,3,3,0,0,0,0,0,0,0,0,0
188,near,6,7,8,0,0,0,0,0,0,0,0,0
189,near,8,19,4,0,0,0,0,0,0,0,0,0
190,near,1,2,2,0,0,0,0,0,0,0,0,0
192,exact,8,16,5,0,1,1,0,0,0,0,1,1
193,near,6,7,6,0,0,0,0,0,0,0,0,0
194,exact,5,5,2,0,0,0,0,0,0,0,0,0
195,exact,2,3,1,0,0,0,0,0,0,0,0,0
196,exact,3,4,4,0,0,0,0,0,0,0,0,0
201,near,8,19,3,0,0,0,0,0,0,0,0,0
202,exact,7,9,3,0,0,0,0,0,0,0,0,0
203,exact,7,9,1,0,0,0,0,0,0,0,0,0
204,far,3,4,1,0,0,0,0,0,0,0,0,0
205,exact,6,7,7,0,1,0,0,0,0,0,0,0
206,exact,9,22,5,1,0,0,0,0,0,0,0,0
207,exact,7,10,6,0,0,0,0,0,0,0,0,0
208,far,1,2,2,0,0,0,0,0,0,0,0,0
210,near,9,30,24,0,0,0,0,0,0,0,0,0
211,near,7,11,9,0,0,0,0,0,0,0,0,0
212,near,2,3,1,0,0,0,0,0,0,0,0,0
214,near,5,6,1,0,0,0,0,0,0,0,0,0
215,exact,5,5,1,0,0,0,0,0,0,0,0,0
216,far,3,4,1,0,0,0,0,0,0,0,0,0
217,near,8,13,3,0,0,0,0,0,0,0,0,0
219,exact,9,30,6,2,2,1,1,1,1,1,2,1
220,exact,5,6,2,0,0,0,0,0,0,0,0,0
221,exact,2,3,1,0,0,0,0,0,0,0,0,0
222,near,6,8,1,0,0,0,0,0,0,0,0,0
223,near,7,9,3,0,1,0,0,0,0,0,1,0
224,exact,2,3,1,0,0,0,0,0,0,0,0,0
225,exact,3,4,2,0,0,0,0,0,0,0,0,0
226,exact,8,20,1,0,0,0,0,0,0,0,0,0
227,near,1,2,2,0,0,0,0,0,0,0,0,0
228,near,5,6,2,0,0,0,0,0,0,0,0,0
229,exact,5,6,2,0,0,0,0,0,0,0,0,0
230,exact,5,5,4,3,2,2,3,2,2,3,2,2
231,exact,3,4,1,0,0,0,0,0,0,0,0,0
232,exact,5,5,2,0,0,0,0,0,0,0,0,0
233,exact,2,3,2,0,0,0,0,0,0,0,0,0
234,near,9,72,24,1,2,1,1,1,0,2,1,1
236,exact,8,14,4,0,0,0,0,0,0,0,0,0
237,exact,7,10,3,0,0,0,0,0,0,0,0,0
238,exact,7,11,4,0,0,0,0,0,0,0,0,0
239,exact,3,4,2,0,0,0,0,0,0,0,0,0
241,near,6,7,6,0,0,0,0,0,0,0,0,0
243,exact,3,4,1,0,0,0,0,0,0,0,0,0
244,near,8,13,5,0,0,0,0,0,0,0,0,0
245,near,9,24,9,0,0,1,1,0,0,0,0,0
246,near,7,9,6,0,0,0,0,0,0,0,0,0
247,near,8,15,1,0,0,0,0,0,0,0,0,0
248,near,7,10,2,0,0,0,0,0,0,0,0,0
249,near,7,12,2,0,0,0,0,0,0,0,0,0
250,near,6,8,2,0,0,0,0,0,0,0,0,0
252,exact,1,2,2,0,0,0,0,0,0,0,0,0
253,exact,0,1,4,0,0,0,0,0,0,0,0,0
254,near,5,5,4,0,0,0,0,0,0,0,0,0
255,far,7,10,1,0,0,0,0,0,0,0,0,0
256,far,2,3,2,0,0,0,0,0,0,0,0,0
257,far,8,19,8,1,1,1,1,1,1,1,1,1
258,near,7,11,4,0,0,0,0,0,0,0,0,0
259,exact,6,8,6,0,0,0,0,0,1,0,0,0
261,exact,8,14,5,0,0,0,0,0,0,0,0,0
262,exact,2,3,4,0,0,0,0,0,0,0,0,0
264,exact,2,3,1,0,0,0,0,0,0,0,0,0
265,near,5,5,1,0,0,0,0,0,0,0,0,0
267,exact,3,4,1,0,0,0,0,0,0,0,0,0
268,near,8,15,3,0,0,0,0,0,0,0,0,0
269,near,8,13,6,0,0,0,0,0,0,0,0,0
270,near,8,13,10,0,0,0,0,0,0,0,0,0
271,near,3,4,3,0,0,0,0,0,0,0,0,0
272,near,2,3,1,0,0,0,0,0,0,0,0,0
273,exact,9,85,21,5,7,3,3,6,5,3,4,1
274,exact,9,29,6,0,0,0,0,0,0,0,0,0
275,near,1,2,1,0,0,0,0,0,0,0,0,0
276,exact,2,3,2,0,0,0,0,0,0,0,0,0
277,exact,3,4,2,0,0,0,0,0,0,0,0,0
278,exact,7,9,4,0,0,0,0,0,0,0,0,0
279,near,8,18,6,0,0,0,0,0,0,0,1,0
281,exact,9,27,4,4,4,4,3,4,2,3,3,2
282,near,6,8,1,0,0,0,0,0,0,0,0,0
283,exact,7,12,4,0,0,0,0,0,0,0,0,0
284,near,2,3,2,0,0,0,0,0,0,0,0,0
285,near,7,10,2,0,0,0,0,0,0,0,0,0
286,exact,2,3,1,0,0,0,0,0,0,0,0,0
287,exact,7,10,2,0,0,0,0,0,0,0,0,0
288,near,1,2,1,0,0,0,0,0,0,0,0,0
289,near,9,57,23,1,1,0,0,1,0,2,1,1
291,far,8,14,11,0,0,0,0,0,0,0,0,0
292,exact,9,22,14,2,2,2,2,3,2,3,2,2
293,near,5,6,1,0,0,0,0,0,0,0,0,0
294,exact,9,47,16,0,2,0,0,0,1,0,0,1
295,near,5,5,1,0,0,0,0,0,0,0,0,0
297,exact,9,26,11,0,0,0,0,0,0,0,0,0
298,exact,2,3,1,0,0,0,0,0,0,0,0,0
299,exact,1,2,2,0,0,0,0,0,0,0,0,0
301,near,9,38,16,0,0,0,0,0,0,0,0,0
302,exact,9,23,17,0,0,0,0,0,0,0,0,0
303,near,1,2,1,0,0,0,0,0,0,0,0,0
304,far,1,2,3,0,0,0,0,0,0,0,0,0
305,near,7,11,3,0,0,0,0,0,0,0,0,0
307,exact,7,9,1,0,0,0,0,0,0,0,0,0
308,near,9,23,14,0,1,0,0,0,0,0,1,0
309,near,1,2,1,0,0,0,0,0,0,0,0,0
310,near,1,2,3,0,0,0,0,0,0,0,0,0
311,exact,8,14,6,0,0,0,0,0,0,0,0,0
312,exact,2,3,4,0,0,0,0,0,0,0,0,0
313,exact,7,11,3,0,0,0,0,0,0,0,0,0
314,near,7,10,2,0,0,0,0,0,0,0,0,0
315,exact,0,1,5,0,0,0,0,0,0,0,0,0
316,exact,7,12,8,0,0,0,0,0,0,1,0,0
317,exact,7,12,8,0,0,1,0,0,1,0,0,0
318,near,0,1,1,0,0,0,0,0,0,0,0,0
319,exact,7,9,1,0,1,0,1,1,0,0,0,0
321,far,8,19,5,0,0,0,0,0,0,0,0,0
322,near,6,7,1,0,0,0,0,0,0,0,0,0
323,near,8,15,5,0,0,0,0,0,0,0,0,0
324,exact,3,4,1,0,0,0,0,0,0,0,0,0
325,near,7,12,2,0,0,0,0,0,0,0,0,0
326,exact,8,13,9,1,1,1,0,1,0,1,1,1
327,exact,7,10,4,0,0,0,0,0,0,0,0,0
328,near,8,13,3,0,0,0,0,0,0,0,0,0
329,near,5,5,1,0,0,0,0,0,0,0,0,0
331,exact,9,232,83,20,15,14,14,12,14,15,14,14
332,exact,8,20,11,0,0,0,0,0,0,0,0,0
333,near,3,4,3,0,0,0,0,0,0,0,0,0
334,near,3,4,2,0,0,0,0,0,0,0,0,0
335,near,5,5,1,0,0,0,0,0,0,0,0,0
336,exact,1,2,2,0,0,0,0,0,0,0,0,0
338,exact,7,9,3,0,0,0,0,0,0,0,0,0
339,near,9,27,12,0,1,0,0,1,0,0,0,0
340,exact,8,13,5,0,0,0,0,0,0,0,0,0
343,near,7,10,4,0,0,0,0,0,0,0,0,0
344,near,5,5,1,0,0,0,0,0,0,0,0,0
345,exact,5,5,3,0,0,0,0,0,0,0,0,0
347,exact,1,2,2,0,0,0,0,0,0,0,0,0
348,far,9,33,13,4,5,2,4,5,2,4,5,1
349,exact,7,10,5,0,0,0,0,0,0,0,0,0
350,exact,2,3,5,0,0,0,0,0,0,0,0,0
351,exact,6,7,1,0,0,0,0,0,0,0,0,0
352,near,7,10,3,0,0,0,0,0,0,0,0,0
354,exact,8,19,9,0,0,0,0,0,0,0,0,0
355,near,1,2,2,0,0,0,0,0,0,0,0,0
356,exact,5,6,1,0,0,0,0,0,0,0,0,0
357,exact,7,10,2,0,0,0,0,0,0,0,0,0
359,exact,1,2,2,0,0,0,0,0,0,0,0,0
360,far,9,42,23,0,0,0,0,0,0,0,0,0
361,exact,6,8,3,0,0,0,0,0,0,0,0,0
362,exact,2,3,2,0,0,0,0,0,0,0,0,0
363,near,8,21,9,1,0,0,0,0,0,0,0,0
364,near,5,6,1,0,0,0,0,0,0,0,0,0
365,far,8,15,4,0,0,0,0,0,0,0,0,0
366,far,2,3,1,0,0,0,0,0,0,0,0,0
367,exact,2,3,3,0,0,0,0,0,0,0,0,0
370,near,3,4,1,0,0,0,0,0,0,0,0,0
371,near,2,3,1,0,0,0,0,0,0,0,0,0
372,exact,8,13,5,0,0,0,0,0,0,0,0,0
373,near,0,0,2,0,0,0,0,0,0,0,0,0
374,exact,9,50,23,1,2,3,3,2,2,1,1,1
375,exact,8,13,6,0,0,0,0,0,0,0,0,0
376,far,0,1,1,0,0,0,0,0,0,0,0,0
377,exact,5,5,4,0,0,0,0,0,0,0,0,0
378,exact,1,2,3,0,0,0,0,0,0,0,0,0
379,near,7,12,3,1,0,1,1,1,1,1,1,1
380,exact,0,1,4,0,0,0,0,0,0,0,0,0
381,near,5,5,1,0,0,0,0,0,0,0,0,0
382,near,9,34,6,1,1,1,1,1,1,1,1,0
383,exact,5,6,2,0,0,0,0,0,0,0,0,0
385,near,9,22,10,0,0,0,0,0,0,0,0,0
386,exact,6,7,7,0,0,0,0,0,0,0,0,0
387,exact,3,4,1,0,0,0,0,0,0,0,0,0
388,exact,5,6,2,0,0,0,0,0,0,0,0,0
390,near,5,6,2,0,0,0,0,0,0,0,0,0
391,exact,7,10,2,0,0,0,0,0,0,0,0,0
392,far,6,7,3,0,0,0,0,0,0,0,0,0
393,exact,5,5,5,0,0,0,0,0,0,0,0,0
394,near,8,19,4,0,0,0,0,0,0,0,0,0
395,exact,9,34,12,1,0,1,1,0,1,0,0,0
396,far,6,7,10,0,0,0,0,0,0,0,0,0
397,exact,1,2,3,0,0,0,0,0,0,0,0,0
398,exact,2,3,2,0,0,0,0,0,0,0,0,0
399,exact,9,28,7,0,0,0,0,0,0,0,0,0
400,exact,1,2,2,0,0,0,0,0,0,0,0,0
401,exact,8,19,3,0,0,0,0,0,0,0,0,0
402,near,2,3,1,0,0,0,0,0,0,0,0,0
404,far,8,21,5,0,0,0,0,0,0,0,0,0
405,exact,3,4,3,0,0,0,0,0,0,0,0,0
406,exact,9,27,16,0,2,3,0,1,2,0,1,3
407,exact,5,5,1,0,0,0,0,0,0,0,0,0
408,near,8,14,3,0,0,0,0,0,0,0,0,0
409,exact,9,77,24,2,2,2,2,2,2,3,1,2
410,exact,5,6,3,0,0,0,0,0,0,0,0,0
411,exact,2,3,1,0,0,0,0,0,0,0,0,0
412,near,8,18,9,3,3,4,3,3,3,3,3,4
413,near,2,3,1,0,0,0,0,0,0,0,0,0
414,near,1,2,1,0,0,0,0,0,0,0,0,0
415,exact,2,3,2,0,0,0,0,0,0,0,0,0
416,exact,6,7,2,1,1,1,1,1,1,1,1,1
417,near,3,4,1,0,0,0,0,0,0,0,0,0
419,exact,6,7,3,0,0,0,0,0,0,0,0,0
420,near,9,92,22,3,8,8,5,7,5,5,5,9
421,far,9,54,9,5,6,5,4,5,5,4,6,7
422,exact,5,6,1,0,0,0,0,0,0,0,0,0
423,exact,6,8,2,0,0,0,0,0,0,0,0,0
424,near,3,4,1,0,0,0,0,0,0,0,0,0
425,exact,2,3,3,0,0,0,0,0,0,0,0,0
426,near,7,12,1,0,0,0,0,0,0,0,0,0
427,near,7,9,4,0,0,0,0,0,0,0,0,0
428,exact,8,13,5,0,0,0,0,0,0,0,0,0
429,near,5,5,4,0,0,0,0,0,0,0,0,0
430,near,2,3,1,0,0,0,0,0,0,0,0,0
431,near,6,7,6,0,1,0,0,1,0,0,0,0
432,near,5,5,3,0,0,0,0,0,0,0,0,0
434,near,2,3,1,0,0,0,0,0,0,0,0,0
436,exact,5,6,2,0,0,0,0,0,0,0,0,0
437,near,6,8,2,0,0,0,0,0,0,0,0,0
440,far,2,3,1,0,0,0,0,0,0,0,0,0
442,exact,9,30,1,0,0,0,0,0,0,0,0,0
443,far,8,18,7,0,0,0,0,0,0,0,0,0
444,exact,9,23,12,1,0,1,0,0,0,0,0,0
445,exact,6,7,2,0,0,0,0,0,0,0,0,0
446,exact,0,1,2,0,0,0,0,0,0,0,0,0
447,far,1,2,4,1,0,1,0,0,0,0,1,1
448,near,8,13,7,1,0,1,1,1,1,1,0,1
449,exact,2,3,2,0,0,0,0,0,0,0,0,0
451,exact,0,1,1,0,0,0,0,0,0,0,0,0
452,exact,8,21,9,0,0,0,0,0,0,0,0,0
453,near,5,6,3,0,0,0,0,0,0,0,0,0
454,near,2,3,4,0,0,0,0,0,0,0,0,0
455,exact,6,8,2,0,0,0,0,0,0,0,0,0
456,far,2,3,1,0,0,0,0,0,0,0,0,0
457,near,9,22,17,0,0,1,0,0,0,1,0,0
458,near,3,4,1,0,0,0,0,0,0,0,0,0
459,exact,2,3,2,0,0,0,0,0,0,0,0,0
460,near,5,5,1,0,0,0,0,0,0,0,0,0
461,exact,1,2,1,0,0,0,0,0,0,0,0,0
462,exact,5,6,3,0,0,0,0,0,0,0,0,0
464,near,3,4,1,0,0,0,0,0,0,0,0,0
465,exact,2,3,2,0,0,0,0,0,0,0,0,0
467,near,5,5,1,0,0,0,0,0,0,0,0,0
468,near,6,7,1,0,0,0,0,0,0,0,0,0
469,near,9,58,11,0,0,0,0,1,0,0,1,0
470,exact,5,5,2,0,0,0,0,0,0,0,0,0
471,far,9,24,8,0,1,1,0,1,0,0,1,1
472,near,2,3,1,0,0,0,0,0,0,0,0,0
473,exact,5,5,1,0,0,0,0,0,0,0,0,0
474,near,5,5,3,0,0,0,0,0,0,0,0,0
475,exact,6,7,1,0,0,0,0,0,0,0,0,0
476,exact,2,3,3,0,0,0,0,0,0,0,0,0
477,exact,6,8,2,0,0,0,0,0,0,0,0,0
478,exact,9,29,11,0,0,0,0,0,0,0,0,0
479,near,5,6,1,0,0,0,0,0,0,0,0,0
480,exact,1,2,2,0,0,0,0,0,0,0,0,0
481,near,7,10,2,0,0,0,0,0,0,0,0,0
482,exact,1,2,1,0,0,0,0,0,0,0,0,0
483,near,1,2,2,0,0,0,0,0,0,0,0,0
484,exact,8,16,5,0,0,0,1,0,0,0,0,0
485,far,6,8,1,1,0,0,0,0,0,0,0,0
486,near,5,6,3,0,0,0,0,0,0,0,0,0
487,near,5,5,2,0,0,0,0,0,0,0,0,0
489,exact,8,21,11,0,1,0,0,1,0,0,1,0
490,exact,0,1,1,0,0,0,0,0,0,0,0,0
491,near,7,10,4,0,0,0,0,0,0,0,0,0
492,exact,8,14,5,0,0,0,0,0,0,0,0,0
493,exact,6,8,1,0,0,0,0,0,0,0,0,0
494,exact,2,3,2,0,0,0,0,0,0,0,0,0
495,exact,2,3,1,0,0,0,0,0,0,0,0,0
496,near,7,10,3,0,0,0,0,0,0,0,0,0
497,near,8,15,4,0,0,0,0,0,0,0,0,0
499,near,7,12,5,0,0,0,0,0,0,0,0,0
500,near,0,1,3,0,0,0,0,0,0,0,0,0
501,exact,5,5,3,0,0,0,0,0,0,0,0,0
502,near,2,3,6,0,0,0,0,0,0,0,0,0
503,exact,6,7,1,0,0,0,0,0,0,0,0,0
504,near,3,4,2,0,1,1,1,1,0,0,0,0
506,exact,6,7,2,0,0,0,0,0,0,0,0,0
507,near,1,2,2,0,0,0,0,0,0,0,0,0
508,near,9,30,10,0,0,0,0,0,0,0,0,1
509,near,0,1,2,0,0,0,0,0,0,0,0,0
511,far,8,18,8,0,0,0,0,0,0,0,0,0
512,exact,5,5,1,0,0,0,0,0,0,0,0,0
514,exact,2,3,1,0,0,0,0,0,0,0,0,0
515,far,5,6,3,0,0,0,0,0,0,0,0,0
516,far,9,26,4,2,3,3,2,3,3,3,3,3
517,near,3,4,2,0,0,0,0,0,0,0,0,0
518,exact,9,104,41,13,11,12,12,10,12,13,11,12
519,near,7,11,2,0,0,0,0,0,0,0,0,0
520,far,5,5,1,0,0,0,0,0,0,0,0,0
521,exact,3,4,1,0,0,0,0,0,0,0,0,0
522,exact,3,4,1,0,0,0,0,0,0,0,0,0
524,near,6,7,3,0,0,0,0,0,0,0,0,0
525,exact,6,8,1,0,0,0,0,0,0,0,0,0
526,far,3,4,1,0,0,0,0,0,0,0,0,0
527,near,9,25,7,0,0,1,0,0,1,0,0,1
528,near,5,5,7,0,0,0,0,0,0,0,0,0
529,far,7,10,10,0,0,0,0,0,0,0,0,0
530,exact,6,7,2,0,0,0,0,0,0,0,0,0
531,near,8,16,6,6,6,5,5,2,5,5,5,5
533,exact,2,3,1,0,0,0,0,0,0,0,0,0
534,exact,9,22,5,0,1,0,0,0,1,0,0,0
535,near,9,23,6,0,1,0,0,0,0,0,0,0
536,exact,6,7,1,0,0,0,0,0,0,0,0,0
537,near,8,15,4,0,0,1,0,0,0,0,0,0
539,near,9,34,12,0,0,0,0,0,0,0,0,0
541,far,5,6,2,0,0,0,0,0,0,0,0,0
542,exact,5,5,1,0,0,0,0,0,0,0,0,0
543,near,6,7,5,0,0,0,0,0,0,0,0,0
544,near,6,7,2,0,0,0,0,0,0,0,0,0
545,exact,5,6,6,0,0,0,0,0,0,0,0,0
546,exact,2,3,2,0,0,0,0,0,0,0,0,0
547,exact,5,6,2,0,0,0,0,0,0,0,0,0
551,exact,7,9,4,1,1,1,1,1,0,0,1,0
552,near,2,3,3,0,0,0,0,0,0,0,0,0
554,exact,5,5,4,0,0,0,0,0,0,0,0,0
555,near,7,9,5,0,0,0,0,0,0,0,0,0
556,near,7,12,3,0,0,0,0,0,0,0,0,0
557,near,1,2,1,0,0,0,0,0,0,0,0,0
558,exact,8,14,1,0,0,0,0,0,0,0,0,0
559,near,8,16,6,1,1,1,0,1,1,0,1,1
561,exact,5,5,2,0,0,0,0,0,0,0,0,0
562,near,2,3,3,2,2,1,2,1,1,1,2,1
564,exact,1,2,2,0,0,0,0,0,0,0,0,0
565,exact,5,6,9,0,0,0,0,0,0,0,0,0
566,exact,3,4,2,0,0,0,0,0,0,0,0,0
567,near,8,18,8,0,0,0,0,0,0,0,0,0
568,far,9,35,13,4,4,4,3,3,4,3,4,4
569,near,6,8,1,0,0,0,0,0,0,0,0,0
570,near,8,16,8,1,1,1,1,1,1,1,1,1
572,exact,3,4,2,0,0,0,0,0,0,0,0,0
573,near,1,2,3,0,0,0,0,0,0,0,0,0
574,near,6,7,2,0,0,0,0,0,0,0,0,0
575,far,1,2,2,0,0,0,0,0,0,0,0,0
576,exact,1,2,2,0,0,0,0,0,0,0,0,0
577,near,7,11,2,0,0,0,0,0,0,0,0,0
579,exact,3,4,4,0,0,0,0,0,0,0,0,0
580,near,2,3,1,0,0,0,0,0,0,0,0,0
581,exact,8,15,6,0,0,0,0,0,0,0,0,0
582,far,8,15,13,1,1,1,1,2,1,0,1,1
583,exact,6,7,7,0,0,0,0,0,0,0,0,0
584,near,6,8,4,0,0,0,0,0,0,0,0,0
585,near,3,4,1,1,1,0,0,0,0,0,0,0
586,exact,2,3,2,0,0,0,0,0,0,0,0,0
587,near,6,7,3,0,0,0,0,0,0,0,0,0
588,near,8,13,4,4,4,3,0,2,4,3,4,3
589,near,2,3,3,0,0,0,0,0,0,0,0,0
590,exact,5,5,6,0,0,0,0,0,0,0,0,0
591,exact,3,4,1,0,0,0,0,0,0,0,0,0
592,exact,9,33,15,1,0,1,1,0,2,1,0,1
594,exact,3,4,3,0,0,0,0,0,0,0,0,0
595,near,2,3,2,0,0,0,0,0,0,0,0,0
596,exact,1,2,3,0,0,0,0,0,0,0,0,0
597,near,3,4,1,0,0,0,0,0,0,0,0,0
598,exact,7,12,6,0,0,0,0,0,0,0,0,0
599,near,5,6,1,0,0,0,0,0,0,0,0,0
602,far,9,26,11,0,0,0,0,0,0,0,0,0
603,exact,5,5,5,0,0,0,0,0,0,0,0,0
604,far,7,11,2,0,0,0,0,0,0,0,0,0
605,exact,8,15,5,0,0,0,0,0,0,0,0,0
606,exact,1,2,3,0,0,0,0,0,0,0,0,0
607,near,5,6,1,0,0,0,0,0,0,0,0,0
610,exact,8,19,5,1,1,1,0,0,0,1,1,0
612,exact,6,7,2,0,0,0,0,0,0,0,0,0
613,near,6,7,3,0,0,0,0,0,0,0,0,0
614,exact,5,5,3,0,0,0,0,0,0,0,0,0
615,far,5,5,2,0,0,0,0,0,0,0,0,0
616,exact,6,7,4,0,0,0,0,0,0,0,0,0
617,exact,9,122,72,5,1,7,3,3,8,8,1,4
618,near,5,6,3,0,0,0,0,0,0,0,0,0
619,exact,7,12,5,0,0,0,0,0,0,0,0,0
620,exact,5,6,1,0,0,0,0,0,0,0,0,0
621,near,7,9,8,0,0,0,0,0,0,0,0,0
622,exact,6,8,2,0,0,0,0,0,0,0,0,0
623,near,6,7,4,1,1,1,1,1,1,1,1,1
624,exact,5,5,2,0,0,0,0,0,0,0,0,0
625,near,5,6,1,0,0,0,0,0,0,0,0,0
626,near,6,8,1,0,0,0,0,0,0,0,0,0
627,exact,3,4,1,0,0,0,0,0,0,0,0,0
628,near,0,1,1,0,0,0,0,0,0,0,0,0
629,near,5,5,2,0,0,0,0,0,0,0,0,0
630,near,5,5,6,1,1,1,0,0,0,0,0,0
631,exact,2,3,2,1,1,1,0,0,1,0,1,1
632,exact,6,8,3,0,0,0,0,0,0,0,0,0
634,near,5,5,1,0,0,0,0,0,0,0,0,0
635,near,5,5,2,0,0,0,0,0,0,0,0,0
636,near,3,4,3,0,0,0,0,0,0,0,0,0
637,exact,0,1,2,0,0,0,0,0,0,0,0,0
639,far,6,8,1,0,0,0,0,0,0,0,0,0
640,near,6,8,4,0,0,0,0,0,0,0,0,0
641,far,9,22,10,1,1,1,1,1,1,1,1,1
642,near,7,10,5,0,0,0,0,0,0,0,0,0
643,exact,2,3,4,0,0,0,0,0,0,0,0,0
644,near,1,2,2,0,0,0,0,0,0,0,0,0
645,near,8,13,2,0,0,0,0,0,0,0,0,0
646,near,7,11,13,0,0,0,1,0,1,0,0,0
647,far,1,2,1,0,0,0,0,0,0,0,0,0
649,near,1,2,2,0,0,0,0,0,0,0,0,0
650,far,9,26,6,0,0,0,0,0,0,0,0,0
651,exact,3,4,2,0,0,0,0,0,0,0,0,0
652,near,7,10,2,0,0,0,0,0,0,0,0,0
653,exact,7,9,4,0,0,0,0,0,0,0,0,0
655,near,0,0,1,0,0,0,0,0,0,0,0,0
656,exact,3,4,1,0,0,0,0,0,0,0,0,0
657,near,0,1,1,0,0,0,0,0,0,0,0,0
658,exact,2,3,1,0,0,0,0,0,0,0,0,0
659,exact,3,4,2,0,0,0,0,0,0,0,0,0
660,exact,3,4,1,1,1,1,1,1,1,0,1,1
661,exact,5,5,2,0,0,0,0,0,0,0,0,0
662,far,5,5,3,0,0,0,0,0,0,0,0,0
663,far,5,6,4,0,0,0,0,0,0,0,0,0
664,exact,2,3,2,0,0,0,0,0,0,0,0,0
666,exact,1,2,3,0,0,0,0,0,0,0,0,0
667,exact,7,12,5,0,0,0,0,0,0,0,0,0
668,exact,5,5,2,0,0,0,0,0,0,0,0,0
669,exact,3,4,4,0,0,0,0,0,0,0,0,0
670,exact,9,24,8,0,0,0,0,0,0,0,0,0
672,near,2,3,4,0,0,0,0,0,0,0,0,0
673,exact,6,8,6,0,0,0,0,0,0,0,0,0
674,exact,5,6,3,0,0,1,0,1,1,0,0,1
675,exact,5,6,2,0,0,0,0,0,0,0,0,0
676,near,3,4,3,0,0,0,0,0,0,0,0,0
678,exact,6,8,2,0,0,0,0,0,0,0,0,0
680,exact,2,3,2,0,0,0,0,0,0,0,0,0
681,near,5,5,1,0,0,0,0,0,0,0,0,0
682,near,9,26,4,0,0,0,0,0,0,0,0,0
683,exact,3,4,2,0,0,0,0,0,0,0,0,0
685,exact,8,13,3,0,0,0,0,0,0,0,0,0
686,far,1,2,1,0,0,0,0,0,0,0,0,0
687,exact,5,6,2,0,0,0,0,0,0,0,0,0
688,near,9,32,9,1,1,1,1,1,0,0,1,0
689,exact,2,3,1,0,0,0,0,0,0,0,0,0
690,exact,1,2,4,0,0,0,0,0,0,0,0,0
691,exact,9,58,11,0,1,1,0,1,0,0,1,1
692,near,9,31,14,0,0,0,0,1,0,0,0,0
693,exact,9,87,7,2,2,3,2,2,2,3,1,3
694,exact,1,2,2,0,0,0,0,0,0,0,0,0
695,exact,2,3,3,0,0,0,0,0,0,0,0,0
696,exact,5,5,5,0,0,0,0,0,0,0,0,0
697,exact,8,14,7,0,0,0,0,0,0,0,0,0
698,far,9,37,6,0,0,0,0,0,0,0,0,0
699,near,3,4,3,0,0,0,0,0,0,0,0,0
700,exact,5,5,4,0,0,0,0,0,0,0,0,0
701,far,2,3,1,0,0,0,0,0,0,0,0,0
702,exact,6,7,1,0,0,0,0,0,0,0,0,0
703,near,6,7,3,0,0,0,0,0,0,0,0,0
704,exact,3,4,1,0,0,0,0,0,0,0,0,0
705,exact,8,14,10,0,0,0,0,0,0,0,0,0
706,near,2,3,2,0,0,0,0,0,0,0,0,0
707,near,8,16,4,0,1,0,0,1,0,0,0,0
709,exact,2,3,2,0,0,0,0,0,0,0,0,0
710,near,3,4,1,0,0,0,0,0,0,0,0,0
711,exact,6,7,5,0,0,0,0,0,0,0,0,0
712,near,6,7,4,0,0,0,0,0,0,0,0,0
713,near,2,3,3,0,0,0,0,0,0,0,0,0
714,far,1,2,2,0,0,0,0,0,0,0,0,0
715,exact,8,16,5,0,0,0,0,0,0,0,0,0
716,exact,3,4,1,0,0,0,0,0,0,0,0,0
717,exact,7,9,4,0,0,0,0,0,0,0,0,0
718,exact,2,3,2,1,1,1,1,1,1,1,1,1
719,exact,1,2,5,0,0,0,0,0,0,0,0,0
720,exact,3,4,1,0,0,0,0,0,0,0,0,0
721,exact,6,7,4,0,0,0,0,0,0,0,0,0
722,near,0,1,1,0,0,0,0,0,0,0,0,0
724,exact,3,4,1,0,0,0,0,0,0,0,0,0
725,exact,1,2,3,0,0,0,0,0,0,0,0,0
726,exact,8,20,8,0,0,0,0,0,0,0,0,0
727,exact,3,4,4,0,0,0,0,0,0,0,0,0
728,far,9,37,10,1,1,1,1,1,1,1,1,1
729,exact,3,4,1,0,0,0,0,0,0,0,0,0
730,exact,8,14,8,0,0,0,0,0,0,0,0,0
731,far,7,9,4,3,3,3,3,2,3,2,2,2
732,exact,0,0,1,0,0,0,0,0,0,0,0,0
733,near,9,22,5,0,0,0,0,0,0,0,0,0
734,exact,7,12,4,0,0,0,0,0,0,0,0,0
735,near,8,20,5,1,3,2,0,2,1,1,2,2
736,near,3,4,2,0,0,0,0,0,0,0,0,0
737,near,3,4,3,0,0,0,0,0,0,0,0,0
738,near,2,3,1,0,0,0,0,0,0,0,0,0
739,exact,2,3,1,0,0,0,0,0,0,0,0,0
741,far,8,15,11,2,2,2,2,2,0,2,2,1
742,exact,5,6,1,0,0,0,0,0,0,0,0,0
743,near,7,9,3,0,0,0,0,0,0,0,0,0
744,exact,5,6,1,0,0,0,0,0,0,0,0,0
745,exact,8,18,5,0,0,0,0,0,0,0,0,0
747,exact,9,25,13,0,0,0,0,0,0,0,0,0
748,exact,5,6,1,0,0,0,0,0,0,0,0,0
749,far,8,20,7,0,0,0,0,0,0,0,0,0
750,near,9,56,25,1,0,0,0,0,0,0,0,0
751,exact,2,3,1,0,0,0,0,0,0,0,0,0
752,exact,3,4,2,0,0,0,0,0,0,0,0,0
753,far,5,6,3,0,0,0,0,0,0,0,0,0
754,exact,9,24,7,0,0,0,0,0,0,0,0,0
755,near,1,2,1,0,0,0,0,0,0,0,0,0
756,exact,1,2,3,0,0,0,0,0,0,0,0,0
757,exact,7,10,3,0,0,0,0,0,0,0,0,0
758,near,6,7,4,0,0,0,0,0,0,0,0,0
759,near,8,13,3,0,0,0,0,0,0,0,0,0
760,exact,8,17,10,0,0,0,0,0,0,0,0,0
761,exact,7,9,4,0,0,0,0,0,0,0,0,0
762,exact,3,4,1,0,0,0,0,0,0,0,0,0
763,far,8,14,5,1,1,0,0,1,0,1,1,0
764,near,6,7,4,0,0,0,0,0,0,0,0,0
765,near,2,3,2,0,0,0,0,0,0,0,0,0
766,near,7,12,3,0,0,0,0,0,0,0,0,0
767,near,2,3,1,0,0,0,0,0,0,0,0,0
768,far,9,30,13,0,0,0,0,0,0,0,0,0
769,exact,2,3,2,0,0,0,0,0,0,0,0,0
770,near,2,3,4,0,0,0,0,0,0,0,0,0
771,near,8,14,4,0,0,0,0,0,0,0,0,0
773,exact,5,6,6,0,0,0,0,0,0,0,0,0
774,exact,7,9,2,0,0,0,0,0,0,0,0,0
775,near,8,15,5,0,0,0,0,0,0,0,0,0
776,near,7,10,3,0,0,0,0,0,0,0,0,0
777,exact,3,4,2,0,0,0,0,0,0,0,0,0
778,exact,8,13,6,0,0,0,0,0,0,0,0,0
780,exact,5,6,1,0,0,0,0,0,0,0,0,0
781,near,2,3,2,0,0,0,0,0,0,0,0,0
782,near,8,17,9,0,0,1,0,0,0,0,0,1
784,exact,7,9,4,0,0,0,0,0,0,0,0,0
785,exact,6,7,5,0,0,0,0,0,0,0,0,0
786,far,1,2,2,0,0,0,0,0,0,0,0,0
787,near,3,4,1,0,0,0,0,0,0,0,0,0
788,exact,2,3,2,0,0,0,0,0,0,0,0,0
789,exact,8,13,5,0,0,0,0,0,0,0,0,0
790,exact,8,13,1,0,0,0,0,0,0,0,0,0
791,near,6,7,1,0,0,0,0,0,0,0,0,0
792,exact,9,48,13,1,0,0,1,0,1,1,0,1
793,exact,3,4,1,0,0,0,0,0,0,0,0,0
794,near,3,4,8,0,0,0,0,0,0,0,0,0
795,exact,3,4,5,0,0,0,0,0,0,0,0,0
796,exact,5,5,2,0,0,0,0,0,0,0,0,0
797,exact,2,3,1,0,0,0,0,0,0,0,0,0
798,near,9,41,4,0,0,0,0,0,0,0,0,0
799,far,5,5,2,0,0,0,0,0,0,0,0,0
800,near,8,17,8,0,0,0,0,0,0,0,0,0
801,near,9,128,49,2,1,1,3,0,4,4,2,4
803,exact,8,20,12,0,0,0,0,0,0,0,0,0
804,exact,7,10,2,2,1,2,2,1,1,1,1,2
805,exact,1,2,3,0,0,0,0,0,0,0,0,0
807,far,7,10,7,0,0,0,0,0,0,0,0,0
809,exact,1,2,2,0,0,0,0,0,0,0,0,0
812,far,7,12,5,0,0,0,0,0,0,0,0,0
813,exact,3,4,2,0,0,0,0,0,0,0,0,0
814,exact,1,2,4,0,0,0,0,0,0,0,0,0
815,exact,7,9,3,0,0,0,0,0,0,0,0,0
816,near,7,10,2,0,0,0,0,0,0,0,0,0
817,near,1,2,2,0,0,0,0,0,0,0,0,0
818,exact,8,14,1,0,0,0,0,0,0,0,0,0
820,near,7,10,5,0,0,0,0,0,0,0,0,0
821,near,2,3,2,0,0,0,0,0,0,0,0,0
822,near,2,3,2,0,0,0,0,0,0,0,0,0
823,near,5,5,2,0,0,0,0,0,0,0,0,0
824,exact,8,16,7,0,0,0,0,0,0,0,0,0
825,near,5,6,1,0,0,0,0,0,0,0,0,0
826,near,9,41,9,2,1,0,0,0,0,0,1,0
827,exact,9,23,11,0,0,0,0,0,1,0,0,0
828,far,9,70,20,2,1,1,3,1,1,2,1,1
829,near,7,10,1,0,0,0,0,0,0,0,0,0
830,exact,1,2,2,0,0,0,0,0,0,0,0,0
831,exact,6,8,2,0,0,0,0,0,0,0,0,0
832,far,7,11,12,0,0,0,0,0,0,0,0,0
833,near,6,7,1,0,0,0,0,0,0,0,0,0
834,near,1,2,1,0,0,0,0,0,0,0,0,0
835,near,2,3,3,0,0,0,0,0,0,0,0,0
836,exact,8,19,4,3,2,2,2,2,2,3,2,2
837,exact,5,5,5,0,0,0,0,0,0,0,0,0
838,exact,0,1,3,0,0,0,0,0,0,0,0,0
839,exact,9,67,22,2,2,2,1,2,1,1,1,3
841,near,8,13,2,0,0,0,0,0,0,0,0,0
842,exact,9,27,9,2,1,2,1,1,2,2,1,2
843,near,5,5,2,0,0,0,0,0,0,0,0,0
844,exact,6,7,16,3,3,3,3,1,3,2,2,3
846,exact,8,13,4,0,0,0,0,0,0,0,0,0
847,exact,2,3,2,0,0,0,0,0,0,0,0,0
848,near,8,13,8,0,0,0,0,0,0,0,0,0
850,near,8,13,3,0,0,0,0,0,0,0,0,0
852,exact,8,18,10,0,0,0,0,0,0,0,0,0
853,near,5,5,2,0,0,0,0,0,0,0,0,0
854,far,7,9,6,0,0,0,0,0,0,0,0,0
855,near,7,11,4,0,0,0,0,0,0,0,0,0
856,exact,8,15,2,0,0,0,0,0,0,0,0,0
857,near,2,3,1,0,0,0,0,0,0,0,0,0
858,exact,2,3,2,0,0,0,0,0,0,0,0,0
859,exact,1,2,2,0,0,0,0,0,0,0,0,0
860,exact,8,14,9,0,0,0,0,0,0,0,0,0
861,exact,3,4,1,0,0,0,0,0,0,0,0,0
862,exact,5,5,3,0,0,0,0,0,0,0,0,0
864,far,5,5,4,0,0,0,0,0,0,0,0,0
865,exact,1,2,2,0,0,0,0,0,0,0,0,0
866,exact,3,4,1,0,0,0,0,0,0,0,0,0
867,near,0,1,1,0,0,0,0,0,0,0,0,0
868,far,8,17,3,0,0,0,0,0,0,0,0,0
869,far,8,15,4,0,0,0,0,0,0,0,0,0
870,exact,5,6,4,0,0,0,0,0,0,0,0,0
871,exact,9,39,13,0,0,0,1,0,0,0,0,0
872,near,1,2,1,0,0,0,0,0,0,0,0,0
873,exact,2,3,2,0,0,0,0,0,0,0,0,0
874,exact,7,10,3,0,0,0,0,0,0,0,0,0
875,near,3,4,2,0,0,0,0,0,0,0,0,0
876,exact,9,49,19,0,0,0,0,0,0,0,0,0
877,exact,5,6,3,0,0,0,0,0,0,0,0,0
878,exact,9,43,21,0,0,0,1,2,2,0,0,0
879,near,5,6,1,0,0,0,0,0,0,0,0,0
880,exact,3,4,2,0,0,0,0,0,0,0,0,0
881,far,9,25,11,0,0,0,0,0,0,0,0,0
883,exact,9,104,41,4,2,2,3,2,1,3,2,1
884,near,3,4,1,0,0,0,0,0,0,0,0,0
885,exact,6,7,1,0,0,0,0,0,0,0,0,0
887,near,9,57,17,1,1,1,1,1,1,0,1,1
888,exact,3,4,1,0,0,0,0,0,0,0,0,0
889,exact,8,16,6,0,0,0,0,0,0,0,0,0
890,near,8,18,6,0,0,0,0,0,0,0,0,0
891,exact,8,15,5,0,0,0,0,0,0,0,0,0
892,near,7,9,4,0,0,0,0,0,0,0,0,0
894,exact,5,6,7,0,0,0,0,0,0,0,0,0
895,exact,5,5,1,0,0,0,0,0,0,0,0,0
896,exact,5,6,1,0,0,0,0,0,0,0,0,0
897,near,9,22,5,3,4,3,0,4,0,3,4,3
898,exact,7,12,2,0,0,0,0,0,0,0,0,0
899,near,6,8,4,0,0,0,0,0,0,0,0,0
900,exact,2,3,1,0,0,0,0,0,0,0,0,0
901,near,8,20,9,0,0,0,0,0,0,0,0,0
902,exact,5,6,4,0,0,0,0,0,0,0,0,0
904,exact,7,11,3,0,0,1,0,0,1,0,0,1
905,exact,5,6,2,0,0,0,0,0,0,0,0,0
906,exact,1,2,3,0,0,0,0,0,0,0,0,0
908,far,9,27,14,2,1,2,0,0,0,1,1,2
910,exact,1,2,2,0,0,0,0,0,0,0,0,0
911,exact,9,34,18,0,0,0,0,0,0,0,0,0
912,far,2,3,4,0,0,0,0,0,0,0,0,0
913,near,9,33,13,1,1,1,1,1,1,1,1,1
914,exact,2,3,2,0,0,0,0,0,0,0,0,0
915,far,9,168,74,4,2,3,4,3,2,4,4,5
917,near,8,18,1,0,0,0,0,0,0,0,0,0
918,exact,5,6,3,0,0,0,0,0,0,0,0,0
919,exact,2,3,2,0,0,0,0,0,0,0,0,0
920,near,2,3,1,0,0,0,0,0,0,0,0,0
921,exact,1,2,2,0,0,0,0,0,0,0,0,0
923,near,7,9,6,0,0,0,0,0,0,0,0,0
924,near,6,7,3,0,0,0,0,0,0,0,1,1
925,exact,3,4,2,0,0,0,0,0,0,0,0,0
926,far,9,35,11,0,1,0,0,1,0,0,0,0
927,near,1,2,3,0,0,0,0,0,0,0,0,0
928,far,0,1,3,0,0,0,0,0,0,0,0,0
929,exact,7,9,1,0,0,0,0,0,0,0,0,0
930,exact,2,3,3,0,0,0,0,0,0,0,0,0
931,near,5,5,2,0,0,0,0,0,0,0,0,0
932,exact,5,6,1,0,0,0,0,0,0,0,0,0
933,exact,5,5,2,0,0,0,0,0,0,0,0,0
935,near,5,5,3,0,0,0,0,0,0,0,0,0
936,near,6,7,1,0,0,0,0,0,0,0,0,0
937,near,6,8,4,0,0,0,0,0,0,0,0,0
938,near,6,8,2,0,0,0,0,0,0,0,0,0
939,near,9,29,1,0,0,0,0,0,0,0,0,0
940,exact,9,65,27,0,1,0,1,0,1,0,1,0
941,near,3,4,2,0,0,0,0,0,0,0,0,0
942,near,3,4,3,0,0,0,0,0,0,0,0,0
943,near,7,11,6,3,3,3,3,3,3,2,3,3
945,near,2,3,1,0,0,0,0,0,0,0,0,0
946,near,9,148,78,4,8,4,4,7,6,1,4,5
947,exact,5,5,2,0,0,0,0,0,0,0,0,0
949,near,6,8,4,0,0,0,0,0,0,0,0,0
950,near,7,11,2,0,0,0,0,0,0,0,0,0
951,far,7,12,4,0,0,0,0,0,0,0,0,0
953,exact,3,4,2,0,0,0,0,0,0,0,0,0
954,near,2,3,1,0,0,0,0,0,0,0,0,0
955,exact,6,7,5,0,0,0,0,0,0,0,0,0
956,exact,3,4,1,0,0,0,0,0,0,0,0,0
958,near,8,18,3,0,0,0,0,0,0,0,0,0
959,exact,3,4,2,0,0,0,0,0,0,0,0,0
960,far,6,7,1,0,0,0,0,0,0,0,0,0
961,near,1,2,1,0,0,0,0,0,0,0,0,0
962,near,3,4,1,0,0,0,0,0,0,0,0,0
963,exact,5,5,3,0,0,0,0,0,0,0,0,0
964,exact,3,4,1,0,0,0,0,0,0,0,0,0
965,near,5,5,2,0,0,0,0,0,0,0,0,0
966,exact,9,27,4,0,0,0,0,0,0,0,0,0
968,exact,3,4,1,0,0,0,0,0,0,0,0,0
969,far,2,3,3,0,0,0,0,0,0,0,0,0
970,near,0,0,4,0,0,0,0,0,0,0,0,0
971,near,2,3,1,0,0,0,0,0,0,0,0,0
972,exact,3,4,4,0,0,0,0,0,0,0,0,0
973,near,3,4,3,1,0,0,1,0,0,0,0,0
974,near,7,9,1,0,0,0,0,0,0,0,0,0
975,near,5,6,2,0,0,0,0,0,0,0,0,0
976,exact,6,8,4,0,0,0,0,0,0,0,0,0
977,near,3,4,3,0,0,0,0,0,0,0,0,0
978,exact,7,10,4,0,0,0,0,0,0,0,0,0
979,near,9,23,11,2,1,1,2,2,1,1,1,1
980,exact,1,2,2,0,0,0,0,0,0,0,0,0
981,near,3,4,2,0,0,0,0,0,0,0,0,0
982,near,7,11,4,0,0,0,0,0,0,0,0,0
983,far,8,15,4,1,1,1,1,1,1,1,1,1
984,near,3,4,3,0,0,0,0,0,0,0,0,0
985,exact,9,34,16,0,0,0,0,0,0,0,0,1
986,exact,3,4,1,1,0,0,1,0,0,0,0,0
987,near,5,6,5,0,0,0,0,0,0,0,0,0
988,near,8,13,4,0,0,0,0,0,0,0,0,0
989,near,7,10,4,0,0,0,0,0,0,0,0,0
990,exact,5,5,2,0,0,0,0,0,0,0,0,0
991,exact,6,7,1,0,0,0,0,0,0,0,0,0
993,exact,1,2,2,0,0,0,0,0,0,0,0,0
994,near,8,18,5,0,0,0,1,0,1,0,0,0
995,exact,8,18,4,0,0,0,0,0,0,0,0,0
996,exact,9,78,48,6,6,5,9,6,6,6,4,2
997,near,5,5,2,0,0,0,0,0,0,0,0,0
998,exact,7,9,1,0,0,0,0,0,0,0,0,0
999,near,9,32,15,5,6,6,6,6,6,5,5,5
1000,exact,7,9,4,0,0,0,0,0,0,0,0,0
1001,near,2,3,1,0,0,0,0,0,0,0,0,0
1003,exact,5,5,1,0,0,0,0,0,0,0,0,0
1004,near,5,6,2,0,0,0,0,0,0,0,0,0
1005,exact,3,4,1,0,0,0,0,0,0,0,0,0
1006,near,9,37,15,0,0,0,0,0,0,0,0,0
1007,near,8,13,4,1,0,1,1,0,0,0,0,0
1008,near,1,2,2,0,0,0,0,0,0,0,0,0
1009,exact,9,37,16,0,0,1,0,0,1,0,2,1
1010,far,8,20,8,0,0,0,0,0,0,0,0,0
1011,exact,1,2,1,0,0,0,0,0,0,0,0,0
1012,exact,1,2,3,0,0,0,0,1,0,0,0,0
1013,exact,5,6,3,0,0,0,0,0,0,0,0,0
1015,exact,6,8,3,0,0,0,0,0,0,0,0,0
1016,exact,1,2,2,0,0,0,0,0,0,0,0,0
1017,exact,2,3,2,0,0,0,0,0,0,0,0,0
1018,near,7,11,1,0,0,0,0,0,0,0,0,0
1019,exact,6,8,2,0,0,0,0,0,0,0,0,0
1020,exact,6,8,3,0,0,0,0,0,0,0,0,0
1021,exact,9,26,6,0,0,0,0,0,0,0,0,0
1022,exact,2,3,3,0,0,0,0,0,0,0,0,0
1023,exact,9,33,22,0,0,0,0,0,0,1,0,0
1024,near,5,5,2,0,0,0,0,0,0,0,0,0
1025,near,7,10,5,0,0,0,0,0,0,0,0,0
1026,near,5,5,3,0,0,0,0,0,0,0,0,0
1027,exact,9,37,14,2,1,1,1,1,0,1,1,0
1028,near,8,13,3,0,0,0,0,0,0,0,0,0
1029,near,7,9,3,0,0,0,0,0,0,0,0,0
1031,exact,5,5,2,0,0,0,0,0,0,0,0,0
1032,far,6,7,1,0,0,0,0,0,0,0,0,0
1033,exact,8,14,9,0,0,1,0,0,1,0,0,0
1034,exact,8,16,5,1,1,1,0,1,1,0,0,1
1035,exact,6,7,3,0,0,0,0,0,0,0,0,0
1036,far,3,4,4,0,0,0,0,0,0,0,0,0
1037,exact,6,8,6,0,0,0,0,0,0,0,0,0
1038,near,1,2,2,0,0,0,0,0,0,0,0,0
1040,exact,6,7,4,0,0,0,0,0,0,0,0,0
1041,near,6,7,1,0,0,0,0,0,0,0,0,0
1042,near,9,52,28,0,0,1,1,0,1,0,0,0
1043,exact,2,3,2,0,0,0,0,0,0,0,0,0
1044,near,3,4,1,0,0,0,0,0,0,0,0,0
1045,far,3,4,2,0,0,0,0,0,0,0,0,0
1046,near,0,1,1,0,0,0,0,0,0,0,0,0
1049,exact,1,2,3,0,0,0,0,0,0,0,0,0
1050,exact,9,27,11,1,0,1,0,1,1,1,0,1
1051,near,0,1,4,0,0,0,0,0,0,0,0,0
1052,far,8,20,10,0,0,0,0,0,0,0,0,0
1053,exact,2,3,1,0,0,0,0,0,0,0,0,0
1054,exact,6,8,3,1,0,0,1,0,1,0,0,0
1055,far,3,4,1,0,0,0,0,0,0,0,0,0
1056,near,6,8,2,0,0,0,0,0,0,0,0,0
1057,exact,5,5,1,0,0,0,0,0,0,0,0,0
1059,near,5,5,2,0,0,0,0,0,0,0,0,0
1060,near,3,4,3,0,0,0,1,0,0,0,0,0
1061,exact,0,1,3,0,0,0,0,0,0,0,0,0
1062,exact,8,18,7,0,0,0,0,0,0,0,0,0
1063,exact,0,1,2,0,0,0,0,0,0,0,0,0
1064,near,6,7,3,0,0,0,0,0,0,0,0,0
1065,near,2,3,1,0,0,0,0,0,0,0,0,0
1066,exact,5,5,4,0,0,0,0,0,0,0,0,0
1067,exact,8,16,2,0,0,0,0,0,0,0,0,0
1068,exact,3,4,3,0,0,0,0,0,0,0,0,0
1069,exact,5,5,1,0,0,0,0,0,0,0,0,0
1070,near,2,3,3,0,0,0,0,0,0,0,0,0
1071,near,1,2,2,0,0,0,0,0,0,0,0,0
1072,exact,2,3,2,0,0,0,0,0,0,0,0,0
1073,exact,7,10,5,0,0,0,0,0,0,0,0,0
1074,exact,1,2,1,0,0,0,0,0,0,0,0,0
1076,near,2,3,2,0,0,0,0,0,0,0,0,0
1077,near,8,15,7,0,0,0,0,0,0,0,0,0
1078,exact,8,14,11,0,0,0,0,0,0,0,0,0
1080,exact,2,3,2,0,0,0,0,0,0,0,0,0
1081,exact,1,2,3,0,0,0,0,0,0,0,0,0
1082,near,8,17,7,0,0,0,0,0,0,0,0,0
1084,exact,0,1,5,0,0,0,0,0,0,0,0,0
1085,far,2,3,2,0,0,0,0,0,0,0,0,0
1086,near,3,4,1,0,0,0,0,0,0,0,0,0
1087,exact,5,6,2,0,0,0,0,0,0,0,0,0
1089,exact,9,51,14,7,7,7,6,4,7,7,5,7
1090,near,5,5,4,0,0,0,0,0,0,0,0,0
1091,near,3,4,3,0,0,0,0,0,0,0,0,0
1092,near,1,2,2,0,0,0,0,0,0,0,0,0
1093,near,7,9,1,0,0,0,0,0,0,0,0,0
1095,exact,9,40,13,1,2,1,1,1,1,2,2,0
1096,far,5,5,3,0,0,0,0,0,0,0,0,0
1098,near,1,2,2,0,0,0,0,0,0,0,0,0
1099,near,9,124,58,5,8,6,7,8,5,7,5,6
1100,far,5,6,4,0,0,0,0,0,0,0,0,0
1101,exact,5,6,1,0,0,0,0,0,0,0,0,0
1103,far,5,6,4,0,1,0,0,1,0,0,1,0
1104,near,8,18,9,0,0,0,0,0,0,0,0,0
1105,far,6,8,8,0,1,1,0,1,2,0,1,2
1106,near,5,6,8,1,1,1,1,1,1,1,1,1
1107,exact,0,1,1,0,0,0,0,0,0,0,0,0
1108,exact,8,14,7,0,1,1,0,1,0,1,1,0
1109,exact,2,3,2,0,0,0,0,0,0,0,0,0
1110,exact,7,11,2,0,0,0,0,0,0,0,0,0
1112,far,8,19,6,1,1,1,1,1,1,1,1,1
1113,near,6,7,2,0,0,0,0,0,0,0,0,0
1114,exact,0,1,3,0,0,0,0,0,0,0,0,0
1115,near,9,47,17,1,2,2,1,2,1,1,2,2
1116,exact,8,13,3,0,0,0,0,0,0,0,0,0
1117,near,1,2,2,0,0,0,0,0,0,0,0,0
1119,near,9,157,66,6,2,6,6,4,7,9,5,7
1121,near,2,3,3,0,0,0,0,0,0,0,0,0
1123,near,3,4,3,1,1,1,1,1,1,1,1,1
1124,exact,5,6,1,0,0,0,0,0,0,0,0,0
1125,exact,7,9,3,0,0,0,0,0,0,0,0,0
1126,near,8,17,8,0,0,0,0,0,0,0,0,0
1127,exact,3,4,2,0,0,0,0,0,0,0,0,0
1128,near,0,1,1,0,0,0,0,0,0,0,0,0
1129,near,6,8,6,0,0,0,0,0,0,0,0,0
1131,near,2,3,1,0,0,0,0,0,0,0,0,0
1132,far,5,5,2,0,0,0,0,0,0,0,0,0
1133,far,3,4,1,0,0,0,0,0,0,0,0,0
1134,near,1,2,2,0,0,0,0,0,0,0,0,0
1135,exact,5,5,4,0,0,0,0,0,0,0,0,0
1136,exact,0,1,2,0,0,0,0,0,0,0,0,0
1137,far,7,11,4,1,3,4,0,1,3,4,3,4
1138,near,7,11,1,1,1,0,1,1,1,0,1,0
1139,exact,5,5,1,0,0,0,0,0,0,0,0,0
1140,exact,2,3,2,0,0,0,0,0,0,0,0,0
1141,near,0,1,1,0,0,0,0,0,0,0,0,0
1142,exact,8,19,5,1,1,1,1,1,2,1,1,1
1143,near,9,55,20,4,2,2,5,0,1,2,3,4
1144,near,3,4,3,0,0,0,0,0,0,0,0,0
1145,exact,7,10,8,0,0,0,0,0,0,0,0,0
1146,exact,1,2,2,0,0,0,0,0,0,0,0,0
1147,near,3,4,1,0,0,0,0,0,0,0,0,0
1148,exact,9,131,39,2,5,6,5,5,7,4,6,4
1149,near,9,27,11,1,1,1,1,1,1,1,1,1
1150,near,9,27,13,0,1,1,2,1,1,0,0,1
1151,exact,6,7,4,0,0,0,0,0,0,0,0,0
1152,near,5,6,5,0,0,0,0,0,0,0,0,0
1153,near,3,4,3,0,0,0,0,0,0,0,0,0
1155,near,5,5,1,0,0,0,0,0,0,0,0,0
1157,near,9,34,17,0,0,0,0,1,1,0,0,0
1158,near,9,25,9,0,0,0,0,0,0,0,0,0
1159,exact,3,4,1,0,0,0,0,0,0,0,0,0
1160,exact,7,10,1,0,0,0,0,0,0,0,0,0
1161,near,1,2,3,0,0,0,0,0,0,0,0,0
1164,near,2,3,1,0,0,0,0,0,0,0,0,0
1165,exact,7,11,4,0,0,0,0,0,0,0,0,0
1166,near,9,47,9,3,1,1,2,0,1,2,1,0
1167,near,3,4,2,0,0,0,0,0,0,0,0,0
1168,near,2,3,1,0,0,0,0,0,0,0,0,0
1169,exact,5,6,4,0,0,0,0,0,0,0,0,0
1170,exact,7,9,6,0,0,0,0,0,0,0,0,0
1171,exact,8,20,2,0,0,0,0,0,0,0,0,0
1172,exact,6,7,1,0,0,0,0,0,0,0,0,0
1175,near,5,5,1,0,0,0,0,0,0,0,0,0
1177,near,6,7,8,0,0,0,0,0,0,0,0,0
1178,far,2,3,1,0,0,0,0,0,0,0,0,0
1179,exact,9,22,13,0,0,0,0,0,0,0,0,0
1180,far,6,7,3,0,0,0,0,0,0,0,0,0
1181,near,5,5,2,0,0,0,0,0,0,0,0,0
1182,exact,3,4,2,1,0,0,0,0,0,0,0,0
1183,exact,2,3,3,0,0,0,0,0,0,0,0,0
1184,near,5,6,2,0,0,0,0,0,0,0,0,0
1185,near,2,3,3,0,0,0,0,0,0,0,0,0
1186,near,7,9,7,0,0,0,0,0,0,0,0,0
1187,far,6,7,2,0,0,0,0,0,0,0,0,0
1188,exact,9,34,19,0,1,0,0,1,0,0,0,0
1189,near,1,2,2,0,0,0,0,0,0,0,0,0
1190,near,7,11,4,0,0,0,0,0,0,0,0,0
1191,exact,5,5,4,0,0,0,0,0,0,0,0,0
1192,exact,3,4,2,0,0,0,0,0,0,0,0,0
1193,exact,6,7,2,0,0,0,0,0,0,0,0,0
1194,far,5,6,3,0,0,0,0,0,0,0,0,0
1195,exact,7,9,1,0,0,0,0,0,0,0,0,0
1196,exact,5,6,1,0,0,0,0,0,0,0,0,0
1197,far,6,7,2,0,0,0,0,0,0,0,0,0
1198,near,1,2,1,0,0,0,0,0,0,0,0,0
1199,far,8,20,9,0,0,1,0,0,0,0,0,0
1200,near,2,3,3,0,0,0,0,0,0,0,0,0
1201,exact,3,4,3,0,0,0,0,0,0,0,0,0
1202,far,7,10,4,0,0,0,0,0,0,0,0,0
1203,far,8,14,5,0,0,0,0,0,0,0,0,0
1204,exact,5,5,2,0,0,0,0,0,0,0,0,0
1205,near,7,12,4,0,0,0,0,0,0,0,0,0
1206,exact,8,13,6,0,0,0,0,0,0,0,0,0
1208,exact,3,4,5,0,0,0,0,0,0,0,0,0
1210,exact,9,22,14,0,0,0,0,0,1,0,0,0
1212,near,5,6,3,0,0,0,0,0,0,0,0,0
1214,near,6,7,2,0,0,0,0,0,0,0,0,0
1215,far,9,51,11,0,0,0,0,1,0,0,0,0
1216,far,1,2,2,0,0,0,0,0,0,0,0,0
1217,exact,8,15,5,0,0,0,0,0,0,0,0,0
1218,near,5,6,5,0,0,0,0,0,0,0,0,0
1219,near,8,15,2,0,0,0,0,0,0,0,0,0
1220,exact,7,9,1,0,0,0,0,0,0,0,0,0
1221,near,1,2,2,0,0,0,0,0,0,0,0,0
1222,far,1,2,1,0,0,0,0,0,0,0,0,0
1223,far,3,4,2,0,0,0,0,0,0,0,0,0
1224,exact,5,6,2,0,0,0,0,0,0,0,0,0
1225,exact,0,1,1,0,0,0,0,0,0,0,0,0
1226,near,6,8,2,0,0,0,0,0,0,0,0,0
1227,exact,5,5,3,0,0,0,0,0,0,0,0,0
1228,exact,7,9,1,1,1,1,1,1,1,1,1,1
1229,near,8,19,8,0,0,0,0,0,0,0,0,0
1230,near,7,10,7,0,0,0,0,0,0,0,0,0
1232,exact,3,4,2,0,0,0,0,0,0,0,0,0
1233,near,7,9,2,0,0,0,0,0,0,0,0,0
1234,far,8,15,8,0,0,0,0,0,0,0,0,0
1235,near,7,11,5,0,0,0,0,0,0,0,0,0
1236,near,1,2,2,0,0,0,0,0,0,0,0,0
1237,near,6,8,2,0,0,0,0,0,0,0,0,0
1238,near,5,5,2,0,0,0,0,0,0,0,0,0
1239,exact,1,2,4,0,0,0,0,0,0,0,0,0
1240,near,8,20,3,0,0,0,0,0,0,0,0,0
1241,exact,7,9,8,0,0,0,0,0,0,0,0,0
1243,exact,0,0,4,0,0,0,0,0,0,0,0,0
1244,far,6,7,3,0,0,0,0,0,0,0,0,0
1245,exact,9,33,9,0,0,1,0,0,0,0,0,0
1246,far,9,33,13,2,2,2,2,2,2,1,2,2
1247,near,7,12,4,0,0,0,0,0,0,0,0,0
1248,near,1,2,2,0,0,0,0,0,0,0,0,0
1249,exact,8,19,8,0,0,0,0,0,0,0,0,0
1250,near,2,3,2,0,0,0,0,0,0,0,0,0
1252,near,1,2,2,0,0,0,0,0,0,0,0,0
1253,near,2,3,1,0,0,0,0,0,0,0,0,0
1254,exact,6,8,2,0,0,0,0,0,0,0,0,0
1255,exact,0,1,4,0,0,0,0,0,0,0,0,0
1256,near,9,57,21,1,2,1,1,2,0,2,2,1
1257,near,2,3,1,0,0,0,0,0,0,0,0,0
1259,far,1,2,5,0,0,0,0,0,0,0,0,0
1260,exact,6,7,9,0,0,0,0,0,0,0,0,0
1261,near,7,11,5,0,0,0,0,0,0,0,0,0
1262,exact,9,31,2,0,0,0,0,0,0,0,0,0
1263,far,5,5,2,0,0,0,0,0,0,0,0,0
1264,exact,7,11,2,0,0,0,0,0,0,0,0,0
1265,exact,5,5,2,0,0,0,0,0,0,0,0,0
1266,exact,2,3,1,0,0,0,0,0,0,0,0,0
1267,near,9,24,8,0,0,0,0,0,0,0,0,0
1268,near,6,8,5,0,0,0,0,0,0,0,0,0
1270,near,7,9,4,1,1,1,0,0,1,0,0,0
1271,near,1,2,2,0,0,0,0,0,0,0,0,0
1272,exact,3,4,1,0,0,0,0,0,0,0,0,0
1274,exact,6,7,2,0,0,0,0,0,0,0,0,0
1275,exact,8,16,2,1,1,1,1,1,1,1,1,1
1276,far,3,4,1,0,0,0,0,0,0,0,0,0
1277,near,8,13,9,0,0,0,0,0,0,0,0,0
1278,exact,3,4,3,0,0,0,0,0,0,0,0,0
1279,near,5,5,3,0,0,0,0,0,0,0,0,0
1280,near,5,5,2,0,0,0,0,0,0,0,0,0
1281,exact,9,23,8,0,0,1,0,0,1,0,0,1
1282,exact,9,35,18,0,0,0,0,0,0,0,0,0
1283,exact,9,33,6,0,0,0,0,0,0,0,0,0
1284,exact,1,2,1,0,0,0,0,0,0,0,0,0
1285,exact,3,4,1,0,0,0,0,0,0,0,0,0
1286,near,9,22,10,0,0,0,0,0,0,0,0,0
1287,near,8,20,9,0,0,0,0,0,0,0,0,0
1289,near,0,1,1,0,0,0,0,0,0,0,0,0
1291,exact,6,8,3,0,0,0,0,0,0,0,0,0
1292,near,2,3,3,0,1,1,0,0,1,0,1,0
1293,near,6,7,2,0,0,0,0,0,0,0,0,0
1294,exact,6,8,10,0,0,0,0,0,0,0,0,0
1296,near,9,32,21,0,0,1,0,1,1,0,0,1
1298,near,1,2,1,0,0,0,0,0,0,0,0,0
1299,near,5,6,1,0,0,0,0,0,0,0,0,0
1300,far,2,3,1,0,0,0,0,0,0,0,0,0
1301,near,2,3,1,0,0,0,0,0,0,0,0,0
1302,exact,5,6,4,0,0,0,0,0,0,0,0,0
1303,exact,6,7,4,0,0,0,0,0,0,0,0,0
1304,near,0,1,1,0,0,0,0,0,0,0,0,0
1306,far,2,3,2,0,0,0,0,0,0,0,0,0
1307,exact,1,2,1,0,0,0,0,0,0,0,0,0
1309,near,2,3,1,0,0,0,0,0,0,0,0,0
1310,exact,2,3,1,0,0,0,0,0,0,0,0,0
1311,exact,8,15,2,0,0,0,0,0,0,0,0,0
1312,exact,8,20,10,0,0,0,0,0,0,0,0,0
1313,exact,7,11,7,1,1,1,1,1,1,1,1,1
1314,far,5,6,1,0,0,0,0,0,0,0,0,0
1315,exact,3,4,1,0,0,0,0,0,0,0,0,0
1316,far,5,5,5,0,0,0,0,0,0,0,0,0
1317,exact,8,17,4,0,0,0,0,0,0,0,0,0
1318,exact,8,16,6,0,0,1,0,1,0,0,0,1
1319,near,6,7,2,0,0,0,0,0,0,0,0,0
1320,near,9,40,10,0,0,0,0,0,0,0,0,0
1321,exact,1,2,2,0,0,0,0,0,0,0,0,0
1322,exact,8,14,7,0,0,0,0,0,0,0,0,0
1323,far,3,4,2,0,0,0,0,0,0,0,0,0
1324,near,5,5,3,0,0,0,0,0,0,0,0,0
1325,far,3,4,3,0,0,0,0,0,0,0,0,0
1326,exact,3,4,1,0,0,0,0,0,0,0,0,0
1327,near,7,9,2,0,0,0,0,0,0,0,0,0
1328,near,0,0,3,0,0,0,0,0,0,0,0,0
1329,far,1,2,4,0,0,0,0,0,0,0,0,0
1331,near,8,13,2,0,0,0,0,0,0,0,0,0
1332,near,5,5,3,0,0,0,0,0,0,0,0,0
1334,exact,2,3,1,0,0,0,0,0,0,0,0,0
1337,exact,6,8,1,0,0,0,0,0,0,0,0,0
1338,near,2,3,1,0,0,0,0,0,0,0,0,0
1339,far,9,24,6,0,0,0,0,0,0,0,0,0
1340,exact,7,10,2,0,0,0,0,0,0,0,0,0
1342,exact,6,7,2,0,0,0,0,0,0,0,0,0
1343,exact,8,16,7,0,0,0,0,0,0,0,0,0
1344,near,5,5,3,0,0,0,0,0,0,0,0,0
1345,near,5,5,1,0,0,0,0,0,0,0,0,0
1346,near,7,9,1,0,0,0,0,0,0,0,0,0
1347,near,5,5,2,1,1,1,1,1,1,1,1,1
1348,exact,1,2,1,0,0,0,0,0,0,0,0,0
1351,near,3,4,2,0,0,0,0,0,0,0,0,0
1352,exact,8,19,4,0,0,0,0,0,0,0,0,0
1353,exact,5,6,5,0,0,0,0,0,0,0,0,0
1356,exact,2,3,2,0,0,0,0,0,0,0,0,0
1357,near,5,5,2,0,0,0,0,0,0,0,0,0
1358,exact,2,3,1,0,0,0,0,0,0,0,0,0
1359,near,8,21,1,0,0,0,0,0,0,0,0,0
1360,exact,8,13,4,0,0,0,0,0,0,0,0,0
1361,exact,8,17,12,0,0,0,0,0,0,0,0,0
1362,far,5,6,4,0,0,0,0,0,0,0,0,0
1364,exact,7,9,4,0,0,0,0,0,0,0,0,0
1365,exact,8,14,6,0,0,0,0,0,0,0,0,0
1366,near,1,2,6,0,0,0,0,0,0,0,0,0
1367,exact,1,2,2,0,0,0,0,0,0,0,0,0
1368,near,1,2,2,0,0,0,0,0,0,0,0,0
1369,exact,5,6,1,0,0,0,0,0,0,0,0,0
1370,exact,5,5,1,0,0,0,0,0,0,0,0,0
1371,near,5,5,2,0,0,0,0,0,0,0,0,0
1373,near,8,17,5,0,0,0,0,0,0,0,0,0
1374,near,5,5,2,0,0,0,0,0,0,0,0,0
1375,exact,3,4,1,0,0,0,0,0,0,0,0,0
1376,exact,6,7,4,1,1,1,1,1,1,1,1,1
1377,exact,3,4,1,0,0,0,0,0,0,0,0,0
1379,exact,3,4,4,0,0,0,0,0,0,0,0,0
1380,exact,7,12,1,0,0,0,0,0,0,0,0,0
1381,near,3,4,1,0,0,0,0,0,0,0,0,0
1382,exact,5,5,2,0,0,0,0,0,0,0,0,0
1383,near,2,3,4,0,0,0,0,0,0,0,0,0
1384,exact,5,6,2,0,0,0,0,0,0,0,0,0
1385,exact,1,2,5,0,0,0,0,0,0,0,0,0
1386,exact,3,4,4,0,0,0,0,0,0,0,0,0
1387,exact,3,4,2,0,0,0,0,0,0,0,0,0
1388,exact,7,9,2,0,0,0,0,0,0,0,0,0
1389,near,8,15,4,0,0,0,0,0,0,0,0,0
1390,far,5,6,2,0,0,0,0,0,0,0,0,0
1391,exact,3,4,2,0,0,0,0,0,0,0,0,0
1392,exact,2,3,1,0,0,0,0,0,0,0,0,0
1393,near,2,3,2,0,0,0,0,0,0,0,0,0
1396,exact,7,11,4,0,0,0,0,0,0,0,0,0
1399,exact,5,5,1,0,0,0,0,0,0,0,0,0
1400,exact,5,6,1,0,0,0,0,0,0,0,0,0
1403,near,1,2,1,0,0,0,0,0,0,0,0,0
1405,near,8,14,2,0,0,0,0,0,0,0,0,0
1406,exact,9,26,12,0,1,0,0,1,0,0,0,0
1407,near,2,3,2,0,0,0,0,0,0,0,0,0
1408,exact,9,32,6,0,0,0,0,0,0,0,0,0
1409,exact,1,2,1,0,0,0,0,0,0,0,0,0
1410,far,5,5,3,0,0,0,0,0,0,0,0,0
1411,near,6,7,4,0,0,0,0,0,0,0,0,0
1412,near,7,10,1,1,1,1,1,1,1,1,1,1
1413,exact,7,9,4,0,0,0,0,0,0,0,0,0
1415,exact,2,3,1,0,0,0,0,0,0,0,0,0
1416,far,2,3,2,0,0,0,0,0,0,0,0,0
1417,exact,6,8,3,0,0,0,0,0,0,0,0,0
1418,near,2,3,1,0,0,0,0,0,0,0,0,0
1419,exact,7,10,4,0,0,0,0,0,0,0,0,0
1420,exact,3,4,1,0,0,0,0,0,0,0,0,0
1421,exact,8,15,7,0,0,0,0,0,0,0,0,0
1422,near,9,25,15,1,2,0,1,1,0,0,0,0
1423,near,7,9,7,0,0,0,0,0,0,0,0,0
1424,exact,3,4,1,0,0,0,0,0,0,0,0,0
1425,exact,3,4,2,0,0,0,0,0,0,0,0,0
1426,exact,1,2,1,0,0,0,0,0,0,0,0,0
1427,near,6,8,7,1,1,1,1,1,1,1,1,1
1428,exact,2,3,2,0,0,0,0,0,0,0,0,0
1429,exact,3,4,1,0,0,0,0,0,0,0,0,0
1430,exact,3,4,1,0,0,0,0,0,0,0,0,0
1431,exact,1,2,5,0,0,0,0,0,0,0,0,0
1432,exact,6,7,5,0,0,0,0,0,0,0,0,0
1433,far,7,12,6,0,0,0,0,0,0,0,0,0
1434,exact,0,1,1,0,0,0,0,0,0,0,0,0
1435,near,5,6,4,1,0,1,1,1,2,0,0,0
1436,near,7,9,2,0,0,0,0,0,0,0,0,0
1437,exact,7,11,4,0,0,0,0,0,0,0,0,0
1438,exact,6,8,5,0,0,0,0,0,0,0,0,0
1439,near,3,4,3,0,0,0,0,0,0,0,0,0
1440,exact,2,3,3,0,0,0,0,0,0,0,0,0
1442,near,1,2,1,0,0,0,0,0,0,0,0,0
1443,near,9,25,11,0,0,0,0,0,0,0,0,0
1444,exact,9,26,12,0,0,0,0,0,0,0,1,0
1446,exact,3,4,2,0,0,0,0,0,0,0,0,0
1447,exact,1,2,3,0,0,0,0,0,0,0,0,0
1448,exact,7,11,6,0,0,0,0,0,0,0,0,0
1449,near,2,3,1,0,0,0,0,0,0,0,0,0
1450,exact,5,5,1,0,0,0,0,0,0,0,0,0
1451,exact,6,8,1,0,0,0,0,0,0,0,0,0
1452,exact,9,27,9,0,0,1,0,1,1,0,0,0
1453,near,5,5,1,0,0,0,0,0,0,0,0,0
1454,exact,8,18,3,0,0,0,0,0,0,0,0,0
1455,exact,3,4,6,0,0,0,0,0,0,0,0,0
1456,exact,2,3,3,0,0,0,0,0,0,0,0,0
1457,near,9,183,69,4,7,6,3,10,4,5,8,8
1458,exact,3,4,1,0,0,0,0,0,0,0,0,0
1459,near,6,8,2,0,0,0,0,0,0,0,0,0
1460,exact,5,6,2,1,0,0,1,0,0,1,0,0
1461,exact,3,4,4,0,0,0,0,0,0,0,0,0
1462,exact,6,7,1,0,0,0,0,0,0,0,0,0
1463,near,5,6,2,0,0,0,0,0,0,0,0,0
1464,exact,7,11,2,0,0,0,0,0,0,0,0,0
1465,near,2,3,1,0,0,0,0,0,0,0,0,0
1466,exact,3,4,1,0,0,0,0,0,0,0,0,0
1469,exact,5,5,1,0,0,0,0,0,0,0,0,0
1471,near,9,24,9,0,0,0,0,0,0,0,0,0
1472,exact,8,15,2,0,0,0,0,0,0,0,0,0
1473,near,9,46,25,1,0,1,1,1,2,2,0,1
1474,far,2,3,1,0,0,0,0,0,0,0,0,0
1475,near,8,16,7,0,0,0,0,0,0,0,1,0
1476,exact,3,4,3,0,0,0,0,0,0,0,0,0
1477,exact,7,9,7,0,0,0,0,0,0,0,0,0
1478,near,1,2,1,0,0,0,0,0,0,0,0,0
1479,near,8,14,14,0,0,0,0,0,0,0,0,0
1481,near,2,3,2,0,0,0,0,0,0,0,0,0
1482,exact,3,4,2,0,0,0,0,0,0,0,0,0
1483,near,1,2,3,0,0,0,0,0,0,0,0,0
1484,exact,2,3,3,0,0,0,0,0,0,0,0,0
1485,far,8,15,5,0,0,0,0,0,0,0,0,0
1487,near,9,51,6,0,1,1,0,0,0,0,0,0
1488,exact,6,7,1,0,0,0,0,0,0,0,0,0
1489,exact,5,5,2,0,0,0,0,0,0,0,0,0
1490,exact,9,26,15,0,1,0,0,1,1,0,1,0
1491,near,3,4,5,0,0,0,0,0,0,0,0,0
1492,exact,2,3,3,0,0,0,0,0,0,0,0,0
1494,near,7,10,2,0,0,0,0,0,0,0,0,0
1495,exact,9,34,11,0,1,0,0,0,0,0,0,0
1496,exact,7,11,6,0,0,0,0,0,0,0,0,0
1498,far,7,11,6,0,1,1,0,0,1,0,1,0
1499,exact,7,11,6,0,0,0,0,0,0,0,0,0
1500,near,1,2,1,0,0,0,0,0,0,0,0,0
1501,exact,6,8,2,0,0,0,0,0,0,0,0,0
1502,exact,5,6,3,0,0,0,0,0,0,0,0,0
1503,exact,9,40,19,0,1,0,0,1,0,1,1,1
1505,exact,3,4,4,0,0,0,0,0,0,0,0,0
1506,exact,0,1,4,0,0,0,0,0,0,0,0,0
1508,far,1,2,2,0,0,0,0,0,0,0,0,0
1510,exact,1,2,3,0,0,0,0,0,0,0,0,0
1511,far,3,4,1,0,0,0,0,0,0,0,0,0
1512,exact,1,2,1,0,0,0,0,0,0,0,0,0
1513,exact,9,23,11,1,1,0,1,1,1,1,1,1
1515,near,0,1,3,0,0,0,0,0,0,0,0,0
1516,exact,0,0,1,0,0,0,0,0,0,0,0,0
1518,exact,9,22,6,0,0,0,0,0,0,0,0,0
1519,near,5,5,2,0,0,0,0,0,0,0,0,0
1520,exact,6,7,5,0,0,0,0,0,0,0,0,0
1522,near,3,4,1,0,0,0,0,0,0,0,0,0
1523,exact,3,4,1,0,0,0,0,0,0,0,0,0
1524,near,9,42,20,0,1,0,1,1,0,0,1,0
1525,near,7,9,1,0,0,0,0,0,0,0,0,0
1526,exact,5,6,4,0,0,0,0,0,0,0,0,0
1527,near,1,2,1,0,0,0,0,0,0,0,0,0
1528,exact,6,7,3,0,0,0,0,0,0,0,0,0
1529,exact,5,6,1,0,0,0,0,0,0,0,0,0
1530,exact,3,4,2,0,0,0,0,0,0,0,0,0
1531,near,6,7,3,0,0,0,0,0,0,0,0,0
1532,far,6,7,2,0,0,0,0,0,0,0,0,0
1533,near,5,5,4,0,0,0,0,0,0,0,0,0
1534,near,6,7,2,0,0,0,0,0,0,0,0,0
1535,exact,6,7,4,0,0,0,0,0,0,0,0,0
1536,exact,5,5,2,0,0,0,0,0,0,0,0,0
1537,exact,5,5,2,0,0,0,0,0,0,0,0,0
1538,exact,0,1,1,0,0,0,0,0,0,0,0,0
1539,exact,6,8,3,0,0,0,0,0,0,0,0,0
1540,exact,7,9,4,0,0,0,0,0,0,0,0,0
1541,near,6,8,1,0,0,0,0,0,0,0,0,0
1542,exact,8,15,2,0,0,0,0,0,0,0,0,0
1543,exact,3,4,1,0,0,0,0,0,0,0,0,0
1544,far,9,37,20,3,2,2,4,2,2,2,2,1
1546,near,9,26,12,0,0,0,0,0,0,0,0,0
1547,exact,2,3,2,0,0,0,0,0,0,0,0,0
1548,exact,6,7,2,0,0,0,0,0,0,0,0,0
1549,exact,2,3,1,0,0,0,0,0,0,0,0,0
1550,exact,2,3,2,0,0,0,0,0,0,0,0,0
1551,near,2,3,3,0,0,0,0,0,0,0,0,0
1552,near,7,9,4,0,0,0,0,0,1,0,0,0
1553,near,6,8,2,0,0,0,0,0,0,0,0,0
1554,near,7,10,4,0,1,0,0,0,0,0,0,0
1555,exact,9,56,21,0,0,1,1,1,0,0,0,1
1556,exact,6,7,10,0,0,0,0,0,0,0,0,0
1557,near,6,8,4,0,0,0,0,0,0,0,0,0
1558,exact,5,5,1,0,0,0,0,0,0,0,0,0
1559,near,5,5,8,0,0,0,0,0,0,0,0,0
1560,near,6,7,8,0,0,0,0,0,0,0,0,0
1561,exact,6,8,2,0,0,0,0,0,0,0,0,0
1562,exact,6,7,2,1,1,0,1,0,0,0,1,0
1564,exact,2,3,3,0,0,0,0,0,0,0,0,0
1565,exact,8,20,3,0,0,0,0,0,0,0,0,0
1566,near,6,7,3,0,0,0,0,0,0,0,0,0
1567,exact,9,230,124,11,11,9,7,7,12,9,13,9
1568,exact,0,1,3,0,0,0,0,0,0,0,0,0
1569,near,3,4,2,0,0,0,0,0,0,0,0,0
1570,near,5,6,2,0,0,0,0,0,0,0,0,0
1571,exact,8,16,3,0,1,0,0,0,0,0,0,0
1573,exact,1,2,3,0,0,0,0,0,0,0,0,0
1574,exact,2,3,3,0,0,0,0,0,0,0,0,0
1575,exact,5,5,4,0,0,0,0,0,0,0,0,0
1576,exact,2,3,2,0,0,0,0,0,0,0,0,0
1577,exact,6,7,2,0,0,0,0,0,0,0,0,0
1578,near,9,24,4,0,0,0,0,0,0,0,0,0
1579,exact,1,2,3,0,0,0,0,0,0,0,0,0
1580,far,3,4,1,0,0,0,0,0,0,0,0,0
1582,exact,6,7,3,0,0,0,0,0,0,0,0,0
1583,exact,3,4,1,0,0,0,0,0,0,0,0,0
1584,exact,3,4,3,0,0,0,0,0,0,0,0,0
1585,exact,8,18,3,0,0,0,0,0,0,0,0,0
1588,exact,3,4,1,0,0,0,0,0,0,0,0,0
1589,near,9,23,5,0,0,0,0,1,0,0,0,0
1590,exact,3,4,2,0,0,0,0,0,0,0,0,0
1591,near,9,49,21,0,0,0,0,0,1,0,0,0
1592,near,3,4,1,0,0,0,0,0,0,0,0,0
1593,exact,6,7,3,0,0,0,0,0,0,0,0,0
1594,exact,6,7,3,0,0,0,0,0,0,0,0,0
1595,near,5,6,3,0,0,0,0,0,0,0,0,0
1596,far,9,24,8,0,0,0,0,0,0,0,0,0
1597,near,1,2,2,0,0,0,0,0,0,0,0,0
1598,exact,8,18,5,0,0,0,0,1,0,0,0,0
1599,exact,2,3,2,0,0,0,0,0,0,0,0,0
1600,exact,9,27,17,0,0,0,0,0,0,1,0,0
1601,near,9,55,27,3,0,0,1,1,2,2,0,0
1602,exact,2,3,1,0,0,0,0,0,0,0,0,0
1603,near,5,5,2,0,0,0,0,0,0,0,0,0
1604,near,7,10,5,0,0,0,1,1,1,0,0,0
1605,near,7,12,4,0,0,0,0,0,0,0,0,0
1606,near,1,2,2,0,0,0,0,0,0,0,0,0
1607,far,8,15,9,0,0,0,0,0,0,0,0,0
1608,exact,2,3,2,0,0,0,0,0,0,0,0,0
1609,near,3,4,4,0,0,0,0,0,0,0,0,0
1610,exact,9,22,4,0,1,0,0,1,0,0,1,1
1611,near,5,6,7,0,0,0,0,0,0,0,0,0
1612,exact,8,16,5,0,0,0,0,0,0,0,0,0
1613,exact,1,2,1,0,0,0,0,0,0,0,0,0
1614,exact,3,4,2,0,0,0,0,0,0,0,0,0
1615,exact,9,24,16,0,0,0,1,0,0,0,0,0
1616,exact,1,2,2,0,0,0,0,0,0,0,0,0
1617,exact,2,3,4,0,0,2,1,1,2,1,0,1
1618,exact,5,5,4,0,0,0,0,0,0,0,0,0
1619,near,8,16,6,0,0,0,0,0,0,0,0,0
1620,near,7,10,1,0,0,0,0,0,0,0,0,0
1621,near,6,8,4,0,0,0,0,0,0,0,0,0
1622,near,0,1,4,0,0,0,0,0,0,0,0,0
1623,exact,2,3,3,0,0,0,0,0,0,0,0,0
1624,exact,0,1,2,0,0,0,0,0,0,0,0,0
1625,far,3,4,1,0,1,1,0,0,1,0,0,1
1626,near,9,35,8,1,0,0,0,0,0,1,0,0
1627,exact,3,4,1,0,0,0,0,0,0,0,0,0
1628,near,5,5,3,0,0,0,0,0,0,0,0,0
1629,exact,5,5,1,0,0,0,0,0,0,0,0,0
1630,near,7,9,1,0,0,0,0,0,0,0,0,0
1631,exact,8,18,11,0,0,0,0,0,0,0,0,0
1632,exact,3,4,3,0,0,0,0,0,0,0,0,0
1633,near,8,14,2,0,0,0,0,0,0,0,0,0
1634,exact,1,2,3,0,0,0,0,0,0,0,0,0
1635,exact,8,14,4,1,1,1,1,1,1,1,1,1
1636,near,5,5,2,0,0,0,0,0,0,0,0,0
1637,exact,2,3,2,0,0,0,0,0,0,0,0,0
1638,exact,5,5,3,0,0,0,0,0,0,0,0,0
1639,exact,5,6,3,0,0,0,0,0,0,0,0,0
1640,exact,2,3,2,0,0,0,0,0,0,0,0,0
1641,exact,2,3,1,0,0,0,0,0,0,0,0,0
1642,far,3,4,2,0,0,0,0,0,0,0,0,0
1643,near,7,9,8,0,0,0,0,0,0,0,0,0
1644,near,7,10,7,0,0,0,0,0,0,0,0,0
1647,exact,3,4,3,0,0,0,0,0,0,0,0,0
1648,exact,9,24,7,0,0,0,0,0,0,0,0,0
1650,exact,5,6,2,0,0,0,0,0,0,0,0,0
1651,exact,3,4,5,0,0,0,0,0,0,0,0,0
1652,exact,6,7,2,0,0,0,0,0,0,0,0,0
1653,exact,3,4,2,0,0,0,0,0,0,0,0,0
1654,far,1,2,3,0,0,0,0,0,0,0,0,0
1656,exact,8,15,14,0,0,1,0,0,1,1,0,1
1657,near,2,3,2,0,0,0,0,0,0,0,0,0
1658,near,5,5,2,0,0,0,0,0,0,0,0,0
1659,exact,5,5,1,0,0,0,0,0,0,0,0,0
1660,exact,1,2,1,0,0,0,0,0,0,0,0,0
1661,exact,5,5,3,0,0,0,0,0,0,0,0,0
1662,exact,9,86,52,4,5,5,3,6,5,6,6,7
1663,near,2,3,4,0,0,0,0,0,0,0,0,0
1664,near,6,8,3,0,0,0,0,0,0,0,0,0
1665,exact,1,2,1,0,0,0,0,0,0,0,0,0
1666,near,7,11,2,0,0,0,0,0,0,0,0,0
1667,near,9,30,9,0,0,0,0,0,0,0,0,0
1668,exact,2,3,2,0,0,0,0,0,0,0,0,0
1669,near,5,5,5,1,1,1,1,1,1,1,1,1
1672,exact,6,7,2,0,0,0,0,0,0,0,0,0
1673,near,2,3,2,0,0,0,0,0,0,0,0,0
1674,exact,0,0,1,0,0,0,0,0,0,0,0,0
1675,near,8,16,4,0,0,0,0,0,0,0,0,0
1676,far,6,8,5,0,0,0,0,0,0,0,0,0
1677,exact,5,6,3,0,0,0,0,0,0,0,0,0
1678,far,5,6,1,0,0,0,0,0,0,0,0,0
1680,near,1,2,1,0,0,0,0,0,0,0,0,0
1681,exact,7,12,2,0,1,1,0,0,0,0,0,1
1682,exact,9,31,13,0,0,0,1,0,0,0,0,0
1683,near,7,10,5,0,0,0,0,0,0,0,0,0
1684,near,1,2,1,0,0,0,0,0,0,0,0,0
1685,exact,5,5,4,0,0,0,0,0,0,0,0,0
1686,near,9,37,20,2,2,1,2,2,2,0,2,1
1687,exact,8,16,8,0,0,0,0,0,0,0,0,0
1688,far,5,5,4,0,0,0,0,0,0,0,0,0
1689,near,6,8,2,0,0,0,0,0,0,0,0,0
1690,exact,7,10,2,0,0,0,0,0,0,0,0,0
1691,near,8,17,8,0,0,0,1,0,0,1,0,0
1692,near,3,4,1,0,0,0,0,0,0,0,0,0
1693,near,8,16,10,2,2,1,3,3,2,2,2,1
1695,near,3,4,3,0,0,0,0,0,0,0,0,0
1696,near,6,7,3,0,0,0,0,0,0,0,0,0
1697,near,1,2,2,0,0,0,0,0,0,0,0,0
1698,exact,5,6,1,0,0,0,0,0,0,0,0,0
1699,far,3,4,5,0,0,0,0,0,0,0,0,0
1700,far,2,3,3,0,0,0,0,0,1,0,0,0
1701,near,8,14,3,0,1,0,0,1,0,0,1,0
1702,near,7,10,4,0,0,0,0,0,0,0,0,0
1703,far,0,1,2,0,0,0,0,0,0,0,0,0
1704,exact,5,5,2,0,0,0,0,0,0,0,0,0
1705,near,5,5,2,0,0,0,0,0,0,0,0,0
1706,exact,3,4,2,1,1,1,1,1,1,1,1,1
1707,near,5,5,1,0,0,0,0,0,0,0,0,0
1708,exact,7,10,5,0,0,0,0,0,0,0,0,0
1709,exact,5,6,1,0,0,0,0,0,0,0,0,0
1710,exact,6,8,4,0,0,0,0,0,0,0,0,0
1711,far,9,25,11,0,0,0,0,0,0,0,0,0
1712,exact,3,4,1,0,0,0,0,0,0,0,0,0
1714,far,8,16,9,1,0,0,0,0,0,1,0,0
1715,near,1,2,1,0,0,0,0,0,0,0,0,0
1716,exact,2,3,1,0,0,0,0,0,0,0,0,0
1717,exact,0,0,1,0,0,0,0,0,0,0,0,0
1718,exact,1,2,2,0,0,0,0,0,0,0,0,0
1719,near,8,20,5,0,0,0,0,0,0,0,0,0
1720,exact,8,18,10,0,0,0,0,0,0,0,0,0
1721,exact,9,44,9,6,6,6,7,6,6,6,6,6
1722,near,8,20,5,0,0,0,0,0,0,0,0,0
1723,near,8,14,4,0,0,0,0,0,0,0,0,0
1726,exact,7,12,4,0,0,0,0,0,0,0,0,0
1727,near,2,3,3,0,0,0,0,0,0,0,0,0
1728,exact,2,3,1,0,0,0,0,0,0,0,0,0
1729,exact,9,104,41,3,5,3,8,2,2,2,5,0
1730,exact,5,6,1,0,0,0,0,0,0,0,0,0
1731,near,6,8,1,0,0,0,0,0,0,0,0,0
1732,exact,6,8,1,0,0,0,0,0,0,0,0,0
1733,exact,0,1,4,0,0,0,0,0,0,0,0,0
1734,exact,5,6,1,0,0,0,0,0,0,0,0,0
1735,near,9,39,16,0,0,0,0,0,0,0,0,1
1736,exact,1,2,1,0,0,0,0,0,0,0,0,0
1737,near,5,6,2,0,0,0,0,0,0,0,0,0
1738,far,2,3,2,0,0,0,0,0,0,0,0,0
1739,exact,8,15,5,0,0,0,0,0,0,0,0,0
1740,exact,2,3,1,0,0,0,0,0,0,0,0,0
1741,exact,2,3,1,0,0,0,0,0,0,0,0,0
1742,near,5,5,2,0,0,0,0,0,0,0,0,0
1743,near,2,3,1,0,0,0,0,0,0,0,0,0
1744,exact,3,4,1,0,0,0,0,0,0,0,0,0
1745,near,5,6,2,0,0,0,0,0,0,0,0,0
1746,far,6,7,4,0,0,0,0,0,0,0,0,0
1747,exact,9,24,11,0,0,0,0,0,0,0,0,0
1748,exact,5,6,3,0,0,0,0,0,0,0,0,0
1749,exact,6,7,2,0,0,0,0,0,0,0,0,0
1750,exact,3,4,1,0,0,0,0,0,0,0,0,0
1752,far,8,17,10,0,0,0,0,0,0,0,0,0
1753,exact,5,5,1,0,0,0,0,0,0,0,0,0
1755,exact,3,4,2,0,0,0,0,0,0,0,0,0
1757,near,9,30,20,0,1,1,0,1,1,0,0,0
1758,exact,6,7,3,0,0,0,0,0,0,0,0,0
1760,near,3,4,3,0,0,0,0,0,0,0,0,0
1761,near,5,6,3,0,0,0,0,0,0,0,0,0
1762,exact,6,7,3,0,0,0,0,0,0,0,0,0
1763,exact,5,5,3,0,0,0,0,0,0,0,0,0
1764,exact,7,9,2,0,0,0,0,0,0,0,0,0
1765,exact,8,16,6,0,0,0,0,0,0,0,0,0
1767,exact,5,5,5,0,0,0,0,0,0,0,0,0
1768,near,2,3,1,0,0,0,0,0,0,0,0,0
1769,exact,5,5,2,0,0,0,0,0,0,0,0,0
1770,near,9,138,66,8,3,3,5,2,1,9,5,4
1771,exact,7,11,6,0,0,0,0,0,0,0,0,0
1772,exact,1,2,2,0,0,0,0,0,0,0,0,0
1773,exact,5,5,2,0,0,0,0,0,0,0,0,0
1775,exact,8,13,2,0,0,0,0,0,0,0,0,0
1776,near,3,4,3,0,0,0,0,0,0,0,0,0
1777,near,3,4,2,0,0,0,0,0,0,0,0,0
1778,exact,9,33,3,0,0,0,0,0,0,0,0,0
1779,near,5,5,1,0,0,0,0,0,0,0,0,0
1781,exact,7,12,11,0,0,1,0,0,0,0,0,0
1782,exact,9,33,5,0,0,0,0,0,1,0,0,0
1783,near,8,15,3,0,0,0,0,0,0,0,0,0
1784,near,3,4,1,0,0,0,0,0,0,0,0,0
1785,exact,3,4,2,0,0,0,0,0,0,0,0,0
1786,exact,9,25,6,0,0,0,0,0,0,0,0,0
1787,near,1,2,2,0,0,0,0,0,0,0,0,0
1788,near,7,9,2,0,0,0,0,0,0,0,0,0
1789,exact,9,22,4,0,0,0,0,0,0,0,0,0
1790,exact,2,3,1,0,0,0,0,0,0,0,0,0
1791,exact,6,8,1,0,0,0,0,0,0,0,0,0
1792,exact,5,5,4,0,0,0,0,0,0,0,0,0
1794,near,5,6,1,0,0,0,0,0,0,0,0,0
1795,exact,5,6,1,0,0,0,0,0,0,0,0,0
1796,near,2,3,2,1,1,1,1,1,0,1,1,0
1797,exact,3,4,1,0,0,0,0,0,0,0,0,0
1798,near,5,6,4,0,0,0,0,0,0,0,0,0
1799,exact,2,3,3,0,0,0,0,0,0,0,0,0
1800,exact,5,6,4,0,0,0,0,0,0,0,0,0
1801,exact,8,17,5,0,0,0,0,0,0,0,0,0
1802,near,9,28,19,0,1,0,0,0,0,0,0,0
1804,near,0,0,2,0,0,0,0,0,0,0,0,0
1805,exact,9,24,8,0,0,0,0,0,0,0,0,1
1806,near,9,28,14,0,0,1,1,0,0,1,0,0
1807,exact,6,8,1,0,0,0,0,0,0,0,0,0
1808,exact,2,3,1,0,0,0,0,0,0,0,0,0
1809,exact,9,36,11,0,0,0,0,0,0,0,0,0
1810,far,6,7,5,0,0,0,0,0,0,0,0,0
1811,far,3,4,3,0,0,0,0,0,0,0,0,0
1812,near,7,11,5,0,0,0,0,0,0,0,0,0
1814,exact,5,6,5,0,0,0,0,0,0,0,0,0
1815,exact,1,2,1,0,0,0,0,0,0,0,0,0
1816,near,7,9,5,0,0,0,0,0,0,0,0,0
1817,near,9,53,20,0,1,0,0,1,1,0,1,0
1818,exact,7,9,3,0,0,0,0,0,0,0,0,0
1819,far,3,4,1,0,0,0,0,0,0,0,0,0
1820,near,1,2,2,0,0,0,0,0,0,0,0,0
1821,exact,5,5,1,0,0,0,0,0,0,0,0,0
1822,near,2,3,1,0,0,0,0,0,0,0,0,0
1823,exact,1,2,2,0,0,0,0,0,0,0,0,0
1824,exact,7,9,7,0,0,0,0,0,0,0,0,0
1825,exact,5,6,1,0,0,0,0,0,0,0,0,0
1826,exact,2,3,1,0,0,0,0,0,0,0,0,0
1827,exact,3,4,3,0,0,0,0,0,0,0,0,0
1828,near,8,13,3,0,0,0,0,0,0,0,0,0
1829,near,9,36,12,0,0,0,0,0,0,0,0,0
1830,exact,3,4,2,0,0,0,0,0,0,0,0,0
1831,near,9,25,12,0,0,0,0,1,0,0,0,0
1832,exact,9,31,15,0,0,0,0,0,0,0,0,0
1833,near,0,0,2,0,0,0,0,0,0,0,0,0
1834,exact,2,3,5,0,0,0,0,0,0,0,0,0
1835,exact,8,15,7,2,1,2,2,1,2,1,1,2
1836,exact,7,9,3,0,0,0,0,0,0,0,0,0
1837,exact,7,9,5,0,0,0,0,0,0,0,0,0
1838,exact,6,7,2,0,0,0,0,0,0,0,0,0
1839,exact,8,14,8,0,0,0,0,0,0,0,0,0
1840,near,5,5,1,0,0,0,0,0,0,0,0,0
1841,near,5,6,5,0,0,0,0,0,0,0,0,0
1842,exact,8,19,5,0,0,0,0,0,0,0,0,0
1844,exact,8,13,8,0,0,0,0,0,0,0,0,0
1845,exact,3,4,1,1,1,0,1,1,0,0,0,0
1846,exact,2,3,1,0,0,0,0,0,0,0,0,0
1847,exact,9,22,6,1,1,1,1,1,1,1,1,1
1848,exact,7,9,4,0,0,0,0,0,0,0,0,0
1849,exact,7,11,2,0,0,0,0,0,0,0,0,0
1851,exact,3,4,2,0,0,0,0,0,0,0,0,0
1852,near,7,12,6,0,0,0,0,0,0,0,0,0
1853,exact,3,4,1,0,0,0,0,0,0,0,0,0
1854,exact,5,6,3,0,0,0,0,0,0,0,0,0
1855,near,7,9,1,0,0,0,0,0,0,0,0,0
1856,far,8,20,6,0,0,0,1,0,0,0,0,0
1857,exact,2,3,2,0,0,0,0,0,0,0,0,0
1858,exact,5,6,3,0,0,0,0,0,0,0,0,0
1859,exact,5,5,6,0,0,0,0,0,0,0,0,0
1860,exact,9,22,12,0,0,0,1,2,0,0,0,0
1861,exact,9,25,6,0,0,0,0,0,0,0,0,0
1862,far,6,7,2,0,0,0,0,0,0,0,0,0
1863,exact,7,12,5,0,0,0,0,0,0,0,0,0
1864,near,8,14,4,0,0,0,0,0,0,0,0,0
1865,exact,2,3,2,0,0,0,0,0,0,0,0,0
1866,near,2,3,7,0,0,0,0,0,0,0,0,0
1868,exact,8,15,4,0,0,0,0,0,0,0,0,0
1869,near,8,19,14,0,0,0,0,0,0,0,0,0
1870,exact,5,5,2,0,0,0,0,0,0,0,0,0
1871,far,2,3,3,0,0,0,0,0,0,0,0,0
1872,exact,3,4,1,0,0,0,0,0,0,0,0,0
1874,exact,8,18,5,0,0,0,0,0,0,0,0,0
1875,near,8,13,4,0,0,0,0,0,0,0,0,0
1876,exact,6,7,3,0,0,0,0,0,0,0,0,0
1877,exact,5,5,2,0,0,0,0,0,0,0,0,0
1878,near,6,7,5,0,0,0,0,0,0,0,0,0
1879,exact,2,3,1,0,0,0,0,0,0,0,0,0
1880,exact,3,4,2,0,0,0,0,0,0,0,0,0
1881,near,3,4,1,0,0,0,0,0,0,0,0,0
1882,exact,6,7,2,0,0,0,0,0,0,0,0,0
1883,near,7,11,1,0,0,0,0,0,0,0,0,0
1884,exact,8,15,6,0,0,0,0,0,0,0,0,0
1885,exact,5,5,2,0,0,0,0,0,0,0,0,0
1886,exact,5,5,2,1,1,0,0,1,0,1,0,1
1887,exact,8,17,6,0,0,0,0,0,0,0,0,0
1888,exact,1,2,3,0,0,0,0,0,0,0,0,0
1890,exact,6,7,3,0,0,0,0,0,0,0,0,0
1892,near,2,3,2,0,0,0,0,0,0,0,0,0
1893,exact,2,3,1,0,0,0,0,0,0,0,0,0
1894,far,2,3,1,0,0,0,0,0,0,0,0,0
1895,exact,5,6,5,0,0,0,0,0,0,0,0,0
1896,exact,3,4,1,0,0,0,0,0,0,0,0,0
1897,near,8,16,5,0,0,0,0,0,0,0,0,0
1898,far,9,61,46,1,1,2,0,0,1,1,2,2
1899,near,7,9,3,0,0,0,0,0,0,0,0,0
1900,exact,8,16,1,0,0,0,0,0,0,0,0,0
1901,far,6,8,5,0,0,0,0,0,0,0,0,0
1902,exact,0,1,1,0,0,0,0,0,0,0,0,0
1903,exact,5,5,2,0,0,0,0,0,0,0,0,0
1904,exact,1,2,4,0,0,0,0,0,0,0,0,0
1906,exact,1,2,2,0,0,0,0,0,0,0,0,0
1908,far,3,4,2,0,1,0,0,0,0,0,0,0
1909,exact,2,3,2,0,0,0,0,0,0,0,0,0
1910,exact,8,15,3,0,0,0,0,0,0,0,0,0
1911,near,3,4,4,0,0,0,0,0,0,0,0,0
1914,exact,1,2,2,1,1,0,0,0,0,0,0,0
1915,exact,5,6,4,0,0,0,0,0,0,0,0,0
1916,near,3,4,2,0,0,0,0,0,0,0,0,0
1917,exact,2,3,2,0,0,0,0,0,0,0,0,0
1918,near,8,14,1,0,0,0,0,0,0,0,0,0
1919,exact,2,3,2,0,0,0,0,0,0,0,0,0
1920,near,2,3,1,0,0,0,0,0,0,0,0,0
1921,exact,5,5,1,0,0,0,0,0,0,0,0,0
1922,exact,2,3,2,0,0,0,0,0,0,0,0,0
1923,exact,9,24,8,0,0,0,0,1,0,0,0,0
1924,exact,2,3,3,0,0,0,0,0,0,0,0,0
1925,near,2,3,1,0,0,0,0,0,0,0,0,0
1926,exact,5,5,3,0,0,0,0,0,0,0,1,0
1927,near,7,9,6,0,0,0,0,0,0,0,0,0
1928,near,7,9,10,0,0,0,0,0,0,0,0,0
1929,exact,2,3,2,0,0,0,0,0,0,0,0,0
1930,exact,2,3,1,0,0,0,0,0,0,0,0,0
1931,far,7,10,4,0,0,1,1,1,1,0,0,1
1932,exact,3,4,1,0,0,0,0,0,0,0,0,0
1933,near,7,11,2,0,0,0,0,1,0,0,0,0
1934,exact,8,14,4,0,0,0,0,0,0,0,0,0
1935,near,3,4,3,0,0,0,0,0,0,0,0,0
1936,near,9,22,3,0,0,0,0,0,0,0,0,0
1937,exact,7,9,5,0,0,0,0,0,0,0,0,0
1938,near,8,20,5,0,0,0,0,0,0,0,0,0
1939,near,9,34,15,0,0,0,0,0,0,0,0,0
1940,exact,7,9,5,0,0,1,0,0,1,0,0,0
1941,exact,7,9,1,0,0,0,0,0,0,0,0,0
1942,exact,2,3,1,0,0,0,0,0,0,0,0,0
1943,exact,7,10,2,0,0,0,0,0,0,0,0,0
1944,near,2,3,2,0,0,0,0,0,0,0,0,0
1945,near,6,7,3,0,0,0,0,0,0,0,0,0
1946,exact,3,4,2,0,0,0,0,0,0,0,0,0
1947,near,2,3,7,0,0,0,1,0,0,0,0,0
1948,near,7,11,7,0,0,0,0,0,0,0,0,0
1949,exact,3,4,3,1,1,1,1,1,1,1,1,1
1950,near,5,6,1,0,1,0,0,1,1,0,1,0
1951,exact,2,3,2,0,0,0,0,0,0,0,0,0
1952,far,2,3,1,0,0,0,0,0,0,0,0,0
1953,exact,6,8,6,1,1,1,1,1,1,1,1,1
1954,exact,6,8,3,0,0,0,0,0,0,0,0,0
1955,near,3,4,3,0,1,0,0,0,0,0,0,0
1956,exact,6,7,1,0,0,0,0,0,0,0,0,0
1958,exact,3,4,1,0,0,0,0,0,0,0,0,0
1959,near,7,9,3,0,0,0,0,0,0,0,0,0
1960,near,7,10,4,1,0,1,0,0,1,0,1,1
1961,near,1,2,2,0,0,0,0,0,0,0,0,0
1962,exact,2,3,1,0,0,0,0,0,0,0,0,0
1963,exact,3,4,4,0,0,0,0,0,0,0,0,0
1964,near,2,3,2,0,0,0,0,0,0,0,0,0
1965,exact,6,8,1,0,0,0,0,0,0,0,0,0
1966,exact,3,4,5,0,0,0,0,0,0,0,0,0
1967,near,6,7,2,0,0,0,0,0,0,0,0,0
1968,exact,2,3,5,0,0,0,0,0,0,0,0,0
1969,exact,6,7,3,0,0,0,0,0,0,0,0,0
1970,exact,1,2,1,0,0,0,0,0,0,0,0,0
1971,near,1,2,2,0,0,0,0,0,0,0,0,0
1973,exact,1,2,1,0,0,0,0,0,0,0,0,0
1974,exact,5,5,1,0,0,0,0,0,0,0,0,0
1975,near,1,2,1,0,0,0,0,0,0,0,0,0
1976,exact,8,17,5,0,0,0,0,0,0,0,0,0
1977,exact,5,6,3,0,0,0,0,0,0,0,0,0
1978,near,1,2,1,0,0,0,0,0,0,0,0,0
1979,near,5,6,1,0,0,0,0,0,0,0,0,0
1980,exact,9,30,10,0,0,0,0,0,0,0,0,0
1981,exact,5,6,3,0,0,0,0,0,0,0,0,0
1982,near,6,8,2,0,0,0,0,0,0,0,0,0
1983,exact,6,8,1,0,0,0,0,0,0,0,0,0
1984,near,3,4,2,0,0,0,0,0,0,0,0,0
1985,exact,9,140,48,7,5,1,5,5,4,5,3,4
1986,near,9,37,11,0,0,0,0,0,0,0,0,0
1987,exact,1,2,2,0,0,0,0,0,0,0,0,0
1988,exact,3,4,8,0,0,0,0,0,0,0,0,0
1990,exact,6,7,9,0,0,0,0,0,0,0,0,0
1992,far,3,4,1,0,0,0,0,0,0,0,0,0
1993,exact,3,4,2,0,0,0,0,0,0,0,0,0
1995,exact,2,3,1,0,0,0,0,0,0,0,0,0
1996,exact,2,3,2,0,0,0,0,0,0,0,0,0
1997,exact,6,8,3,0,0,0,0,0,0,0,0,0
1998,near,0,0,2,0,0,0,0,0,0,0,0,0
2000,exact,5,5,3,0,0,0,0,0,0,0,0,0
2001,near,3,4,4,0,0,0,0,0,0,0,0,0
2002,exact,2,3,2,0,0,0,0,0,0,0,0,0
2003,near,5,5,3,0,0,0,0,0,0,0,0,0
2004,near,3,4,4,0,0,0,0,0,0,0,0,0
2005,far,9,24,10,0,0,0,0,1,0,0,0,0
2007,near,7,10,3,0,0,0,0,0,0,0,0,0
2008,near,6,8,7,0,0,0,0,0,0,0,0,0
2009,exact,5,6,1,0,0,0,0,0,0,0,0,0
2011,far,5,5,2,0,0,0,0,0,0,0,0,0
2012,near,9,24,6,0,0,0,0,0,0,0,0,0
2013,exact,6,7,3,0,0,0,0,0,0,0,0,0
2014,exact,2,3,4,0,0,0,0,0,0,0,0,0
2015,near,2,3,1,0,0,0,0,0,0,0,0,0
2016,near,8,16,6,0,0,0,0,0,0,0,0,0
2020,near,8,14,5,0,1,0,2,1,1,0,1,0
2021,far,1,2,3,0,0,0,0,0,0,0,0,0
2022,far,9,32,11,3,2,2,3,3,2,2,3,2
2023,exact,9,44,14,0,0,0,0,0,0,0,0,0
2024,exact,3,4,1,0,0,0,0,0,0,0,0,0
2025,exact,1,2,4,0,0,0,0,0,0,0,0,0
2026,exact,1,2,2,0,0,0,0,0,0,0,0,0
2027,exact,5,6,4,0,0,0,0,0,0,0,0,0
2028,near,2,3,2,0,0,0,0,0,0,0,0,0
2029,near,8,13,2,1,1,1,1,1,1,1,0,1
2031,exact,3,4,3,0,0,0,0,0,0,0,0,0
2032,near,1,2,1,0,0,0,0,0,0,0,0,0
2033,exact,9,31,12,0,0,0,0,0,0,0,0,0
2034,exact,5,6,3,0,0,0,0,0,0,0,0,0
2035,exact,1,2,1,0,0,0,0,0,0,0,0,0
2037,near,6,8,1,0,0,0,0,0,0,0,0,0
2038,near,5,5,5,0,0,0,0,0,0,0,0,0
2039,exact,9,30,8,6,6,6,6,6,6,6,6,6
2040,exact,9,37,17,0,0,0,0,0,0,0,0,0
2041,near,7,9,1,0,0,0,0,0,0,0,0,0
2042,exact,3,4,1,0,0,0,0,0,0,0,0,0
2043,exact,3,4,2,0,0,0,0,0,0,0,0,0
2045,near,5,6,1,0,1,0,0,0,0,0,1,0
2046,far,2,3,2,0,0,0,0,0,0,0,0,0
2049,exact,7,9,6,0,0,0,0,0,0,0,0,0
2050,exact,6,8,4,0,0,0,0,0,0,0,0,0
2051,exact,5,6,1,0,0,0,0,0,0,0,0,0
2052,near,8,14,1,0,0,0,0,0,0,0,0,0
2053,near,8,16,4,1,0,0,1,0,0,1,0,0
2054,exact,3,4,4,0,0,0,0,0,0,0,0,0
2055,far,9,39,10,1,2,1,1,2,0,1,2,1
2056,exact,9,71,30,1,1,1,2,3,3,1,1,3
2057,near,5,6,1,0,0,0,0,0,0,0,0,0
2058,exact,8,16,9,0,0,0,0,0,0,0,0,0
2059,exact,9,74,23,2,2,0,4,3,2,3,2,0
2060,exact,5,6,2,0,0,0,0,0,0,0,0,0
2061,near,9,33,6,0,0,0,0,0,0,0,0,0
2062,exact,9,27,16,0,0,0,0,0,0,0,0,0
2063,near,5,6,3,0,0,0,0,0,0,0,0,0
2064,exact,9,67,24,0,0,2,0,0,3,1,0,2
2065,near,8,15,4,0,0,0,0,0,0,0,0,0
2066,exact,1,2,3,0,0,0,0,0,0,0,0,0
2067,exact,8,18,1,0,0,0,0,0,0,0,0,0
2068,near,3,4,5,0,0,0,0,0,0,0,0,0
2070,near,1,2,3,0,0,0,0,0,0,0,0,0
2071,exact,8,19,3,0,0,0,0,0,0,0,0,0
2072,exact,8,19,13,0,0,0,0,0,0,0,0,0
2073,exact,2,3,1,0,0,0,0,0,0,0,0,0
2074,exact,2,3,1,0,0,0,0,0,0,0,0,0
2075,exact,0,1,2,0,0,0,0,0,0,0,0,0
2077,far,5,6,3,1,0,1,1,0,1,1,1,1
2078,exact,1,2,1,0,0,0,0,0,0,0,0,0
2079,exact,0,1,3,0,0,0,0,0,0,0,0,0
2080,exact,0,1,3,0,0,0,0,0,0,0,0,0
2081,exact,1,2,2,0,0,0,0,0,0,0,0,0
2082,near,2,3,2,0,0,0,0,0,0,0,0,0
2083,near,2,3,1,0,0,0,0,0,0,0,0,0
2084,near,5,6,4,0,0,0,0,0,0,0,0,0
2086,near,1,2,2,0,0,0,0,0,0,0,0,0
2087,exact,1,2,1,0,0,0,0,0,0,0,0,0
2088,near,3,4,2,0,0,0,0,0,0,0,0,0
2089,exact,6,7,5,0,0,0,0,0,0,0,0,0
2090,exact,3,4,2,0,0,0,0,0,0,0,0,0
2091,exact,1,2,1,0,0,0,0,0,0,0,0,0
2092,near,8,13,6,0,0,0,0,0,0,0,0,0
2093,near,5,6,3,0,0,0,0,0,0,0,0,0
2095,exact,5,6,1,0,0,0,0,0,0,0,0,0
2096,exact,3,4,2,0,0,0,0,0,0,0,0,0
2097,exact,9,59,20,0,0,1,0,0,0,0,0,0
2098,near,8,20,14,0,0,0,0,0,0,0,0,0
2099,exact,5,5,1,0,0,0,0,0,0,0,0,0
2100,near,2,3,3,0,0,0,0,0,0,0,0,0
2101,exact,2,3,3,0,0,0,0,0,0,0,0,0
2102,near,7,12,12,2,2,2,2,2,2,2,2,2
2104,far,9,28,8,0,0,0,0,0,0,0,0,0
2106,exact,1,2,2,0,0,0,0,0,0,0,0,0
2108,near,5,6,2,0,0,0,0,0,0,0,0,0
2109,exact,9,83,35,2,1,5,3,2,3,0,1,3
2110,far,1,2,4,0,0,0,0,0,0,0,0,0
2111,near,2,3,1,0,0,0,0,0,0,0,0,0
2113,exact,7,12,5,0,0,0,0,0,1,0,0,0
2114,exact,6,7,3,0,0,0,0,0,0,0,0,0
2115,near,5,6,1,0,0,0,0,0,0,0,0,0
2116,exact,5,5,3,0,0,1,0,0,1,0,0,0
2117,near,6,8,2,1,1,0,0,0,1,0,0,0
2120,near,5,6,2,0,0,0,0,0,0,0,0,0
2121,exact,8,13,10,0,0,0,0,0,0,0,0,0
2122,exact,3,4,2,0,0,0,0,0,0,0,0,0
2123,near,5,5,5,0,0,0,0,0,0,0,0,0
2124,near,7,12,2,1,1,0,1,1,1,1,1,1
2125,near,2,3,5,0,0,0,0,0,0,0,0,0
2126,far,7,9,4,0,0,0,0,0,0,0,0,0
2127,near,5,5,2,0,0,0,0,0,0,0,0,0
2128,exact,0,1,2,0,0,0,0,0,0,0,0,0
2129,near,8,13,7,1,1,1,1,1,1,1,1,1
2130,exact,9,29,10,1,0,0,1,0,0,0,0,0
2131,near,6,7,2,0,0,0,0,0,0,0,0,0
2132,exact,7,10,4,0,0,0,0,0,0,0,0,0
2133,exact,2,3,1,0,0,0,0,0,0,0,0,0
2134,exact,3,4,4,0,0,0,0,0,0,0,0,0
2135,exact,2,3,8,0,0,0,0,0,0,0,0,0
2137,exact,7,10,11,0,0,0,0,0,0,0,0,0
2138,exact,6,8,4,0,0,0,0,0,0,0,0,0
2139,exact,7,10,3,0,0,0,0,0,0,0,0,0
2140,exact,1,2,2,0,0,0,0,0,0,0,0,0
2141,near,5,6,3,0,0,0,0,0,0,0,0,0
2142,near,7,12,10,0,0,0,0,0,0,0,0,0
2143,exact,1,2,2,0,0,0,0,0,0,0,0,0
2144,exact,0,1,2,0,0,0,0,0,0,0,0,0
2145,exact,3,4,1,0,0,0,0,0,0,0,0,0
2146,near,8,14,1,0,0,0,0,0,0,0,0,0
2147,near,1,2,1,0,0,0,0,0,0,0,0,0
2148,exact,2,3,2,0,0,0,0,0,0,0,0,0
2150,far,8,17,2,0,0,0,0,0,0,0,0,0
2151,near,9,26,11,0,0,0,0,0,0,0,0,0
2152,exact,2,3,2,0,0,0,0,0,0,0,0,0
2153,exact,9,84,31,2,0,2,2,3,1,4,0,2
2154,near,2,3,1,0,0,0,0,0,0,0,0,0
2155,exact,5,6,4,0,0,0,0,0,0,0,0,0
2156,exact,6,8,4,0,0,0,0,0,0,0,0,0
2157,far,5,5,1,0,0,0,0,0,0,0,0,0
2158,exact,7,10,6,0,0,0,0,0,0,0,0,0
2159,near,9,25,5,0,1,1,0,1,1,0,0,1
2160,exact,6,7,6,0,0,0,0,0,0,0,0,0
2161,near,8,16,7,1,1,1,1,1,1,0,0,1
2162,exact,8,19,4,0,0,0,0,0,0,0,0,0
2163,near,3,4,5,0,0,0,0,0,0,0,0,0
2164,far,5,6,3,0,0,0,0,0,0,0,0,0
2165,exact,2,3,4,0,0,0,0,0,0,0,0,0
2166,exact,8,15,5,0,0,0,0,0,0,1,0,0
2167,near,9,51,24,1,0,1,1,0,1,1,0,1
2168,near,0,0,6,0,0,0,0,0,0,0,0,0
2169,exact,3,4,3,0,0,0,0,0,0,0,0,0
2171,exact,9,71,39,2,2,2,3,4,2,1,0,1
2172,near,8,17,1,0,0,0,0,0,0,0,0,0
2173,near,3,4,4,0,0,0,0,0,0,0,0,0
2174,near,8,20,7,0,0,0,0,0,0,0,0,0
2175,near,2,3,1,0,0,0,0,0,0,0,0,0
2176,near,7,10,5,0,0,0,0,0,0,0,0,0
2177,far,9,34,14,1,1,1,1,1,1,1,1,1
2178,far,6,8,13,0,0,0,0,0,0,0,0,0
2179,near,6,7,4,0,0,0,0,0,0,0,0,0
2182,exact,2,3,1,0,0,0,0,0,0,0,0,0
2183,near,5,5,1,0,0,0,0,0,0,0,0,0
2184,far,0,1,4,0,0,0,0,0,0,0,0,0
2185,near,6,8,3,1,0,1,1,0,2,0,0,1
2186,exact,9,34,6,1,1,0,1,1,2,0,1,0
2187,near,6,8,1,1,1,1,0,0,1,1,1,0
2188,exact,1,2,2,0,0,0,0,0,0,0,0,0
2189,exact,8,15,6,0,0,0,0,0,0,0,0,0
2190,near,8,16,2,0,0,0,0,0,0,0,0,0
2191,exact,1,2,3,0,0,0,0,0,0,0,0,0
2192,far,6,7,2,0,0,0,0,0,0,0,0,0
2193,exact,2,3,1,1,1,1,1,1,1,1,1,1
2194,near,5,5,2,1,2,1,1,2,1,1,2,1
2195,near,0,0,1,0,0,0,0,0,0,0,0,0
2196,near,6,8,9,0,0,0,0,0,0,0,0,0
2197,near,5,6,2,0,0,0,0,0,0,0,0,0
2198,exact,8,19,7,0,0,0,0,0,0,0,0,0
2199,near,5,5,2,0,0,0,0,0,0,0,0,0
2201,near,5,5,1,0,0,0,0,0,0,0,0,0
2202,exact,1,2,2,0,0,0,0,0,0,0,0,0
2203,exact,2,3,1,0,0,0,0,0,0,0,0,0
2204,near,2,3,1,0,0,0,0,0,0,0,0,0
2205,exact,7,11,3,0,0,0,0,0,0,0,0,0
2206,exact,3,4,2,0,0,0,0,0,0,0,0,0
2207,near,8,18,8,0,0,1,0,2,1,0,0,0
2208,near,6,8,3,0,0,0,0,0,0,0,0,0
2209,exact,6,7,1,0,0,0,0,0,0,0,0,0
2210,exact,0,1,2,0,0,0,0,0,0,0,0,0
2211,near,3,4,5,0,0,0,0,0,0,0,0,0
2212,exact,9,29,11,0,0,0,1,0,0,0,0,0
2213,exact,2,3,2,0,0,0,0,0,0,0,0,0
2214,exact,2,3,2,0,0,0,0,0,0,0,0,0
2215,near,1,2,3,0,0,0,0,0,0,0,0,0
2216,exact,1,2,1,0,0,0,0,0,0,0,0,0
2217,exact,3,4,2,0,0,0,0,0,0,0,0,0
2218,near,1,2,1,0,0,0,0,0,0,0,0,0
2219,exact,8,16,5,0,0,0,0,0,0,0,0,0
2221,exact,2,3,2,0,0,0,0,0,0,0,0,0
2222,exact,9,45,12,0,0,0,0,0,0,0,0,0
2223,exact,7,11,8,0,0,0,0,0,0,0,0,0
2224,exact,5,5,2,1,1,1,1,1,1,0,0,1
2225,near,5,6,3,0,0,0,0,0,0,0,0,0
2226,exact,7,9,5,0,0,0,0,0,0,0,0,0
2227,far,6,8,2,0,0,0,0,0,0,0,0,0
2228,near,3,4,2,2,2,2,2,2,2,1,2,2
2229,far,5,6,9,0,0,0,0,0,0,0,0,0
2230,exact,5,6,2,0,0,0,0,0,0,0,0,0
2231,near,1,2,1,0,0,0,0,0,0,0,0,0
2232,exact,5,5,2,0,0,0,0,0,0,0,0,0
2234,exact,1,2,4,0,0,0,0,0,0,0,0,0
2235,exact,3,4,2,0,0,0,0,0,0,0,0,0
2236,exact,6,8,6,0,0,0,0,0,0,0,0,0
2237,exact,0,1,2,0,0,0,0,0,0,0,0,0
2238,exact,3,4,1,0,0,0,0,0,0,0,0,0
2239,exact,3,4,2,0,0,0,0,1,0,0,1,0
2240,exact,9,129,67,5,2,2,7,3,6,9,2,4
2242,near,0,1,5,0,0,0,0,0,0,0,0,0
2243,near,2,3,2,0,0,0,0,0,0,0,0,0
2244,exact,2,3,2,0,0,0,0,0,0,0,0,0
2245,near,7,9,6,0,0,0,0,0,0,0,0,0
2246,exact,5,6,8,0,0,0,0,0,0,0,0,0
2248,far,1,2,2,0,0,0,0,0,0,0,0,0
2249,far,2,3,1,0,0,0,0,0,0,0,0,0
2250,exact,3,4,1,0,0,0,0,0,0,0,0,0
2251,exact,2,3,1,0,0,0,0,0,0,0,0,0
2252,exact,8,18,9,1,1,1,1,1,1,1,0,1
2253,near,9,49,16,1,1,3,2,2,2,1,1,1
2254,far,9,74,30,1,3,4,0,3,3,2,4,3
2255,exact,3,4,2,0,0,0,0,1,0,0,1,0
2256,exact,6,7,5,0,0,0,0,0,0,0,0,0
2257,exact,3,4,2,0,0,0,0,0,0,0,0,0
2258,near,9,34,14,0,0,0,0,0,0,0,0,0
2259,exact,9,31,5,0,0,0,0,0,0,0,0,0
2260,exact,2,3,1,0,0,0,0,0,0,0,0,0
2261,exact,6,7,6,0,0,0,0,0,0,0,0,0
2262,far,5,5,2,0,0,0,0,0,0,0,0,0
2263,near,3,4,3,0,0,0,0,0,0,0,0,0
2264,far,3,4,3,0,0,0,0,0,0,0,0,0
2265,near,3,4,1,0,0,0,0,0,0,0,0,0
2266,near,2,3,1,0,0,0,0,0,0,0,0,0
2268,near,1,2,2,0,0,0,0,0,0,0,0,0
2269,near,6,7,5,0,0,0,0,0,0,0,0,0
2270,near,1,2,2,0,0,0,0,0,0,0,0,0
2271,near,8,15,10,0,0,0,0,0,0,0,0,0
2272,far,2,3,1,0,0,0,0,0,0,0,0,0
2273,far,7,10,7,1,0,0,1,0,0,0,0,0
2274,exact,9,30,4,2,2,2,3,1,3,1,1,2
2275,exact,5,5,2,0,0,0,0,0,0,0,0,0
2276,exact,8,15,8,0,0,1,0,1,1,0,0,1
2277,exact,8,21,9,0,0,0,0,1,0,0,0,0
2279,exact,7,10,7,0,0,0,0,0,0,0,0,0
2280,exact,3,4,1,0,0,0,0,0,0,0,0,0
2282,exact,3,4,2,0,0,0,0,0,0,0,0,0
2283,exact,6,8,2,0,0,0,0,0,0,0,0,0
2284,exact,6,7,2,0,0,0,0,0,0,0,0,0
2285,near,7,9,3,0,0,0,0,0,0,0,0,0
2286,near,8,15,4,0,0,0,0,0,0,0,0,0
2287,exact,7,10,1,0,0,0,0,0,0,0,0,0
2289,near,2,3,1,0,0,0,0,0,0,0,0,0
2291,exact,3,4,1,0,0,0,0,0,0,0,0,0
2292,exact,9,29,14,0,0,0,0,0,1,0,0,0
2293,exact,8,17,5,0,0,0,0,0,0,0,0,0
2294,exact,3,4,1,0,0,0,0,0,0,0,0,0
2295,exact,1,2,4,0,0,0,0,0,0,0,0,0
2296,exact,7,9,1,0,0,0,0,0,0,0,0,0
2297,exact,5,6,6,0,0,0,0,0,0,0,0,0
2298,near,9,31,20,0,1,0,0,2,0,0,1,0
2300,exact,7,9,6,0,0,1,0,0,0,0,0,0
2301,near,5,5,3,0,0,0,0,0,0,0,0,0
2302,near,1,2,2,0,0,0,0,0,0,0,0,0
2304,near,6,8,2,0,0,0,0,0,0,0,0,0
2305,near,9,28,9,0,0,0,0,0,0,0,0,0
2306,exact,7,11,3,0,0,0,0,0,0,0,0,0
2308,near,7,12,4,0,0,0,0,0,0,0,0,0
2310,exact,8,16,5,0,0,0,0,0,0,0,0,0
2311,near,5,5,2,0,0,0,0,0,0,0,0,0
2312,exact,2,3,1,0,0,0,0,0,0,0,0,0
2313,near,7,9,1,0,0,0,0,0,0,0,0,0
2315,exact,7,11,5,0,0,0,0,0,0,0,0,0
2316,exact,9,37,16,1,0,1,1,0,1,0,0,1
2317,exact,6,8,2,0,0,0,0,0,0,0,0,0
2318,exact,3,4,3,0,0,0,0,0,0,0,0,0
2319,exact,5,5,3,0,0,0,0,0,0,0,0,0
2320,exact,5,5,2,1,0,0,1,0,1,0,0,0
2321,near,6,7,1,0,0,0,0,0,0,0,0,0
2322,exact,9,24,7,3,5,5,4,5,5,3,5,5
2323,near,2,3,3,0,0,0,0,0,0,0,0,0
2324,exact,9,27,16,0,0,0,0,0,0,0,0,0
2325,far,5,5,2,0,0,0,0,0,0,0,0,0
2326,far,7,9,5,0,0,0,0,0,0,0,0,0
2327,near,5,5,2,0,0,0,0,0,0,0,0,0
2328,near,9,33,20,0,0,0,0,0,0,0,0,0
2329,near,5,6,2,0,0,0,0,0,0,0,0,0
2330,exact,6,7,2,0,0,0,0,0,0,0,0,0
2331,exact,9,50,6,1,2,1,1,2,1,1,2,1
2332,near,3,4,1,0,0,0,0,0,0,0,0,0
2334,exact,6,7,2,0,0,0,0,0,0,0,0,0
2335,near,2,3,1,0,0,0,0,0,0,0,0,0
2336,exact,7,9,4,0,0,0,0,0,0,0,0,0
2337,exact,2,3,3,0,0,0,0,0,0,0,0,0
2338,near,1,2,1,0,0,0,0,0,0,0,0,0
2339,exact,8,14,8,0,0,0,1,1,0,0,0,0
2340,near,8,20,8,0,0,0,0,0,0,0,0,0
2341,exact,5,5,3,0,0,0,0,0,0,0,0,0
2342,near,7,12,4,1,0,0,2,0,1,1,0,0
2343,exact,7,12,7,0,0,0,0,0,0,0,0,0
2345,exact,3,4,3,0,0,0,0,0,0,0,0,0
2346,exact,5,6,1,0,0,0,0,0,0,0,0,0
2347,near,2,3,2,0,0,0,0,0,0,0,0,0
2348,near,2,3,2,0,0,0,0,0,0,0,0,0
2349,far,7,10,8,0,0,0,0,0,0,0,0,0
2350,far,2,3,1,0,0,0,0,0,0,0,0,0
2351,near,3,4,1,0,0,0,0,0,0,0,0,0
2352,near,3,4,1,0,0,0,0,0,0,0,0,0
2353,exact,1,2,3,0,0,0,0,0,0,0,0,0
2354,exact,9,87,45,0,0,2,1,0,2,5,3,4
2355,exact,5,5,2,0,0,0,0,0,0,0,0,0
2356,near,7,9,3,0,0,0,0,0,0,0,0,0
2357,near,5,6,3,0,0,0,1,0,0,0,0,0
2358,far,5,5,3,0,0,0,0,0,0,0,0,0
2359,exact,8,17,10,0,1,1,0,0,1,0,1,0
2360,near,3,4,1,0,0,0,0,0,0,0,0,0
2361,exact,3,4,3,0,0,0,0,0,0,0,0,0
2362,exact,1,2,2,0,0,0,0,0,0,0,0,0
2363,near,7,9,3,0,0,0,0,0,0,0,0,0
2364,near,5,6,2,1,1,1,1,1,1,1,1,1
2365,far,6,7,5,0,0,0,0,0,0,0,0,0
2367,exact,8,14,3,0,0,0,0,0,0,0,0,0
2368,exact,1,2,5,0,0,0,0,0,0,0,0,0
2369,near,1,2,3,1,1,1,0,1,1,1,1,1
2370,near,3,4,1,0,0,0,0,0,0,0,0,0
2371,near,6,8,3,0,0,0,0,0,0,0,0,0
2372,near,2,3,3,0,0,0,0,0,0,0,0,0
2374,far,2,3,2,0,0,0,0,0,0,0,0,0
2375,near,2,3,2,0,0,0,0,0,0,0,0,0
2376,exact,3,4,3,0,0,0,0,0,0,0,0,0
2377,near,5,5,1,0,0,0,0,0,0,0,0,0
2378,near,9,22,13,2,2,1,4,2,0,1,2,1
2379,exact,8,20,5,0,0,0,0,0,0,0,0,0
2380,near,7,12,2,0,0,0,0,0,0,0,0,0
2381,near,2,3,4,0,0,0,0,0,0,0,0,0
2382,near,7,10,3,0,0,1,0,0,1,0,0,0
2383,near,3,4,3,0,0,0,0,0,0,0,0,0
2384,exact,2,3,1,0,0,0,0,0,0,0,0,0
2385,exact,5,6,2,0,0,0,0,0,0,0,0,0
2386,exact,5,6,4,0,0,0,0,0,0,0,0,0
2387,exact,8,17,4,1,0,0,1,0,0,1,0,0
2388,near,5,6,1,0,0,0,0,0,0,0,0,0
2389,exact,9,42,12,0,1,1,0,1,1,0,0,0
2391,near,2,3,1,0,0,0,0,0,0,0,0,0
2392,exact,0,1,2,0,0,0,0,0,0,0,0,0
2393,far,9,26,3,0,0,0,0,0,0,0,0,0
2394,far,3,4,1,0,0,0,0,0,0,0,0,0
2395,exact,8,14,3,0,0,0,0,0,0,0,0,0
2396,exact,2,3,2,0,0,0,0,0,0,0,0,0
2397,near,1,2,3,0,0,0,0,0,0,0,0,0
2398,exact,7,11,6,1,0,1,1,0,2,0,0,2
2399,near,7,11,2,0,0,0,0,0,0,0,0,0
2400,near,8,16,6,0,0,0,0,0,0,0,0,0
2401,near,6,7,3,0,0,0,0,0,0,0,0,0
2403,near,8,14,4,0,1,0,0,1,0,0,0,0
2404,far,2,3,1,0,0,0,0,0,0,0,0,0
2405,exact,8,19,6,1,0,0,1,0,0,1,0,0
2406,exact,5,5,1,0,0,0,0,0,0,0,0,0
2407,exact,8,14,4,0,1,0,0,0,0,0,1,0
2408,exact,5,5,1,1,1,1,1,1,0,1,1,0
2409,near,3,4,2,0,0,0,0,0,0,0,0,0
2410,exact,3,4,1,0,0,0,0,0,0,0,0,0
2412,exact,8,17,4,0,0,0,0,0,0,0,0,0
2413,exact,5,6,1,0,0,0,0,0,0,0,0,0
2414,near,5,5,5,0,0,0,0,0,0,0,0,0
2415,near,6,8,5,0,0,0,0,0,0,0,0,0
2416,exact,9,73,34,1,1,0,2,0,0,1,1,0
2417,near,5,5,3,0,0,0,0,0,0,0,0,0
2418,exact,7,12,5,1,1,1,0,0,1,1,0,1
2419,far,1,2,3,0,1,0,0,1,0,0,0,0
2420,exact,8,18,5,0,0,0,0,1,1,0,0,0
2421,exact,3,4,3,0,0,0,0,0,0,0,0,0
2422,exact,9,44,4,1,1,1,1,1,1,1,1,1
2423,near,9,25,5,0,0,0,0,0,0,0,0,0
2424,far,8,20,8,0,0,0,0,0,0,0,0,0
2425,exact,5,5,6,0,0,0,0,0,0,0,0,0
2426,near,2,3,1,0,0,0,0,0,0,0,0,0
2428,exact,8,21,9,0,0,0,0,0,0,0,0,0
2429,exact,2,3,2,0,0,0,0,0,0,0,0,0
2430,exact,3,4,6,0,0,0,0,0,0,0,0,0
2431,near,1,2,2,0,0,0,0,0,0,0,0,0
2432,exact,9,30,1,0,0,0,0,0,0,0,0,0
2433,exact,1,2,1,0,0,0,0,0,0,0,0,0
2435,near,7,10,3,0,0,0,0,0,0,0,0,0
2437,near,3,4,2,0,0,0,0,0,0,0,0,0
2438,exact,1,2,2,0,0,0,0,0,0,0,0,0
2439,near,3,4,1,0,0,0,0,0,0,0,0,0
2440,exact,5,6,4,0,0,0,0,0,0,0,0,0
2442,exact,8,21,11,0,0,0,0,0,0,0,0,0
2443,exact,8,13,8,0,0,0,0,0,0,0,0,0
2444,near,3,4,3,0,0,0,0,0,0,0,0,0
2445,exact,5,6,6,0,0,0,0,0,0,0,0,0
2446,exact,0,1,2,0,0,0,0,0,0,0,0,0
2447,exact,8,17,8,0,0,0,1,0,0,0,0,0
2448,near,9,45,27,3,0,0,3,1,0,1,1,0
2449,exact,8,21,4,0,0,0,0,1,0,0,0,0
2450,exact,8,13,2,0,0,0,0,0,0,0,0,0
2451,exact,5,5,1,0,0,0,0,0,0,0,0,0
2452,exact,6,7,6,0,0,0,0,0,0,0,0,0
2453,far,8,21,15,0,0,0,0,0,0,0,0,0
2454,exact,7,10,4,0,0,0,0,0,0,0,0,0
2455,near,8,19,1,0,0,0,0,0,0,0,0,0
2456,exact,2,3,3,0,0,0,0,0,0,0,0,0
2457,exact,7,11,4,0,0,0,0,0,0,0,0,0
2458,exact,8,20,4,0,0,0,0,0,0,0,0,0
2459,far,3,4,3,0,0,0,0,0,0,0,0,0
2460,near,5,5,1,0,0,0,0,0,0,0,0,0
2461,exact,5,5,1,0,0,0,0,0,0,0,0,0
2462,exact,5,6,1,0,0,0,0,0,0,0,0,0
2463,exact,1,2,2,0,0,0,0,0,0,0,0,0
2464,exact,8,13,3,0,0,0,0,0,0,0,0,0
2465,near,7,9,2,0,0,0,0,0,0,0,0,0
2466,near,0,0,3,0,0,0,0,0,0,0,0,0
2467,near,5,6,3,0,0,0,0,0,0,0,0,0
2468,near,7,12,2,0,0,0,0,0,0,0,0,0
2469,near,6,8,2,0,0,0,0,0,0,0,0,0
2470,far,0,1,1,0,0,0,0,0,0,0,0,0
2471,exact,3,4,1,0,0,0,0,0,0,0,0,0
2473,near,8,13,5,0,0,0,0,0,0,0,0,0
2474,near,5,6,3,0,0,0,0,0,0,0,0,0
2475,near,7,11,2,0,0,0,0,0,0,0,0,0
2476,exact,7,10,5,0,0,0,0,0,0,0,0,0
2477,near,2,3,4,1,0,1,1,0,0,1,0,0
2478,exact,6,8,5,0,0,0,0,0,0,0,0,0
2479,exact,3,4,1,0,0,0,0,0,0,0,0,0
2480,exact,9,58,22,1,1,1,2,3,1,2,1,2
2481,exact,8,14,2,0,0,0,0,0,0,0,0,0
2486,near,7,9,2,0,0,0,0,0,0,0,0,0
2488,near,3,4,1,0,0,0,0,0,0,0,0,0
2489,near,7,12,7,0,0,0,0,0,0,0,0,0
2490,exact,1,2,1,0,0,0,0,0,0,0,0,0
2491,exact,3,4,1,0,0,0,0,0,0,0,0,0
2492,exact,6,8,9,0,0,0,0,0,0,0,0,0
2493,near,1,2,3,0,0,0,0,0,0,0,0,0
2494,exact,1,2,1,0,0,0,0,0,0,0,0,0
2495,exact,9,121,49,2,3,3,8,6,5,2,3,2
2496,exact,8,15,4,0,0,0,0,0,0,0,0,0
2497,near,7,12,2,0,0,0,0,0,0,0,0,0
2498,exact,0,1,1,0,0,0,0,0,0,0,0,0
2499,exact,9,41,11,3,2,3,2,3,3,2,3,3
2500,near,9,23,7,0,0,0,0,0,0,0,0,0
2501,near,8,14,11,0,0,0,0,0,0,0,0,0
2502,exact,1,2,3,0,0,0,0,0,0,0,0,0
2503,exact,2,3,1,0,0,0,0,0,0,0,0,0
2504,far,0,1,5,0,0,0,0,0,0,0,0,0
2505,exact,1,2,4,0,0,0,0,0,0,0,0,0
2506,exact,6,7,3,0,0,0,0,0,0,0,0,0
2507,exact,3,4,1,0,0,0,0,0,0,0,0,0
2508,far,1,2,3,0,0,0,0,0,0,0,0,0
2509,near,2,3,1,0,0,0,0,0,0,0,0,0
2510,far,8,13,9,0,0,0,0,0,0,0,0,0
2511,near,5,5,1,0,0,0,0,0,0,0,0,0
2512,exact,3,4,1,0,0,0,0,0,0,0,0,0
2513,exact,6,7,2,0,0,0,0,0,0,0,0,0
2514,exact,2,3,2,0,0,0,0,0,0,0,0,0
2515,exact,8,15,6,0,0,0,0,0,0,0,0,0
2516,exact,2,3,4,0,0,0,0,0,0,0,0,0
2517,near,6,8,1,0,0,0,0,0,0,0,0,0
2518,near,8,13,6,0,0,0,0,0,0,0,0,0
2519,near,5,6,3,0,0,0,0,0,0,0,0,0
2520,near,3,4,1,0,0,0,0,0,0,0,0,0
2521,exact,8,15,4,0,0,0,0,0,0,0,0,0
2522,near,7,9,4,0,0,0,0,0,0,0,0,0
2523,exact,7,10,2,0,0,0,0,0,0,0,0,0
2525,exact,6,7,4,0,0,0,0,0,0,0,0,0
2526,exact,9,23,8,0,0,0,0,0,0,0,0,0
2527,far,7,12,5,0,0,0,0,0,0,0,0,0
2528,near,8,15,9,0,0,0,0,0,0,0,0,0
2529,near,5,5,1,0,0,0,0,0,0,0,0,0
2530,near,1,2,1,0,0,0,0,0,0,0,0,0
2531,near,6,8,6,2,2,2,2,2,2,2,2,2
2532,near,2,3,1,0,0,0,0,0,0,0,0,0
2533,far,8,21,9,0,0,0,0,0,0,0,0,0
2534,exact,3,4,2,0,0,0,0,0,0,0,0,0
2535,near,5,5,2,0,0,0,0,0,0,0,0,0
2536,exact,6,8,9,0,0,0,0,0,0,0,0,0
2537,far,2,3,1,0,0,0,0,0,0,0,0,0
2538,exact,2,3,2,0,0,0,0,0,0,0,0,0
2539,near,5,5,1,0,0,0,0,0,0,0,0,0
2541,near,8,16,7,0,0,0,0,0,0,0,0,0
2542,exact,7,11,4,0,0,0,0,0,0,0,0,0
2543,exact,5,5,2,0,0,0,0,0,0,0,0,0
2544,near,2,3,3,0,0,0,0,0,0,0,0,0
2545,near,8,14,8,0,0,0,0,0,0,0,0,0
2546,near,1,2,2,0,1,0,0,0,0,0,0,0
2547,exact,2,3,4,0,0,0,0,0,0,0,0,0
2548,near,2,3,1,0,0,0,0,0,0,0,0,0
2549,near,2,3,4,0,0,0,0,0,0,0,0,0
2551,exact,1,2,1,0,0,0,0,0,0,0,0,0
2552,far,5,6,1,0,0,0,0,0,0,0,0,0
2553,far,5,6,2,0,0,0,0,0,0,0,0,0
2554,near,2,3,2,0,0,0,0,0,0,0,0,0
2555,exact,2,3,3,0,0,0,0,0,0,0,0,0
2556,near,8,13,3,0,0,0,0,0,0,0,0,0
2557,near,2,3,2,0,0,0,0,0,0,0,0,0
2558,exact,1,2,3,0,0,0,0,0,0,0,0,0
2559,exact,1,2,3,0,0,0,0,0,0,0,0,0
2561,near,6,7,5,0,0,0,0,0,0,0,0,0
2563,exact,1,2,3,0,0,0,0,0,0,0,0,0
2564,exact,7,12,6,0,0,0,0,0,0,0,0,0
2565,exact,5,6,2,0,0,0,0,0,0,0,0,0
2567,near,3,4,2,0,0,0,0,0,0,0,0,0
2568,near,3,4,1,0,0,0,0,0,0,0,0,0
2569,near,1,2,3,0,0,0,0,0,0,0,0,0
2570,exact,8,13,4,0,0,0,0,0,0,0,0,0
2571,near,7,9,1,0,0,0,0,0,0,0,0,0
2572,exact,5,5,1,0,0,0,0,0,0,0,0,0
2573,exact,5,6,4,0,0,0,0,0,0,0,0,0
2576,exact,9,48,24,3,3,3,3,2,2,3,1,3
2577,near,9,136,60,9,8,5,9,11,5,12,6,2
2578,exact,6,7,2,0,0,0,0,0,0,0,0,0
2579,far,9,24,11,0,0,1,0,0,0,0,0,1
2580,far,2,3,2,0,0,0,0,0,0,0,0,0
2581,exact,9,79,19,1,3,5,1,4,5,1,3,3
2582,exact,0,1,3,0,0,0,0,0,0,0,0,0
2583,exact,1,2,2,0,0,0,0,0,0,0,0,0
2584,near,8,19,4,0,0,0,0,0,0,0,0,0
2585,exact,7,10,7,0,0,0,0,0,0,0,0,0
2586,exact,5,5,2,0,0,0,0,0,0,0,0,0
2588,exact,9,26,9,0,0,0,0,0,0,0,0,0
2589,exact,8,13,3,0,0,0,0,0,0,0,0,0
2590,exact,3,4,1,0,0,0,0,0,0,0,0,0
2591,exact,2,3,2,0,0,0,0,0,0,0,0,0
2592,exact,3,4,2,0,0,0,0,0,0,0,0,0
2593,near,6,7,1,0,0,0,0,0,0,0,0,0
2594,near,7,11,2,0,0,0,0,0,0,0,0,0
2596,exact,7,9,10,0,0,0,0,0,0,0,0,0
2597,exact,5,5,2,0,0,0,1,0,0,0,0,0
2598,near,2,3,1,0,0,0,0,0,0,0,0,0
2599,near,0,1,3,0,0,0,0,0,0,0,0,0
2601,exact,8,21,8,0,0,0,0,0,0,0,0,0
2602,far,3,4,3,0,0,0,0,0,0,0,0,0
2603,exact,3,4,1,0,0,0,0,0,0,0,0,0
2604,exact,2,3,1,0,0,0,0,0,0,0,0,0
2605,near,2,3,1,0,0,0,0,0,0,0,0,0
2606,exact,2,3,1,0,0,0,0,0,0,0,0,0
2607,exact,5,6,1,0,0,0,0,0,0,0,0,0
2608,exact,1,2,5,0,0,0,0,0,0,0,0,0
2610,exact,9,27,6,0,0,0,0,0,1,0,0,0
2611,exact,0,1,1,0,0,0,0,0,0,0,0,0
2612,far,0,1,2,0,0,0,0,0,0,0,0,0
2613,near,3,4,3,0,0,0,0,0,0,0,0,0
2616,exact,8,13,4,0,0,0,0,0,0,0,0,0
2617,exact,6,7,4,1,0,0,1,0,0,1,0,0
2618,exact,8,14,5,0,0,0,0,0,0,0,0,0
2620,near,9,34,7,0,1,0,0,0,0,0,0,0
2621,exact,9,64,28,1,0,0,2,0,0,1,0,1
2622,exact,3,4,3,0,0,0,0,0,0,0,0,0
2624,exact,3,4,1,0,0,0,0,0,0,0,0,0
2625,near,7,11,8,0,0,0,0,0,0,0,0,0
2626,near,8,17,9,0,0,0,0,0,0,0,0,0
2627,exact,9,23,16,0,0,0,0,0,0,0,0,0
2629,exact,0,1,4,0,0,0,0,0,0,0,0,0
2630,exact,5,6,1,0,0,0,0,0,0,0,0,0
2631,exact,5,5,2,0,0,0,0,0,0,0,0,0
2632,exact,7,11,4,0,0,0,0,0,0,0,0,0
2633,far,2,3,2,0,0,0,0,0,0,0,0,0
2634,exact,3,4,1,0,0,0,0,0,0,0,0,0
2636,near,1,2,2,0,0,0,0,0,0,0,0,0
2637,exact,7,10,4,1,0,0,0,1,0,1,0,0
2638,exact,9,22,10,0,0,0,0,0,0,0,0,0
2639,near,0,1,3,0,0,0,0,0,0,0,0,0
2640,near,1,2,2,0,0,0,0,0,0,0,0,0
2641,exact,5,5,6,0,0,0,0,0,0,0,0,0
2642,near,8,19,6,0,0,0,0,0,0,0,0,0
2644,far,9,117,48,4,2,3,1,2,3,4,2,3
2645,exact,1,2,2,0,0,0,0,0,0,0,0,0
2646,near,5,6,1,0,0,0,0,0,0,0,0,0
2647,near,3,4,1,0,0,0,0,0,0,0,0,0
2648,near,9,91,43,2,3,3,5,4,2,2,3,1
2649,near,5,6,2,0,0,0,0,0,0,0,0,0
2650,near,3,4,4,0,0,0,0,0,0,0,0,0
2651,near,9,48,19,2,2,2,1,1,1,1,2,2
2652,exact,6,7,2,0,0,0,0,0,0,0,0,0
2653,near,5,5,5,0,0,0,0,0,1,0,1,0
2654,exact,3,4,4,0,0,0,0,0,0,0,0,0
2656,exact,1,2,3,0,0,0,0,0,0,0,0,0
2657,exact,2,3,3,0,0,0,0,0,0,0,0,0
2658,near,9,24,16,0,0,0,0,0,0,0,0,0
2659,near,6,7,7,1,1,0,1,1,0,1,0,0
2660,near,7,9,2,0,0,0,0,0,0,0,0,0
2661,exact,3,4,2,1,1,0,1,0,0,1,1,0
2662,exact,1,2,1,0,0,0,0,0,0,0,0,0
2663,exact,2,3,1,0,0,0,0,0,0,0,0,0
2664,exact,5,5,1,0,0,0,0,0,0,0,0,0
2665,near,6,7,1,0,0,0,0,0,0,0,0,0
2666,exact,5,5,1,0,0,0,0,0,0,0,0,0
2667,far,5,5,1,0,0,0,0,0,0,0,0,0
2668,exact,9,25,5,0,0,0,0,0,0,0,0,0
2669,near,5,5,3,0,0,0,0,0,0,0,0,0
2670,exact,2,3,1,0,0,0,0,0,0,0,0,0
2671,near,7,12,6,0,0,0,0,0,0,0,0,0
2672,exact,8,20,2,0,0,0,0,0,0,0,0,0
2673,exact,5,5,2,0,0,0,0,0,0,0,0,0
2674,exact,6,7,4,0,0,0,0,0,0,0,0,0
2675,near,6,7,11,0,0,0,0,0,0,0,0,0
2676,exact,3,4,2,0,0,0,0,0,0,0,0,0
2677,near,3,4,2,0,0,0,0,0,0,0,0,0
2678,exact,2,3,1,0,0,0,0,0,0,0,0,0
2679,exact,6,8,2,0,0,0,0,0,0,0,0,0
2680,near,5,6,2,0,0,0,0,0,0,0,0,0
2681,exact,8,13,4,0,0,0,0,0,0,0,0,0
2682,near,5,5,7,0,0,0,0,0,0,0,0,0
2683,near,1,2,2,0,0,0,0,0,0,0,0,0
2685,exact,1,2,3,0,0,0,0,0,0,0,0,0
2686,exact,0,0,4,0,0,0,0,0,0,0,0,0
2688,near,9,49,39,4,2,2,3,4,3,4,2,1
2689,exact,2,3,1,0,0,0,0,0,0,0,0,0
2690,exact,9,26,6,0,0,0,0,0,0,0,0,0
2691,exact,9,32,13,0,0,0,0,0,0,0,0,0
2692,near,0,1,4,0,0,0,0,0,0,0,0,0
2693,near,0,0,3,0,0,0,0,0,0,0,0,0
2694,near,5,6,1,0,0,0,0,0,0,0,0,0
2695,exact,6,8,3,0,0,0,0,0,0,0,0,0
2697,exact,2,3,2,0,0,0,0,0,0,0,0,0
2698,exact,8,15,5,0,0,0,0,0,0,0,0,0
2699,near,6,7,4,0,0,0,0,0,0,0,0,0
2700,exact,2,3,2,0,0,0,0,0,0,0,0,0
2701,near,7,9,2,0,0,0,0,0,0,0,0,0
2702,near,8,21,11,0,0,0,0,0,0,0,0,0
2703,near,9,24,9,0,0,0,1,0,0,0,0,0
2704,far,2,3,3,0,0,0,0,0,0,0,0,0
2705,exact,2,3,3,0,0,0,0,0,0,0,0,0
2706,exact,8,17,4,0,1,1,0,0,1,0,1,0
2707,exact,3,4,4,1,1,0,1,1,0,0,0,0
2708,exact,5,6,1,0,0,0,0,0,0,0,0,0
2709,near,5,5,1,0,0,0,0,0,0,0,0,0
2710,exact,9,57,27,0,1,0,0,0,0,0,0,0
2711,exact,8,14,6,0,0,0,0,0,0,0,0,0
2712,near,8,13,8,0,0,0,0,0,0,0,0,0
2713,exact,5,5,3,0,0,0,0,0,0,0,0,0
2715,exact,3,4,3,0,0,0,0,0,0,0,0,0
2716,near,6,7,2,0,0,0,0,0,0,0,0,0
2717,near,2,3,1,0,0,0,0,0,0,0,0,0
2718,near,3,4,2,0,0,0,0,0,0,0,0,0
2719,far,7,10,2,0,2,2,0,1,2,0,2,2
2720,near,7,11,7,0,0,0,0,0,0,0,0,0
2721,exact,5,5,2,0,0,0,0,0,0,0,0,0
2722,far,9,33,13,0,0,0,0,0,0,0,0,0
2724,exact,5,5,3,0,0,0,0,0,0,0,0,0
2725,near,3,4,1,0,0,0,0,0,0,0,0,0
2726,exact,6,8,1,0,0,0,0,0,0,0,0,0
2728,near,5,5,3,0,0,0,0,0,0,0,0,0
2729,exact,8,14,7,0,0,0,0,0,0,0,0,0
2730,near,3,4,1,0,0,0,0,0,0,0,0,0
2731,exact,5,5,2,0,0,1,0,1,1,0,0,1
2732,near,1,2,2,0,0,0,0,0,0,0,0,0
2733,near,1,2,2,0,0,0,0,0,0,0,0,0
2734,exact,8,17,9,0,0,0,0,0,0,0,0,0
2735,near,6,8,3,0,0,0,0,0,0,0,0,0
2736,exact,5,5,1,0,0,0,0,0,0,0,0,0
2738,near,7,10,3,0,0,1,0,0,1,0,0,0
2740,near,3,4,1,0,0,0,0,0,0,0,0,0
2741,near,7,9,3,0,0,0,0,0,0,0,0,0
2742,exact,5,6,2,0,0,0,0,0,0,0,0,0
2744,far,5,6,2,0,0,0,0,0,0,0,0,0
2745,exact,5,5,2,0,0,0,0,0,0,0,0,0
2746,exact,9,29,8,3,3,3,3,3,3,2,3,3
2747,near,5,6,4,0,0,0,0,0,0,0,0,0
2749,near,9,43,18,0,0,1,0,1,0,0,0,0
2750,exact,7,11,7,0,0,0,0,0,0,0,0,0
2751,far,3,4,3,0,1,0,1,1,0,0,1,0
2752,far,8,14,8,0,0,0,0,0,0,0,0,0
2753,exact,7,9,11,0,0,0,0,0,0,0,0,0
2754,exact,3,4,1,0,0,0,0,0,0,0,0,0
2755,exact,7,10,4,0,0,0,0,0,0,0,0,0
2756,exact,7,9,8,0,0,0,0,0,0,0,0,0
2757,near,3,4,3,0,0,0,0,0,0,0,0,0
2758,near,9,50,17,4,4,4,4,4,4,4,4,3
2759,exact,5,6,1,0,0,0,0,0,0,0,0,0
2760,near,1,2,2,0,0,0,0,0,0,0,0,0
2761,exact,2,3,1,0,0,0,0,0,0,0,0,0
2762,exact,7,10,1,0,0,0,0,0,0,0,0,0
2763,near,9,41,22,0,0,0,1,1,1,0,0,0
2764,near,3,4,2,0,0,0,0,0,0,0,0,0
2765,exact,6,7,1,0,0,0,0,0,0,0,0,0
2766,exact,5,5,2,0,0,0,0,0,0,0,0,0
2767,exact,8,16,8,0,0,0,0,0,0,0,0,0
2768,near,0,1,2,0,0,0,0,0,0,0,0,0
2769,near,5,6,2,0,1,0,1,1,0,0,1,0
2770,near,3,4,1,0,0,0,0,0,0,0,0,0
2771,exact,3,4,1,0,0,0,0,0,0,0,0,0
2772,exact,3,4,1,0,0,0,0,0,0,0,0,0
2773,exact,6,7,3,0,0,0,0,0,0,0,0,0
2774,exact,7,11,5,0,0,0,0,0,0,0,0,0
2775,exact,5,6,1,0,0,0,1,0,0,0,0,0
2776,exact,0,0,3,0,0,0,0,0,0,0,0,0
2777,far,8,14,3,0,0,0,0,0,0,0,0,0
2778,near,5,6,2,0,0,0,0,0,0,0,0,0
2779,exact,5,5,1,0,0,0,0,0,0,0,0,0
2780,exact,9,58,31,2,1,0,2,1,0,1,1,1
2781,exact,6,7,1,0,0,0,0,0,0,0,0,0
2782,near,2,3,2,0,0,0,0,0,0,0,0,0
2783,exact,7,11,2,0,0,0,0,0,0,0,0,0
2784,near,6,7,2,0,0,0,0,0,0,0,0,0
2785,near,7,12,2,0,0,0,0,0,0,0,0,0
2786,far,9,58,26,1,0,0,1,0,0,0,0,1
2787,exact,1,2,3,0,0,0,0,0,0,0,0,0
2788,far,1,2,1,0,0,0,0,0,0,0,0,0
2790,near,5,5,1,0,0,0,0,0,0,0,0,0
2791,exact,0,1,4,0,0,0,0,0,0,0,0,0
2793,near,7,10,4,0,0,0,0,0,0,0,0,0
2794,exact,8,16,4,0,0,0,0,0,0,0,0,0
2795,near,3,4,1,0,0,0,0,0,0,0,0,0
2796,exact,8,13,4,0,0,0,0,0,0,0,0,1
2797,exact,7,9,2,0,0,0,0,0,0,0,0,0
2798,far,0,0,4,0,0,0,0,0,0,0,0,0
2799,far,9,33,6,0,0,0,0,0,0,0,0,0
2800,near,5,6,1,0,0,0,0,0,0,0,0,0
2801,exact,9,25,15,0,0,0,0,0,0,0,0,0
2803,exact,6,8,1,0,0,0,0,0,0,0,0,0
2804,far,5,5,3,0,0,0,0,0,0,0,0,0
2805,near,9,49,14,4,3,4,2,4,4,2,2,3
2806,exact,8,13,6,0,0,0,0,0,0,0,0,0
2808,exact,6,7,5,2,1,2,2,1,2,2,0,2
2809,near,9,39,8,1,1,1,1,1,1,1,1,1
2810,exact,1,2,2,0,0,0,0,0,0,0,0,0
2811,near,5,5,1,0,0,0,0,0,0,0,0,0
2812,exact,6,8,4,0,0,0,0,0,0,0,0,0
2813,far,7,9,2,0,0,0,0,0,0,0,0,0
2814,far,2,3,3,0,0,0,0,0,0,0,0,0
2815,near,8,20,8,0,0,0,0,0,0,0,0,0
2816,exact,5,5,3,1,1,1,1,1,1,1,1,1
2817,exact,8,13,3,0,0,0,0,0,0,0,0,0
2818,exact,8,13,9,0,0,0,0,0,0,0,0,0
2819,exact,9,25,5,0,0,0,0,0,0,0,0,0
2820,far,9,53,23,0,0,0,0,0,0,1,0,0
2821,far,5,5,1,0,0,0,0,0,0,0,0,0
2822,exact,5,5,1,0,0,0,0,0,0,0,0,0
2823,far,8,15,6,0,0,0,0,0,0,0,0,0
2824,near,5,5,1,0,0,0,0,0,0,0,0,0
2825,far,9,65,32,1,5,1,0,4,1,0,2,0
2826,exact,8,14,6,1,1,1,1,1,1,1,1,1
2827,near,2,3,2,0,0,0,0,0,0,0,0,0
2828,exact,9,22,14,0,0,0,0,0,0,0,0,0
2829,near,8,19,5,0,0,0,0,0,0,0,0,0
2830,exact,1,2,1,0,0,0,0,0,0,0,0,0
2831,exact,0,1,4,0,0,0,0,0,0,0,0,0
2833,exact,6,8,4,0,0,0,0,0,0,0,0,0
2834,exact,2,3,1,0,0,0,0,0,0,0,0,0
2835,far,9,51,14,6,7,5,6,7,5,6,4,5
2836,near,8,13,2,0,0,0,0,0,0,0,0,0
2837,exact,8,14,4,0,0,0,0,0,0,0,0,0
2838,exact,8,16,7,0,0,0,0,0,0,0,0,0
2839,exact,1,2,2,0,0,0,0,0,0,0,0,0
2840,exact,1,2,2,0,0,0,0,0,0,0,0,0
2842,exact,5,6,3,0,0,0,0,0,0,0,0,0
2843,near,7,9,4,0,0,0,0,0,0,0,0,0
2844,exact,8,21,12,1,0,1,1,0,1,0,0,1
2845,exact,7,10,4,0,0,0,0,0,0,0,0,0
2846,exact,1,2,2,0,0,0,0,0,0,0,0,0
2847,far,5,6,1,0,0,0,0,0,0,0,0,0
2848,near,2,3,1,0,0,0,0,0,0,0,0,0
2849,exact,9,83,30,0,2,2,0,1,0,0,1,0
2850,exact,1,2,2,0,0,0,0,0,0,0,0,0
2851,exact,1,2,4,0,0,0,0,0,0,0,0,0
2852,near,7,9,2,0,0,0,0,0,0,0,0,0
2853,exact,2,3,3,0,0,0,0,0,0,0,0,0
2854,near,6,7,2,0,0,0,0,0,0,0,0,0
2855,far,7,9,4,0,0,0,0,0,0,0,0,0
2856,far,1,2,1,0,0,0,0,0,0,0,0,0
2858,near,2,3,2,0,0,0,0,0,0,0,0,0
2859,exact,6,8,1,0,0,0,0,0,0,0,0,0
2860,far,1,2,1,0,0,0,0,0,0,0,0,0
2861,exact,3,4,2,0,0,0,0,0,0,0,0,0
2862,exact,3,4,1,0,0,0,0,0,0,0,0,0
2863,near,1,2,2,0,0,0,0,0,0,0,0,0
2864,near,2,3,4,0,0,0,0,0,0,0,0,0
2865,exact,3,4,3,0,0,0,0,0,0,0,0,0
2866,exact,9,76,28,12,2,6,10,3,7,8,2,2
2867,exact,3,4,1,0,0,0,0,0,0,0,0,0
2868,near,6,7,2,0,0,0,0,0,0,0,0,0
2869,exact,3,4,1,0,0,0,0,0,0,0,0,0
2870,exact,2,3,1,0,0,0,0,0,0,0,0,0
2872,exact,8,16,7,1,0,1,0,1,1,1,0,0
2873,exact,9,141,62,3,6,4,6,5,3,6,3,1
2874,exact,7,10,1,0,0,0,0,0,0,0,0,0
2875,exact,8,20,8,0,0,1,0,0,0,0,0,0
2876,exact,1,2,3,0,0,0,0,0,0,0,0,0
2877,exact,7,10,4,0,0,0,0,0,0,0,0,0
2878,near,5,6,3,0,0,0,0,0,0,0,0,0
2879,near,7,11,4,0,0,0,0,0,0,0,0,0
2880,near,0,1,3,0,0,0,0,0,0,0,0,0
2882,far,1,2,1,0,0,0,0,0,0,0,0,0
2883,exact,7,11,4,0,0,0,0,0,0,0,0,0
2884,exact,9,77,48,0,2,2,1,1,4,2,2,2
2885,near,6,8,4,0,0,0,0,0,0,0,0,0
2886,exact,2,3,1,0,0,0,0,0,0,0,0,0
2887,exact,8,15,5,0,0,0,0,0,0,0,0,0
2888,near,1,2,1,0,0,0,0,0,0,0,0,0
2889,near,6,8,1,0,0,0,0,0,0,0,0,0
2890,exact,6,7,5,0,0,0,0,0,0,0,0,0
2891,exact,8,13,4,0,0,0,0,0,0,0,0,0
2892,exact,2,3,1,0,0,0,0,0,0,0,0,0
2893,near,3,4,1,0,0,0,0,0,0,0,0,0
2894,exact,3,4,1,0,0,0,0,0,0,0,0,0
2895,near,2,3,1,0,0,0,0,0,0,0,0,0
2896,exact,2,3,1,0,0,0,0,0,0,0,0,0
2900,near,9,33,10,0,0,0,0,0,0,0,0,0
2901,exact,9,27,7,0,0,0,0,0,0,0,0,0
2902,exact,9,26,10,0,0,0,0,0,0,0,0,0
2903,exact,5,5,1,0,0,0,0,0,0,0,0,0
2904,near,1,2,3,0,0,0,0,0,0,0,0,0
2905,exact,2,3,1,0,0,0,0,0,0,0,0,0
2907,exact,9,23,7,0,0,0,0,1,0,0,0,0
2908,far,1,2,3,0,0,0,0,0,0,0,0,0
2909,near,3,4,2,0,0,0,0,0,0,0,0,0
2910,near,9,24,10,1,0,0,1,0,0,0,0,1
2911,exact,5,6,2,0,0,0,0,0,0,0,0,0
2912,exact,9,24,13,0,0,0,0,0,0,0,0,0
2913,near,6,7,5,0,0,0,0,0,0,0,0,0
2914,exact,8,15,3,0,0,0,0,0,0,0,0,0
2915,near,7,10,3,0,0,0,0,0,0,0,1,0
2916,exact,5,5,2,0,0,0,0,0,0,0,0,0
2917,far,6,8,1,0,0,0,0,0,0,0,0,0
2918,exact,0,1,1,0,0,0,0,0,0,0,0,0
2919,far,2,3,1,0,0,0,0,0,0,0,0,0
2920,exact,0,1,4,0,0,0,0,0,0,0,0,0
2921,far,9,28,13,3,3,3,3,3,3,3,3,2
2922,near,5,6,3,0,1,0,0,0,0,0,0,0
2925,near,3,4,3,0,0,0,0,0,0,0,0,0
2926,exact,7,10,4,0,0,1,0,0,0,0,0,0
2927,near,9,30,7,0,0,0,0,0,0,0,0,0
2928,near,3,4,1,0,0,0,0,0,0,0,0,0
2929,near,1,2,3,0,0,0,0,0,0,0,0,0
2932,exact,5,5,2,0,0,0,0,0,0,0,0,0
2933,exact,0,1,2,0,0,0,0,0,0,0,0,0
2934,exact,9,50,23,3,3,3,2,2,2,2,1,3
2935,exact,8,15,3,0,0,0,0,0,0,0,0,0
2936,near,2,3,4,0,0,0,0,0,0,0,0,0
2937,exact,1,2,2,0,0,0,0,0,0,0,0,0
2938,exact,1,2,1,0,0,0,0,0,0,0,0,0
2939,near,2,3,1,0,0,0,0,0,0,0,0,0
2940,near,2,3,2,0,0,0,0,0,0,0,0,0
2941,exact,1,2,2,0,0,0,0,0,0,0,0,0
2942,exact,5,5,4,1,1,1,1,1,1,1,1,0
2943,near,7,11,4,0,0,0,0,0,0,0,0,0
2944,near,5,6,2,0,0,0,0,0,0,0,0,0
2945,exact,7,9,1,0,0,0,0,0,0,0,0,0
2946,near,8,14,8,1,1,1,1,1,1,1,1,1
2947,near,6,8,1,1,0,0,1,0,1,0,0,0
2949,exact,9,117,57,1,2,3,2,2,3,3,2,3
2950,exact,3,4,2,0,0,0,0,0,0,0,0,0
2951,exact,2,3,2,0,0,0,0,0,0,0,0,0
2952,far,8,14,6,0,0,0,0,0,0,0,0,0
2953,near,7,10,4,0,0,0,0,0,0,0,0,0
2954,exact,7,11,4,0,0,0,0,0,0,0,0,0
2955,exact,3,4,1,0,0,0,0,0,0,0,0,0
2956,exact,9,216,101,11,12,12,10,16,18,12,16,15
2957,exact,6,7,3,0,0,0,0,0,0,0,0,0
2958,exact,8,15,7,0,0,0,0,0,0,0,0,0
2959,near,9,22,20,0,0,0,0,0,0,0,0,0
2960,far,2,3,3,0,0,0,0,0,0,0,0,0
2961,near,1,2,3,0,0,0,0,0,0,0,0,0
2962,near,3,4,2,0,0,0,0,0,0,0,0,0
2963,exact,8,16,5,0,0,0,0,0,0,0,0,0
2964,exact,6,7,2,0,0,0,0,0,0,0,0,0
2966,near,5,5,3,0,0,0,0,0,0,0,0,0
2967,near,9,25,9,0,0,0,0,0,0,0,0,0
2968,exact,1,2,3,0,0,0,0,0,0,0,0,0
2969,exact,3,4,1,0,0,0,0,0,0,0,0,0
2970,near,7,9,1,0,0,0,0,0,0,0,0,0
2972,exact,9,26,5,0,0,0,0,0,0,0,0,0
2973,near,5,5,1,0,0,0,0,0,0,0,0,0
2974,exact,1,2,3,0,0,0,0,0,0,0,0,0
2975,far,6,7,1,0,0,0,0,0,0,0,0,0
2976,near,6,7,1,0,0,0,0,0,0,0,0,0
2978,far,8,20,1,0,0,0,0,0,0,0,0,0
2980,exact,8,18,1,0,0,0,0,0,0,0,0,0
2981,far,5,5,4,0,0,0,0,0,0,0,0,0
2983,near,8,15,10,0,0,0,0,0,0,0,0,0
2984,exact,1,2,2,0,0,0,0,0,0,0,0,0
2985,exact,6,7,2,0,0,0,0,0,0,0,0,0
2986,exact,7,12,4,0,0,0,0,0,0,0,0,0
2987,exact,1,2,1,0,0,0,0,0,0,0,0,0
2988,exact,3,4,4,0,0,0,0,0,0,0,0,0
2989,far,9,34,8,0,0,0,0,0,0,0,0,0
2990,exact,3,4,2,0,0,0,0,0,0,0,0,0
2991,exact,6,8,4,0,0,0,0,0,0,0,0,0
2992,far,7,11,3,0,0,0,0,0,0,0,0,0
2993,near,7,12,9,0,0,0,0,0,0,0,0,0
2994,exact,2,3,2,0,0,0,0,0,0,0,0,0
2995,near,2,3,1,0,0,0,0,0,0,0,0,0
2996,exact,8,19,8,0,0,0,0,0,0,0,0,0
2997,near,2,3,2,0,0,0,0,0,0,0,0,0
2998,near,2,3,3,0,0,0,0,0,0,0,0,0
2999,exact,7,11,4,0,0,0,0,0,0,0,0,0
3000,far,2,3,1,0,0,0,0,0,0,0,0,0
3001,exact,9,38,26,3,3,2,3,3,3,3,1,3
3002,exact,5,6,2,0,0,0,0,0,0,0,0,0
3004,exact,2,3,2,0,0,0,0,0,0,0,0,0
3005,exact,1,2,2,0,0,0,0,0,0,0,0,0
3006,near,6,7,3,0,0,0,0,0,0,0,0,0
3007,near,2,3,1,0,0,0,0,0,0,0,0,0
3008,far,5,5,4,0,0,0,0,0,0,0,0,0
3009,exact,3,4,1,0,0,0,0,0,0,0,0,0
3010,near,5,5,4,0,0,0,0,0,0,0,0,0
3011,near,6,7,6,0,0,0,0,0,0,0,0,0
3012,near,3,4,1,0,0,0,0,0,0,0,0,0
3013,far,3,4,1,0,0,0,0,0,0,0,0,0
3014,near,8,13,1,0,0,0,0,0,0,0,0,0
3015,exact,2,3,2,0,0,0,0,0,0,0,0,0
3017,exact,7,9,2,0,0,0,0,0,0,0,0,0
3018,exact,9,34,14,1,1,1,2,1,1,1,1,1
3019,exact,6,7,1,0,0,0,0,0,0,0,0,0
3020,near,0,1,6,0,0,0,0,0,0,0,0,0
3021,near,6,7,3,0,0,0,0,0,0,0,0,0
3022,near,5,5,4,0,0,0,0,0,0,0,0,0
3023,far,0,1,1,0,0,0,0,0,0,0,0,0
3024,near,2,3,2,0,0,0,0,0,0,0,0,0
3025,exact,2,3,3,0,0,0,0,0,0,0,0,0
3026,exact,2,3,1,0,0,0,0,0,0,0,0,0
3027,near,5,5,1,0,0,0,0,0,0,0,0,0
3029,near,9,73,28,3,2,2,2,2,1,2,1,1
3030,far,2,3,2,0,0,0,0,0,0,0,0,0
3031,far,7,10,4,0,0,0,0,0,0,0,0,0
3032,exact,1,2,1,0,0,0,0,0,0,0,0,0
3033,exact,0,1,3,0,0,0,0,0,0,0,0,0
3034,exact,5,5,6,0,0,0,0,0,0,0,0,0
3035,near,9,23,8,0,0,0,0,0,0,0,0,0
3036,exact,8,15,8,1,0,0,0,0,0,1,0,0
3037,far,9,43,19,1,0,0,0,0,0,0,1,0
3038,exact,6,7,3,0,0,0,0,0,0,0,0,0
3039,near,9,27,9,0,0,0,1,0,0,0,0,0
3040,exact,6,7,3,0,0,0,0,0,0,0,0,0
3041,exact,3,4,2,0,0,0,0,0,0,0,0,0
3042,near,7,11,1,0,0,0,0,0,0,0,0,0
3043,exact,2,3,5,0,0,0,0,0,0,0,0,0
3044,exact,8,17,10,0,0,0,0,0,0,0,0,0
3047,exact,2,3,2,0,0,0,0,0,0,0,0,0
3048,near,9,138,63,2,1,5,4,5,3,4,3,2
3049,near,3,4,2,0,0,0,0,0,0,0,0,0
3050,exact,3,4,2,0,0,0,0,0,0,0,0,0
3051,near,9,25,13,0,0,0,0,0,0,0,0,0
3052,near,3,4,6,0,0,0,0,0,0,0,0,0
3053,near,9,23,9,1,1,0,1,1,1,1,0,0
3055,near,1,2,2,0,0,0,0,0,0,0,0,0
3056,near,0,1,4,0,0,0,0,0,0,0,0,0
3057,exact,7,11,3,0,0,0,0,0,0,0,0,0
3058,far,9,32,16,0,1,1,1,1,1,0,1,0
3059,exact,2,3,2,0,0,0,0,0,0,0,0,0
3060,exact,2,3,1,0,0,0,0,0,0,0,0,0
3061,far,8,17,9,0,0,0,0,0,0,0,0,0
3062,exact,2,3,1,0,0,0,0,0,0,0,0,0
3063,near,0,1,1,0,0,0,0,0,0,0,0,0
3064,exact,8,21,4,0,0,0,0,0,0,0,0,0
3065,exact,2,3,1,0,0,0,0,0,0,0,0,0
3066,near,5,5,1,0,0,0,0,0,0,0,0,0
3067,near,6,7,3,0,0,0,0,0,0,0,0,0
3068,near,8,13,4,0,0,0,0,0,0,0,0,0
3069,exact,3,4,5,0,0,0,0,0,0,0,0,0
3070,near,0,1,4,0,0,0,0,0,0,0,0,0
3071,near,1,2,1,0,0,0,0,0,0,0,0,0
3072,exact,7,11,6,0,0,0,0,0,0,0,0,0
3073,near,7,11,1,0,0,0,0,0,0,0,0,0
3074,near,7,10,1,0,1,0,1,1,0,0,0,0
3075,exact,9,26,3,0,0,0,0,0,0,0,0,1
3076,exact,9,59,20,1,0,1,1,0,0,0,0,1
3077,near,5,5,4,0,0,0,0,0,0,0,0,0
3078,near,8,15,8,0,0,0,0,0,0,0,0,0
3079,exact,3,4,1,0,0,0,0,0,0,0,0,0
3080,exact,7,10,1,0,0,0,0,0,0,0,0,0
3081,exact,5,5,2,0,0,0,0,0,0,0,0,0
3082,near,2,3,1,0,0,0,0,0,0,0,0,0
3083,near,5,6,2,0,0,0,0,0,0,0,0,0
3084,exact,3,4,1,0,0,0,0,0,0,0,0,0
3085,exact,1,2,3,0,0,0,0,0,0,0,0,0
3086,far,7,10,2,0,0,0,0,0,0,0,0,0
3087,exact,9,27,10,1,0,0,1,0,0,0,0,0
3088,exact,2,3,1,0,0,0,0,0,0,0,0,0
3089,far,6,8,1,0,0,0,0,0,0,0,0,0
3090,exact,8,13,5,0,0,0,0,0,0,0,0,0
3091,near,7,9,3,0,0,0,0,0,0,0,0,0
3092,near,7,9,5,0,0,0,0,0,0,0,0,0
3093,exact,2,3,4,0,0,0,0,0,0,0,0,0
3094,near,3,4,1,0,0,0,0,0,0,0,0,0
3095,exact,5,6,1,1,0,0,0,0,0,0,0,0
3096,near,3,4,1,0,0,0,0,0,0,0,0,0
3097,near,7,12,12,0,1,0,0,0,0,0,1,0
3098,near,9,29,17,0,0,0,0,1,1,0,0,0
3099,near,0,1,2,0,0,0,0,0,0,0,0,0
3100,exact,9,71,43,6,1,0,5,4,1,5,0,0
3101,exact,7,10,1,0,0,0,0,0,0,0,0,0
3102,exact,0,0,4,0,0,0,0,0,0,0,0,0
3103,near,1,2,2,0,0,0,0,0,0,0,0,0
3106,near,8,14,10,0,0,0,0,0,0,0,0,0
3107,near,9,22,13,1,1,2,1,2,2,1,1,2
3108,near,8,15,7,0,0,0,0,0,0,0,0,0
3110,exact,2,3,2,0,0,0,0,0,0,0,0,0
3112,exact,6,7,7,0,0,0,0,0,0,0,0,0
3113,exact,9,22,13,4,4,5,5,5,4,4,4,5
3114,near,7,12,2,1,1,1,1,1,1,1,1,1
3115,exact,7,12,2,0,0,0,0,0,0,0,0,0
3116,near,8,19,9,0,0,0,0,0,1,0,0,0
3117,far,3,4,4,1,1,0,0,1,1,0,0,0
3118,exact,7,10,8,4,1,2,4,2,2,2,2,5
3119,exact,7,11,2,0,0,0,0,0,0,0,0,0
3120,exact,2,3,1,0,0,0,0,0,0,0,0,0
3121,exact,7,11,8,0,0,0,0,0,0,0,0,0
3122,exact,5,5,2,0,0,0,0,0,0,0,0,0
3123,near,3,4,3,0,0,0,0,0,0,0,0,0
3124,near,7,10,1,0,0,0,0,0,0,0,0,0
3125,near,3,4,2,0,0,0,0,0,0,0,0,0
3126,near,8,18,7,0,0,0,0,0,0,0,1,0
3128,near,1,2,2,0,0,0,0,0,0,0,0,0
3129,near,0,1,4,0,0,0,0,0,0,0,0,0
3130,exact,2,3,2,0,0,0,0,0,0,0,0,0
3131,exact,5,5,1,0,0,0,0,0,0,0,0,0
3132,exact,7,11,6,0,0,0,0,0,0,0,0,0
3134,far,3,4,1,0,0,0,0,0,0,0,0,0
3135,exact,7,9,6,0,0,0,0,0,0,0,0,0
3137,near,2,3,1,0,0,0,0,0,0,0,0,0
3138,near,2,3,4,0,0,0,0,0,0,0,0,0
3140,exact,5,5,3,0,0,0,0,0,0,0,0,0
3141,near,7,11,1,0,0,0,0,0,0,0,0,0
3142,exact,5,6,3,0,0,0,0,0,0,0,0,1
3143,far,6,7,4,0,0,0,0,0,0,0,0,0
3144,near,6,8,1,0,0,0,0,0,0,0,0,0
3145,near,7,12,8,0,0,0,0,0,0,0,0,0
3146,near,1,2,5,0,0,0,0,0,0,0,0,0
3147,exact,6,7,3,0,0,0,0,0,0,0,0,0
3148,near,7,10,5,0,0,0,0,0,0,0,0,0
3149,exact,3,4,1,0,0,0,0,0,0,0,0,0
3150,near,1,2,1,0,0,0,0,0,0,0,0,0
3151,near,1,2,2,0,0,0,0,0,0,0,0,0
3152,near,7,11,5,2,1,0,0,1,1,0,1,1
3153,near,8,18,4,0,0,0,0,0,0,0,0,0
3154,exact,6,8,5,0,0,0,0,0,0,0,0,0
3155,near,8,20,8,0,0,0,1,0,1,0,1,0
3156,near,9,30,10,3,3,1,3,3,2,3,4,3
3157,exact,8,18,4,0,1,0,0,0,0,0,1,0
3158,exact,6,7,2,0,0,0,0,0,0,0,0,0
3159,near,2,3,8,0,0,0,0,0,0,0,0,0
3160,exact,6,8,1,0,0,0,0,0,0,0,0,0
3161,near,1,2,6,0,0,0,0,0,0,0,0,0
3162,far,6,7,1,0,0,0,0,0,0,0,0,0
3163,near,2,3,2,0,0,0,0,0,0,0,0,0
3164,near,9,31,12,0,0,0,1,0,1,0,0,0
3165,exact,9,28,16,0,0,0,0,0,0,0,0,0
3166,near,9,39,10,0,0,0,0,0,0,0,0,0
3167,near,5,6,4,0,0,0,0,0,0,0,0,0
3169,near,5,5,3,0,0,0,0,0,0,0,0,0
3170,exact,2,3,3,0,0,0,0,0,0,0,0,0
3171,near,3,4,2,0,0,0,0,0,0,0,0,0
3172,exact,6,7,4,0,0,0,0,0,0,0,0,0
3173,exact,9,30,17,0,0,2,1,0,1,0,0,0
3174,near,3,4,2,0,0,0,0,0,0,0,0,0
3175,exact,3,4,1,0,0,0,0,0,0,0,0,0
3176,near,2,3,2,0,0,0,0,0,0,0,0,0
3177,exact,2,3,4,0,0,0,0,0,0,0,0,0
3178,exact,7,9,2,0,0,0,0,0,0,0,0,0
3179,exact,3,4,1,0,0,0,0,0,0,0,0,0
3180,near,8,16,4,0,0,0,0,0,0,0,0,0
3181,near,3,4,1,0,0,0,0,0,0,0,0,0
3182,near,5,5,5,0,0,0,0,0,0,0,0,0
3183,near,9,52,14,2,2,0,1,3,0,0,2,0
3184,near,8,16,6,0,0,0,0,0,0,0,0,0
3185,exact,0,1,1,0,0,0,0,0,0,0,0,0
3186,near,7,12,4,0,0,0,0,0,0,0,0,0
3187,exact,2,3,1,0,0,0,0,0,0,0,0,0
3188,exact,1,2,2,0,0,0,0,0,0,0,0,0
3189,near,2,3,2,0,0,0,0,0,0,0,0,0
3190,near,2,3,3,0,0,0,0,0,0,0,0,0
3191,exact,1,2,3,0,0,0,0,0,0,0,0,0
3192,far,5,6,3,0,0,0,0,0,0,0,0,0
3193,exact,7,9,6,0,0,0,0,0,0,0,0,0
3194,exact,8,16,13,0,0,0,0,0,0,0,0,0
3195,exact,2,3,2,0,0,0,0,0,0,0,0,0
3197,exact,0,0,2,0,0,0,0,0,0,0,0,0
3198,exact,1,2,2,0,0,0,0,0,0,0,0,0
3199,exact,7,9,1,0,0,0,0,0,0,0,0,0
3200,exact,1,2,1,0,0,0,0,0,0,0,0,0
3201,near,8,19,9,0,0,0,1,0,0,0,0,0
3202,near,8,20,7,0,0,0,0,0,0,0,0,0
3203,exact,7,11,6,0,0,0,0,0,0,0,0,0
3204,near,6,8,1,0,0,0,0,0,0,0,0,0
3205,exact,0,1,2,0,0,0,0,0,0,0,0,0
3206,near,5,6,4,0,0,0,0,0,0,0,0,0
3207,exact,2,3,1,0,0,0,0,0,0,0,0,0
3208,near,6,8,4,0,0,0,0,0,0,0,0,0
3210,far,6,8,1,0,0,0,0,0,0,0,0,0
3212,near,5,5,3,0,0,0,0,0,0,0,0,0
3213,near,8,19,7,0,0,0,0,0,0,0,0,0
3214,exact,3,4,2,0,0,0,0,0,0,0,0,0
3215,exact,5,5,2,0,0,0,0,0,0,0,0,0
3216,near,5,6,2,0,0,0,0,0,0,0,0,0
3217,near,2,3,1,0,0,0,0,0,0,0,0,0
3218,far,5,5,2,0,0,0,0,0,0,0,0,0
3219,exact,3,4,2,0,0,0,0,0,0,0,0,0
3220,near,7,12,3,0,0,0,0,0,0,0,0,0
3221,exact,6,8,3,1,1,1,1,1,1,1,1,1
3222,exact,7,10,1,0,0,0,0,0,0,0,0,0
3223,exact,0,1,1,0,0,0,0,0,0,0,0,0
3224,exact,7,10,4,2,2,2,2,2,2,2,2,2
3225,exact,5,5,1,0,0,0,0,0,0,0,0,0
3226,exact,8,20,8,1,0,0,0,0,0,0,0,0
3228,exact,8,13,5,0,0,0,0,0,0,0,0,0
3229,near,0,1,2,0,0,0,0,0,0,0,0,0
3230,exact,5,5,1,0,0,0,0,0,0,0,0,0
3231,exact,2,3,2,0,0,0,0,0,0,0,0,0
3232,exact,0,1,2,0,0,0,0,0,0,0,0,0
3233,near,1,2,4,0,0,0,0,0,0,0,0,0
3235,exact,6,8,11,0,0,0,0,0,0,0,0,0
3236,near,7,10,5,0,0,0,0,0,0,0,0,0
3237,exact,1,2,2,0,0,0,0,0,0,0,0,0
3238,exact,7,10,7,0,0,0,0,0,0,0,0,0
3239,exact,1,2,3,0,0,0,0,0,0,0,0,0
3240,exact,0,1,2,0,0,0,0,0,0,0,0,0
3241,near,5,6,2,0,0,0,0,0,0,0,0,0
3242,near,3,4,1,0,0,0,0,0,0,0,0,0
3245,exact,2,3,1,0,0,0,0,0,0,0,0,0
3246,far,3,4,3,0,0,0,0,0,0,0,0,0
3247,near,9,105,60,1,0,1,2,2,2,3,1,1
3248,exact,7,12,5,0,0,0,0,0,0,0,0,0
3249,exact,7,10,3,0,0,0,0,0,0,0,0,0
3250,exact,1,2,2,0,0,0,0,0,0,0,0,0
3252,exact,5,5,2,0,0,0,0,0,0,0,0,0
3253,near,7,9,2,0,0,0,0,0,0,0,0,0
3254,near,2,3,2,0,0,0,0,0,0,0,0,0
3256,exact,5,5,1,0,0,0,0,0,0,0,0,0
3257,exact,8,13,3,0,0,0,0,0,0,0,0,0
3258,exact,5,6,1,0,0,0,0,0,0,0,0,0
3259,near,5,6,1,0,0,0,0,0,0,0,0,0
3260,exact,8,18,10,0,1,0,0,1,0,0,1,0
3261,exact,5,6,5,0,0,0,0,0,0,0,0,0
3262,near,1,2,1,0,0,0,0,0,0,0,0,0
3263,exact,3,4,2,0,0,0,0,0,0,0,0,0
3264,near,7,10,1,0,0,0,0,0,0,0,0,0
3266,exact,7,12,6,0,0,0,0,0,0,0,0,0
3270,exact,1,2,4,0,0,0,0,0,0,0,0,0
3271,exact,6,8,3,0,0,0,0,0,0,0,0,0
3272,exact,2,3,5,0,0,0,0,0,0,0,0,0
3273,exact,0,1,6,0,0,0,0,0,0,0,0,0
3274,exact,0,1,2,0,0,0,0,0,0,0,0,0
3275,exact,8,14,6,0,0,0,0,0,0,0,0,0
3276,near,5,6,2,0,0,0,0,0,0,0,0,0
3277,exact,5,6,2,0,0,0,0,0,0,0,0,0
3278,exact,7,9,3,0,0,0,0,0,0,0,0,0
3279,exact,6,7,4,0,0,0,0,0,0,0,0,0
3280,exact,1,2,3,0,0,0,0,0,0,0,0,0
3281,exact,5,6,2,0,0,0,0,0,0,0,0,0
3282,exact,2,3,1,1,0,1,1,0,1,1,0,1
3283,exact,2,3,2,0,0,0,0,0,0,0,0,0
3284,near,6,7,1,0,0,0,0,0,0,0,0,0
3285,exact,5,5,3,0,0,0,0,0,0,0,0,0
3286,exact,0,1,2,0,0,0,0,0,0,0,0,0
3287,exact,2,3,3,0,0,0,0,0,0,0,0,0
3288,exact,5,5,4,0,0,0,0,0,0,0,0,0
3289,near,7,10,4,0,0,0,0,0,0,0,0,0
3290,far,6,7,2,0,0,0,0,0,0,0,0,0
3291,exact,2,3,2,0,0,0,0,0,0,0,0,0
3293,near,1,2,1,0,0,0,0,0,0,0,0,0
3296,exact,2,3,6,0,0,0,0,0,0,0,0,0
3297,near,2,3,2,0,0,0,0,0,0,0,0,0
3298,near,8,13,2,1,1,1,1,1,1,1,1,1
3299,exact,6,7,1,0,0,0,0,0,0,0,0,0
3300,exact,3,4,1,0,0,0,0,0,0,0,0,0
3301,exact,9,53,17,0,0,0,1,0,0,1,0,0
3302,far,1,2,4,0,0,0,0,0,0,0,0,0
3303,near,6,8,4,0,0,0,0,0,0,0,0,0
3304,exact,0,1,2,0,0,0,0,0,0,0,0,0
3305,exact,9,31,14,1,3,2,2,3,4,1,1,2
3307,exact,7,10,3,0,0,0,0,0,0,0,0,0
3308,near,5,5,2,0,0,0,0,0,0,0,0,0
3309,near,1,2,3,0,0,0,0,0,0,0,0,0
3311,near,8,17,2,0,0,0,0,0,0,0,0,0
3312,exact,9,27,14,1,1,1,2,2,1,1,0,1
3313,exact,6,8,4,0,0,0,0,0,0,0,0,0
3315,near,7,11,8,0,0,0,0,0,0,0,0,0
3316,exact,3,4,1,0,0,0,0,0,0,0,0,0
3317,exact,3,4,3,0,0,0,0,0,0,0,0,0
3318,far,9,33,13,1,0,0,1,2,1,1,0,0
3319,near,3,4,3,0,0,0,0,0,0,0,0,0
3321,near,5,6,2,0,0,0,0,0,0,0,0,0
3322,far,5,5,1,0,0,0,0,0,0,0,0,0
3323,near,5,5,3,0,0,0,0,0,0,0,0,0
3325,near,3,4,2,0,0,0,0,0,0,0,0,0
3326,exact,6,7,3,0,0,0,0,0,0,0,0,0
3327,exact,7,11,2,0,0,0,0,0,0,0,0,0
3328,exact,2,3,2,0,1,0,0,0,0,0,1,0
3329,near,8,13,7,0,0,0,0,0,0,0,0,0
3330,near,9,94,43,2,0,2,2,0,3,3,2,2
3331,far,6,7,1,0,0,0,0,0,0,0,0,0
3332,near,9,24,12,0,0,0,0,0,0,0,0,0
3333,exact,9,49,16,0,1,1,0,0,0,0,0,1
3334,exact,5,5,3,0,0,0,0,0,0,0,0,0
3335,near,1,2,1,0,0,0,0,0,0,0,0,0
3337,near,5,6,3,0,0,0,0,0,0,0,0,0
3338,exact,8,16,1,0,0,0,0,0,0,0,0,0
3339,near,3,4,3,0,0,0,0,0,0,0,0,0
3340,exact,2,3,1,0,0,0,0,0,0,0,0,0
3341,exact,6,8,3,0,0,0,0,0,0,0,0,0
3342,far,2,3,3,0,0,0,0,0,0,0,0,0
3343,exact,3,4,1,0,0,0,0,0,0,0,0,0
3344,near,3,4,1,0,0,0,0,0,0,0,0,0
3345,far,2,3,1,0,0,0,0,0,0,0,0,0
3346,exact,1,2,2,0,0,0,0,0,0,0,0,0
3347,exact,3,4,3,0,0,0,0,0,0,0,0,0
3348,exact,6,8,3,0,0,0,0,0,0,0,0,0
3349,exact,8,15,7,0,0,0,0,0,0,0,0,0
3350,exact,5,6,3,0,0,0,0,0,0,0,0,0
3351,near,3,4,1,0,0,0,0,0,0,0,0,0
3352,near,8,13,4,1,1,0,1,1,0,0,1,0
3353,exact,3,4,1,0,0,0,0,0,0,0,0,0
3355,exact,5,6,1,0,0,0,0,0,0,0,0,0
3356,exact,5,6,3,0,0,0,0,0,0,0,0,0
3357,near,1,2,4,0,0,0,0,0,0,0,0,0
3358,exact,7,9,3,0,0,0,0,0,0,0,0,0
3359,exact,9,26,9,0,0,0,0,0,0,0,0,0
3360,near,1,2,2,0,0,0,0,0,0,0,0,0
3362,near,9,27,7,0,0,0,0,0,0,0,0,0
3364,exact,2,3,3,0,0,0,0,0,0,0,0,0
3365,near,6,7,2,0,0,0,0,0,0,0,0,0
3366,far,1,2,1,0,0,0,0,0,0,0,0,0
3367,near,2,3,1,0,0,0,0,0,0,0,0,0
3368,far,2,3,3,0,0,0,0,0,0,0,0,0
3370,near,3,4,2,0,0,0,0,0,0,0,0,0
3371,exact,5,5,4,0,0,0,0,0,0,0,0,0
3373,near,5,6,3,0,0,0,0,0,0,0,0,0
3374,near,3,4,1,0,0,0,0,0,0,0,0,0
3375,exact,3,4,2,0,0,0,0,0,0,0,0,0
3376,far,9,93,10,6,5,5,5,5,5,6,6,5
3377,exact,1,2,2,0,0,0,0,0,0,0,0,0
3378,near,9,25,3,0,0,0,0,0,0,0,0,0
3379,exact,9,97,28,3,1,5,3,4,5,2,2,2
3381,near,2,3,1,0,0,0,0,0,0,0,0,0
3382,near,3,4,2,0,0,0,0,0,0,0,0,0
3384,exact,0,1,4,0,0,0,0,0,0,0,0,0
3385,exact,5,5,4,0,0,0,0,0,0,0,1,0
3388,near,6,7,3,0,0,0,0,0,0,0,0,0
3389,exact,6,8,3,0,0,0,0,0,0,0,0,0
3390,exact,5,5,1,0,0,0,0,0,0,0,0,0
3391,near,7,10,2,0,0,0,0,0,0,0,0,0
3392,exact,7,9,2,0,0,0,0,0,0,0,0,0
3393,near,2,3,2,0,0,0,0,0,0,0,0,0
3394,near,2,3,2,0,0,0,0,0,0,0,0,0
3395,near,9,97,42,11,8,7,10,6,7,9,7,5
3396,near,5,6,2,0,0,0,0,0,0,0,0,0
3397,exact,2,3,3,0,0,0,0,0,0,0,0,0
3398,exact,5,5,4,0,0,0,0,0,0,0,0,0
3399,near,8,17,7,2,0,1,1,0,1,2,0,1
3400,exact,7,9,4,0,0,0,0,0,0,0,0,0
3401,near,5,6,3,0,0,0,0,0,0,0,0,0
3402,far,9,28,9,0,0,0,0,0,0,0,0,0
3403,exact,8,14,3,0,0,2,0,1,1,0,0,0
3404,near,5,5,1,0,0,0,0,0,0,0,0,0
3405,near,1,2,1,0,0,0,0,0,0,0,0,0
3406,far,5,6,2,0,0,0,0,0,0,0,0,0
3407,near,1,2,3,0,0,0,0,0,0,0,0,0
3409,near,8,13,1,0,0,0,0,0,0,0,0,0
3410,exact,9,206,70,30,30,28,29,32,30,29,31,28
3411,exact,8,20,9,2,2,2,2,2,2,2,2,2
3412,exact,2,3,1,0,0,0,0,0,0,0,0,0
3413,far,5,6,4,0,0,0,0,0,0,0,0,0
3414,exact,8,19,5,0,0,0,0,0,0,0,0,0
3416,exact,8,17,5,0,1,0,0,0,0,0,0,0
3417,exact,9,68,43,2,0,2,1,0,0,0,0,0
3418,exact,2,3,2,0,0,0,0,0,0,0,0,0
3419,near,5,5,1,0,0,0,0,0,0,0,0,0
3420,near,5,5,7,0,0,0,0,0,0,0,0,0
3421,exact,7,12,2,0,0,0,0,0,0,0,0,0
3423,exact,1,2,2,0,0,0,0,0,0,0,0,0
3424,exact,8,15,7,0,0,1,0,0,1,0,0,1
3425,exact,8,18,1,0,0,0,0,0,0,0,0,0
3426,exact,2,3,2,0,0,0,0,0,0,0,0,0
3428,near,6,8,2,1,2,1,1,2,1,2,2,2
3430,far,2,3,1,0,0,0,0,0,0,0,0,0
3431,near,3,4,1,0,0,0,0,0,0,0,0,0
3432,far,3,4,1,0,0,0,0,0,0,0,0,0
3433,exact,6,7,3,0,0,0,0,0,0,0,0,0
3434,exact,1,2,3,0,0,0,0,0,0,0,0,0
3435,near,2,3,2,0,0,0,0,0,0,0,0,0
3436,exact,5,6,1,0,0,0,0,0,0,0,0,0
3437,exact,2,3,1,0,0,0,0,0,0,0,0,0
3438,exact,8,19,8,1,0,0,1,0,1,1,0,0
3439,near,1,2,4,0,0,0,0,0,0,0,0,0
3440,near,2,3,1,0,0,0,0,0,0,0,0,0
3441,far,7,10,6,0,0,0,0,0,1,0,0,0
3442,exact,9,29,3,0,0,0,0,0,0,0,0,0
3443,near,9,65,19,2,0,3,1,0,1,1,3,1
3444,exact,2,3,1,0,0,0,0,0,0,0,0,0
3445,exact,5,6,3,0,0,0,0,0,0,0,0,0
3446,exact,7,11,4,0,0,0,0,0,0,0,0,0
3447,near,1,2,3,0,0,0,0,0,0,0,0,0
3448,exact,1,2,3,0,0,0,0,0,0,0,0,0
3449,near,0,1,2,0,0,0,0,0,0,0,0,0
3451,exact,2,3,1,0,0,0,0,0,0,0,0,0
3452,exact,5,5,2,0,0,0,0,0,0,0,0,0
3454,near,7,10,2,1,0,0,1,0,0,1,0,1
3455,near,6,8,6,1,0,0,1,0,0,0,1,0
3456,exact,9,65,41,0,1,0,2,1,1,1,1,0
3457,exact,7,12,1,0,0,0,0,0,0,0,0,0
3458,exact,9,35,8,1,1,2,1,1,2,1,1,1
3460,near,8,21,3,2,1,3,1,1,2,2,2,2
3461,near,3,4,4,0,0,0,0,0,0,0,0,0
3462,exact,5,6,6,0,0,0,0,1,0,0,0,0
3463,far,9,38,3,0,1,0,1,0,1,0,0,0
3464,exact,3,4,3,0,0,0,0,0,0,0,0,0
3465,exact,9,23,10,0,0,0,0,0,0,0,0,0
3466,near,9,23,10,0,0,0,0,0,0,1,0,0
3467,exact,5,5,1,0,0,0,0,0,0,0,0,0
3468,exact,5,5,1,0,0,0,0,0,0,0,0,0
3469,exact,8,13,5,3,3,1,3,3,1,3,3,1
3470,near,3,4,3,0,0,0,0,0,0,0,0,0
3471,near,8,14,3,1,0,1,1,1,0,0,0,0
3472,near,5,5,5,0,0,0,0,0,0,0,0,0
3473,exact,3,4,1,0,0,0,0,0,0,0,0,0
3474,exact,7,11,1,0,0,0,0,0,0,0,0,0
3475,near,6,8,4,0,0,0,0,0,0,0,0,0
3476,far,3,4,2,0,0,0,0,0,0,0,0,0
3479,exact,2,3,1,0,0,0,0,0,0,0,0,0
3480,exact,0,1,2,0,0,0,0,0,0,0,0,0
3481,exact,1,2,4,0,0,0,0,0,0,0,0,0
3482,exact,9,49,16,4,2,4,4,2,2,2,2,3
3483,exact,6,8,3,0,0,0,0,0,0,0,0,0
3484,exact,6,8,3,0,0,0,0,0,0,0,0,0
3485,far,2,3,2,0,0,0,0,0,0,0,0,0
3486,near,3,4,2,0,0,0,0,0,0,0,0,0
3487,exact,2,3,2,0,0,0,0,0,0,0,0,0
3488,near,7,11,2,0,0,0,0,0,0,0,0,0
3489,far,7,9,5,0,1,0,1,1,0,0,0,0
3490,exact,0,1,3,0,0,0,0,0,0,0,0,0
3491,exact,9,53,21,0,0,1,1,0,1,0,1,1
3492,exact,3,4,3,0,0,0,0,0,0,0,0,0
3493,near,7,9,1,1,1,1,1,1,1,1,1,1
3494,near,3,4,2,0,0,0,0,0,0,0,0,0
3495,near,1,2,3,0,0,0,0,0,0,0,0,0
3496,exact,5,6,3,0,0,0,0,0,0,0,0,0
3497,near,1,2,2,0,0,0,0,0,0,0,0,0
3499,near,6,7,1,0,0,0,0,0,0,0,0,0
3500,exact,0,1,3,0,0,0,0,0,0,0,0,0
3502,exact,5,5,2,0,0,0,0,0,0,0,0,0
3503,exact,2,3,1,0,0,0,0,0,0,0,0,0
3504,near,8,14,3,0,0,0,0,0,0,0,0,0
3505,near,6,8,1,0,0,0,0,0,0,0,0,0
3506,exact,2,3,2,0,0,0,0,0,0,0,0,0
3507,near,3,4,1,0,0,0,0,0,0,0,0,0
3508,exact,1,2,2,0,0,0,0,0,0,0,0,0
3509,exact,5,5,2,0,0,0,0,0,0,0,0,0
3510,exact,3,4,5,1,0,0,0,0,0,1,0,0
3511,exact,7,9,5,0,0,0,0,0,0,0,0,0
3512,near,1,2,1,0,0,0,0,0,0,0,0,0
3513,exact,6,8,7,0,0,0,0,0,0,0,0,0
3514,near,9,26,10,2,1,3,3,3,3,1,3,3
3515,near,9,24,10,0,0,0,0,1,0,0,0,0
3516,near,3,4,3,0,0,0,0,0,0,0,0,0
3517,near,2,3,2,0,0,0,0,0,0,0,0,0
3518,near,7,11,4,0,1,0,0,1,0,0,0,0
3519,exact,5,5,1,0,0,0,0,0,0,0,0,0
3520,exact,6,7,2,0,0,0,0,0,0,0,0,0
3521,near,3,4,2,0,0,0,0,0,0,0,0,0
3523,near,7,12,3,0,0,0,0,0,0,0,0,0
3524,near,5,5,1,0,0,0,0,0,0,0,0,0
3525,exact,6,8,2,0,0,0,0,0,0,0,0,0
3526,exact,7,11,4,0,2,0,0,0,0,2,1,0
3527,exact,7,11,4,0,1,0,0,0,0,0,1,0
3528,exact,2,3,2,0,0,0,0,0,0,0,0,0
3529,near,0,1,2,0,0,0,0,0,0,0,0,0
3530,exact,3,4,3,0,0,0,0,0,0,0,0,0
3531,exact,9,71,20,2,3,2,2,3,2,2,4,2
3532,near,7,12,7,0,1,0,0,0,0,0,0,0
3533,near,5,5,1,0,0,0,0,0,0,0,0,0
3534,far,6,8,3,0,0,0,0,0,0,0,0,0
3535,far,5,5,1,1,1,1,1,1,1,1,1,1
3536,near,3,4,2,0,0,0,0,0,0,0,0,0
3537,exact,5,6,5,0,0,0,0,0,0,0,0,0
3538,exact,5,5,1,0,0,0,0,0,0,0,0,0
3539,near,3,4,2,0,0,0,0,0,0,0,0,0
3541,exact,3,4,4,0,0,0,0,0,0,0,0,0
3542,exact,1,2,3,0,0,0,0,0,0,0,0,0
3543,near,3,4,2,0,0,0,0,0,0,0,0,0
3544,exact,8,13,3,0,0,0,0,0,0,0,0,0
3545,exact,2,3,2,0,0,0,0,0,0,0,0,0
3546,exact,2,3,1,0,0,0,0,0,0,0,0,0
3547,near,8,18,6,0,0,0,0,0,0,1,0,0
3548,exact,6,7,2,0,0,0,0,0,0,0,0,0
3550,exact,5,5,5,0,0,0,0,0,0,0,0,0
3551,exact,7,10,3,1,0,0,0,0,0,0,0,0
3552,near,0,1,3,0,0,0,0,0,0,0,0,0
3553,far,9,30,13,0,0,0,0,0,0,0,0,0
3554,exact,7,9,3,0,0,0,0,0,0,0,0,0
3555,exact,7,10,4,2,0,1,2,1,1,1,1,1
3556,near,5,5,2,0,0,0,0,0,0,0,0,0
3557,exact,3,4,1,0,0,0,0,0,0,0,0,0
3558,exact,2,3,1,0,0,0,0,0,0,0,0,0
3559,exact,5,5,2,0,0,0,0,0,0,0,0,0
3560,exact,0,1,5,0,0,0,0,0,0,0,0,0
3561,near,5,5,5,0,0,0,0,0,0,0,0,0
3563,far,9,55,20,0,1,0,0,1,0,0,1,0
3564,far,1,2,3,0,0,0,0,0,0,0,0,0
3565,exact,6,7,2,1,1,1,1,1,1,1,1,1
3566,exact,7,12,6,0,0,0,1,0,0,0,0,0
3567,near,8,16,5,0,0,0,0,0,0,0,0,0
3568,far,8,13,4,0,0,0,0,0,0,0,0,0
3569,near,5,6,7,0,0,0,0,0,0,0,0,0
3571,exact,5,6,2,0,0,0,0,0,0,0,0,0
3572,exact,5,5,5,0,0,0,0,0,0,0,0,0
3573,near,1,2,2,0,0,0,0,0,0,0,0,0
3575,near,8,18,11,0,0,0,0,0,0,0,0,0
3576,near,0,1,1,0,0,0,0,0,0,0,0,0
3579,exact,6,8,5,0,0,0,0,0,0,0,0,0
3580,near,5,5,3,0,0,0,0,0,0,0,0,0
3582,near,6,8,2,0,0,0,0,0,0,0,0,0
3584,near,9,55,26,0,1,0,0,1,0,1,0,0
3585,near,5,6,2,0,0,0,0,0,0,0,0,0
3586,far,1,2,2,0,0,0,0,0,0,0,0,0
3587,exact,1,2,3,0,0,0,0,0,0,0,0,0
3588,exact,1,2,1,0,0,0,0,0,0,0,0,0
3589,exact,8,16,7,0,0,0,0,0,0,0,0,0
3590,exact,7,9,2,0,0,0,0,0,0,0,0,0
3591,near,1,2,3,0,0,0,0,0,0,0,0,0
3592,near,2,3,2,0,0,0,0,0,0,0,0,0
3593,near,1,2,2,0,0,0,0,0,0,0,0,0
3594,near,2,3,1,0,0,0,0,0,0,0,0,0
3595,near,6,8,3,0,0,0,0,0,0,0,0,0
3596,exact,9,23,14,0,0,0,0,0,0,0,0,0
3597,near,5,6,1,0,0,0,0,0,0,0,0,0
3598,near,0,1,3,0,0,0,0,0,0,0,0,0
3599,near,9,47,22,0,0,0,1,0,1,0,0,0
3600,near,7,12,5,0,0,0,0,0,0,0,0,0
3601,exact,8,15,7,1,1,1,1,1,1,1,1,1
3602,near,5,6,3,0,0,0,0,0,0,0,0,0
3603,exact,9,43,12,0,0,0,0,1,0,0,0,0
3606,exact,5,5,1,0,0,0,0,0,0,0,0,0
3607,near,5,5,7,0,0,0,0,0,0,0,0,0
3608,far,1,2,2,0,0,0,0,0,0,0,0,0
3609,near,2,3,1,0,0,0,0,0,0,0,0,0
3610,near,8,14,6,0,0,0,0,0,0,0,0,0
3611,exact,1,2,2,0,0,0,0,0,0,0,0,0
3612,exact,2,3,2,0,0,0,0,0,0,0,0,0
3613,exact,8,13,5,0,0,0,0,0,0,0,0,0
3614,exact,9,26,10,0,0,0,0,0,0,0,0,0
3615,exact,3,4,2,0,0,0,0,0,0,0,0,0
3616,near,9,36,8,0,0,0,0,0,0,0,0,0
3617,far,2,3,3,0,0,0,0,0,0,0,0,0
3618,near,0,1,3,0,0,0,0,0,0,0,0,0
3619,far,1,2,2,0,0,0,0,0,0,0,0,0
3620,exact,8,20,5,0,0,0,1,0,0,0,0,0
3622,exact,1,2,2,0,0,0,0,0,0,0,0,0
3623,exact,3,4,2,0,0,0,0,0,0,0,0,0
3624,far,9,23,2,0,0,0,0,0,0,0,0,0
3625,near,2,3,2,0,0,0,0,0,0,0,0,0
3626,exact,6,7,1,0,0,0,0,0,0,0,0,0
3627,exact,1,2,1,0,0,0,0,0,0,0,0,0
3628,exact,5,5,1,0,0,0,0,0,0,0,0,0
3629,exact,6,7,3,0,0,0,0,0,0,0,0,0
3630,near,7,10,2,0,0,0,0,0,0,0,0,0
3631,near,5,5,2,0,0,0,0,0,0,0,0,0
3632,near,5,5,1,0,0,0,0,0,0,0,0,0
3633,exact,0,1,3,0,0,0,0,0,0,0,0,0
3635,near,6,7,3,0,0,0,0,0,0,0,0,1
3636,exact,0,1,3,0,0,0,0,0,0,0,0,0
3637,near,1,2,2,0,0,0,0,0,0,0,0,0
3638,near,6,7,1,0,0,0,0,0,0,0,0,0
3639,near,1,2,1,0,0,0,0,0,0,0,0,0
3640,exact,1,2,1,0,0,0,0,0,0,0,0,0
3641,near,3,4,2,0,0,0,0,0,0,0,0,0
3642,exact,0,1,5,0,0,0,0,0,0,0,0,0
3643,near,2,3,2,0,0,0,0,0,0,0,0,0
3644,near,8,14,6,0,0,0,0,0,0,0,0,0
3645,exact,8,13,3,0,0,0,0,0,0,0,0,0
3648,near,8,19,4,0,0,0,0,0,0,0,0,0
3649,near,2,3,1,0,0,0,0,0,0,0,0,0
3651,exact,0,1,1,0,0,0,0,0,0,0,0,0
3652,exact,2,3,2,0,0,0,0,0,0,0,0,0
3653,exact,3,4,1,0,0,0,0,0,0,0,0,0
3654,near,9,32,3,0,0,0,0,0,0,0,0,0
3655,near,2,3,1,0,0,0,0,0,0,0,0,0
3656,exact,5,6,1,0,0,0,0,0,0,0,0,0
3658,near,2,3,1,0,0,0,0,0,0,0,0,0
3659,exact,8,14,10,0,0,0,0,1,1,0,0,0
3660,exact,3,4,2,0,0,0,0,1,0,0,0,0
3661,exact,5,6,4,0,0,0,0,0,0,0,0,0
3662,exact,2,3,1,0,0,0,0,0,0,0,0,0
3663,near,6,8,4,0,0,0,0,0,0,0,0,0
3664,near,7,10,3,1,1,1,1,1,1,1,1,1
3665,exact,5,5,2,0,0,0,0,0,0,0,0,0
3666,exact,7,10,2,0,0,0,0,0,0,0,0,0
3667,near,1,2,2,0,0,0,0,0,0,0,0,0
3668,near,2,3,2,0,0,0,0,0,0,0,0,0
3669,far,3,4,1,0,0,0,0,0,0,0,0,0
3670,exact,5,5,6,0,0,0,0,0,0,0,0,0
3671,exact,2,3,1,0,0,0,0,0,0,0,0,0
3672,near,6,7,3,0,0,0,0,0,0,0,0,0
3673,far,7,9,4,0,0,0,0,0,0,0,0,0
3675,exact,8,14,3,0,0,0,0,0,0,0,0,0
3676,exact,5,6,5,0,0,0,0,0,0,0,0,0
3677,near,6,7,1,0,0,0,0,0,0,0,0,0
3678,exact,3,4,3,0,0,0,0,0,0,0,0,0
3679,exact,7,11,5,0,0,0,0,0,0,0,0,0
3680,far,3,4,1,0,0,0,0,0,0,0,0,0
3681,near,0,1,2,0,0,0,0,0,0,0,0,0
3682,far,8,14,2,0,0,0,0,0,0,0,0,0
3683,far,5,5,5,0,0,0,0,0,0,0,0,0
3684,exact,1,2,5,0,0,0,0,0,0,0,0,0
3685,exact,9,32,14,1,0,1,0,0,1,1,1,1
3686,far,9,67,22,0,0,3,1,0,0,0,0,1
3687,near,3,4,1,0,0,0,0,0,0,0,0,0
3688,near,3,4,3,0,0,0,0,0,0,0,0,0
3689,exact,0,1,2,0,0,0,0,0,0,0,0,0
3690,exact,6,7,6,0,0,0,0,0,0,0,0,0
3691,exact,9,50,19,2,0,1,3,1,1,2,0,1
3693,near,7,11,3,0,0,0,0,0,0,0,0,0
3694,far,9,44,19,4,2,0,3,0,0,3,2,0
3695,exact,1,2,1,0,0,0,0,0,0,0,0,0
3696,exact,3,4,4,0,0,0,0,0,0,0,0,0
3697,exact,1,2,1,0,0,0,0,0,0,0,0,0
3698,exact,6,8,2,0,0,0,0,0,0,0,0,0
3699,exact,1,2,1,0,0,0,0,0,0,0,0,0
3700,near,5,6,2,0,0,0,0,0,0,0,0,0
3701,near,5,6,3,0,0,0,0,0,0,0,0,0
3702,exact,9,61,26,4,3,4,3,1,1,3,1,2
3704,exact,3,4,5,0,0,0,0,0,0,0,0,0
3706,exact,3,4,1,0,0,0,0,0,0,0,0,0
3708,near,6,8,2,0,0,0,0,0,0,0,0,0
3709,exact,9,46,19,0,1,1,0,0,0,0,0,0
3710,near,3,4,1,0,0,0,0,0,0,0,0,0
3711,near,8,18,10,1,1,1,1,0,1,1,0,0
3712,near,8,17,5,0,0,0,0,0,0,0,0,0
3713,exact,2,3,2,0,0,0,0,0,0,0,0,0
3714,exact,2,3,4,0,0,0,0,0,0,0,0,0
3715,exact,1,2,1,0,0,0,0,0,0,0,0,0
3716,far,2,3,2,0,0,0,0,0,0,0,0,0
3717,far,8,15,4,0,0,0,0,0,1,0,0,0
3718,near,5,6,2,0,0,1,0,0,0,0,0,0
3719,exact,1,2,2,0,0,0,0,0,0,0,0,0
3720,exact,9,26,10,0,0,0,0,0,0,0,0,0
3721,near,2,3,2,0,0,0,0,0,0,0,0,0
3722,near,7,10,4,0,0,0,0,0,0,0,0,0
3724,exact,3,4,1,0,0,0,0,0,0,0,0,0
3726,exact,7,11,5,0,0,1,0,0,0,0,0,0
3727,far,2,3,5,0,0,0,0,0,0,0,0,0
3728,exact,8,13,3,0,0,0,0,0,0,0,0,0
3729,exact,9,22,7,0,0,0,0,0,0,0,0,0
3730,near,8,17,2,0,0,0,0,0,0,0,0,0
3731,near,3,4,1,0,0,0,0,0,0,0,0,0
3732,near,5,5,3,0,0,0,0,0,0,0,0,0
3733,exact,5,5,1,0,0,0,0,0,0,0,0,0
3734,far,5,5,2,0,0,0,0,0,0,0,0,0
3735,far,0,1,1,0,0,0,0,0,0,0,0,0
3736,near,3,4,1,0,0,0,0,0,0,0,0,0
3737,exact,3,4,4,0,0,0,0,0,0,0,0,0
3738,near,6,8,1,0,0,0,0,0,0,0,0,0
3739,exact,7,11,4,0,0,0,0,0,0,0,0,0
3740,near,6,7,2,0,0,0,0,0,0,0,0,0
3741,near,1,2,3,0,0,0,0,0,0,0,0,0
3742,near,2,3,2,0,0,0,0,0,0,0,0,0
3743,exact,8,19,10,0,0,0,0,0,0,0,1,0
3744,near,8,13,5,0,0,0,0,0,0,0,0,0
3745,near,3,4,1,0,0,0,0,0,0,0,0,0
3746,exact,6,7,3,0,0,0,0,0,0,0,0,0
3748,near,7,9,7,0,0,0,0,0,0,0,0,0
3749,exact,9,47,22,1,1,0,1,0,1,1,0,0
3750,near,1,2,1,0,0,0,0,0,0,0,0,0
3751,near,8,14,8,0,0,0,0,0,0,0,0,0
3753,exact,0,1,1,0,0,0,0,0,0,0,0,0
3754,exact,5,5,3,0,0,0,0,0,0,0,0,0
3755,exact,5,6,3,0,0,0,0,0,0,0,0,0
3756,exact,3,4,3,0,0,0,0,0,0,0,0,0
3757,near,1,2,3,0,0,0,0,0,0,0,0,0
3758,near,2,3,1,0,0,0,0,0,0,0,0,0
3759,exact,1,2,3,0,0,0,0,0,0,0,0,0
3761,far,5,5,2,0,0,0,0,0,0,0,0,0
3762,exact,2,3,1,0,0,0,0,0,0,0,0,0
3763,exact,1,2,3,0,0,0,0,0,0,0,0,0
3764,exact,9,29,7,0,0,0,0,0,0,1,0,0
3765,far,6,8,2,0,0,0,0,0,0,0,0,0
3766,near,7,12,4,0,0,0,0,0,0,0,0,0
3767,exact,2,3,2,0,0,0,0,0,0,0,0,0
3768,exact,9,53,19,2,0,0,1,0,0,1,0,0
3769,exact,2,3,3,1,1,1,1,1,1,1,1,1
3770,near,8,21,4,0,0,0,0,0,0,0,0,0
3771,near,7,11,4,0,0,0,0,0,0,0,0,0
3772,exact,6,7,1,0,0,0,0,0,0,0,0,0
3773,exact,9,34,11,2,3,2,2,3,2,3,3,1
3774,near,5,6,1,0,0,0,0,0,0,0,0,0
3775,exact,2,3,1,0,0,0,0,0,0,0,0,0
3776,near,8,13,1,0,0,0,0,0,0,0,0,0
3777,near,9,30,11,1,0,0,1,0,0,0,1,0
3778,far,9,34,12,0,0,0,0,0,0,0,0,0
3779,exact,2,3,1,0,0,0,0,0,0,0,0,0
3780,far,2,3,3,0,0,0,0,0,0,0,0,0
3781,exact,7,10,6,0,0,0,0,0,0,0,0,0
3782,near,5,5,1,0,0,0,0,0,0,0,0,0
3783,near,9,25,6,0,0,0,0,0,0,0,0,0
3784,near,8,19,4,0,0,0,0,0,0,0,0,0
3786,exact,3,4,1,0,0,0,0,0,0,0,0,0
3787,far,9,66,33,1,2,1,1,1,3,0,1,1
3788,far,3,4,1,0,0,0,0,0,0,0,0,0
3789,far,9,79,14,5,5,6,4,6,8,6,7,4
3790,near,9,41,8,3,4,3,3,3,3,3,3,3
3791,near,5,5,2,0,0,0,0,0,0,0,0,0
3792,near,2,3,1,1,1,1,1,1,1,1,1,1
3794,near,0,1,2,0,0,0,0,0,0,0,0,0
3795,exact,9,22,4,0,0,0,0,0,0,0,0,0
3796,exact,3,4,1,0,0,0,0,0,0,0,0,0
3797,exact,8,20,5,0,0,0,0,0,0,0,0,0
3798,near,7,10,6,0,0,0,0,0,0,0,0,0
3799,near,2,3,1,0,0,0,0,0,0,0,0,0
3800,exact,8,15,7,0,0,1,0,0,0,0,0,0
3801,exact,0,1,4,0,0,0,0,0,0,0,0,0
3802,near,3,4,4,0,0,0,0,0,0,0,0,0
3803,far,3,4,2,0,0,0,0,0,0,0,0,0
3804,near,8,14,5,0,0,0,0,0,0,0,0,0
3805,near,7,9,5,0,0,0,0,0,0,0,0,0
3806,near,5,5,1,0,0,0,0,0,0,0,0,0
3808,near,3,4,2,0,0,0,0,0,0,0,0,0
3809,exact,6,8,6,1,0,0,0,0,0,0,0,0
3810,exact,1,2,1,0,0,0,0,0,0,0,0,0
3811,near,1,2,2,0,0,0,0,0,0,0,0,0
3812,exact,8,15,8,0,0,0,0,0,0,0,0,0
3813,near,8,20,9,0,0,0,0,0,0,0,0,0
3814,near,1,2,3,0,0,0,0,0,0,0,0,0
3816,near,5,5,5,0,0,0,0,0,0,0,0,0
3817,near,2,3,2,0,0,0,0,0,0,0,0,0
3818,exact,0,1,2,0,0,0,0,0,0,0,0,0
3819,exact,0,1,1,0,0,0,0,0,0,0,0,0
3820,exact,3,4,2,0,0,0,0,0,0,0,0,0
3821,exact,2,3,4,0,0,0,0,0,0,0,0,0
3822,near,5,6,1,0,0,0,0,0,0,0,0,0
3823,exact,9,23,6,0,1,0,1,1,0,0,1,0
3824,far,6,7,4,0,0,0,0,0,0,0,0,0
3826,near,5,5,1,0,1,0,0,1,0,0,1,0
3827,near,2,3,4,0,0,0,0,0,0,0,0,0
3828,near,3,4,1,0,0,0,0,0,0,0,0,0
3829,exact,3,4,2,0,0,0,0,0,0,0,0,0
3831,far,2,3,1,0,0,0,0,0,0,0,0,0
3832,exact,9,38,9,0,0,0,0,0,0,0,0,0
3833,exact,2,3,1,0,0,0,0,0,0,0,0,0
3835,near,7,12,3,0,0,0,0,0,0,0,1,0
3836,far,8,18,7,1,1,2,1,1,2,1,2,1
3837,exact,5,5,2,0,0,0,0,0,0,0,0,0
3838,exact,8,14,5,0,0,0,0,0,0,0,0,0
3842,near,7,11,4,0,0,0,0,0,0,0,0,0
3843,exact,2,3,5,0,0,0,0,0,0,0,0,0
3844,near,6,7,2,0,0,0,0,0,0,0,0,0
3845,near,2,3,2,0,0,0,0,0,0,0,0,0
3847,exact,2,3,1,0,0,0,0,0,0,0,0,0
3848,near,8,21,14,0,1,0,0,0,0,0,0,0
3849,exact,0,1,2,0,0,0,0,0,0,0,0,0
3850,far,1,2,1,0,0,0,0,0,0,0,0,0
3852,near,1,2,4,0,0,0,0,0,0,0,0,0
3853,near,6,7,3,0,0,0,0,0,0,0,0,0
3856,exact,9,39,15,4,4,5,4,4,3,4,4,4
3857,near,8,18,6,0,1,0,1,1,1,0,0,0
3858,near,9,24,11,0,1,0,1,0,0,1,0,0
3859,exact,5,5,2,0,0,0,0,0,0,0,0,0
3860,exact,3,4,4,0,0,0,0,0,0,0,0,0
3861,exact,1,2,2,0,0,0,0,0,0,0,0,0
3862,near,0,1,1,0,0,0,0,0,0,0,0,0
3863,near,9,40,12,0,1,0,0,1,0,0,0,0
3864,near,2,3,3,0,0,0,0,0,0,0,0,0
3865,exact,6,7,5,0,0,0,0,0,0,0,0,0
3866,exact,9,37,19,0,0,0,0,0,0,0,0,2
3868,near,5,5,1,0,0,0,0,0,0,0,0,0
3869,exact,9,34,17,1,0,0,2,0,0,1,1,0
3870,near,3,4,1,0,0,0,0,0,0,0,0,0
3871,exact,3,4,1,0,0,0,0,0,0,0,0,0
3872,exact,6,8,3,0,0,0,0,0,0,0,0,0
3873,near,2,3,1,0,0,0,0,0,0,0,0,0
3874,exact,5,5,1,0,0,0,0,0,0,0,0,0
3875,exact,7,10,2,0,0,0,0,0,0,0,0,0
3876,near,1,2,1,0,0,0,0,0,0,0,0,0
3877,exact,5,5,2,0,0,0,0,0,0,0,0,0
3878,exact,5,6,1,0,0,0,0,0,0,0,0,0
3879,exact,8,16,6,1,1,1,1,1,1,1,1,0
3880,exact,2,3,2,0,0,0,0,0,0,0,0,0
3882,exact,2,3,1,0,0,0,0,0,0,0,0,0
3883,near,5,6,1,0,0,0,0,0,0,0,0,0
3884,exact,5,5,1,0,0,0,0,0,0,0,0,0
3885,exact,5,6,1,0,0,0,0,0,0,0,0,0
3886,exact,0,1,3,0,0,0,0,0,0,0,0,0
3888,exact,1,2,1,0,0,0,0,0,0,0,0,0
3889,far,7,11,11,0,0,0,0,0,0,0,0,0
3890,near,6,8,5,0,0,0,0,0,0,0,0,0
3891,exact,0,1,3,0,0,0,0,0,0,0,0,0
3892,far,2,3,1,0,0,0,0,0,0,0,0,0
3893,near,8,15,5,0,0,0,0,0,0,0,0,0
3894,near,8,14,3,0,0,0,0,0,0,0,0,0
3895,exact,2,3,2,0,0,0,0,0,0,0,0,0
3896,exact,1,2,2,0,0,0,0,0,0,0,0,0
3897,exact,5,6,1,0,0,0,0,0,0,0,0,0
3898,far,3,4,1,0,0,0,0,0,0,0,0,0
3899,near,3,4,2,0,0,0,0,0,0,0,0,0
3901,exact,2,3,1,0,0,0,0,0,0,0,0,0
3902,near,8,17,9,0,0,0,0,0,0,0,0,0
3903,far,8,19,8,0,0,0,0,0,0,0,0,0
3904,near,5,5,1,0,0,0,0,0,0,0,0,0
3905,exact,8,17,2,0,0,0,0,0,0,0,0,0
3906,near,5,6,1,0,0,0,0,0,0,0,0,0
3908,near,2,3,1,0,0,0,0,0,0,0,0,0
3909,exact,3,4,1,0,0,0,0,0,0,0,0,0
3911,exact,7,10,3,0,0,0,0,0,0,0,0,0
3913,near,1,2,4,0,0,0,0,0,0,0,0,0
3914,near,5,6,1,0,1,1,0,1,1,1,1,1
3915,exact,1,2,2,0,0,0,0,0,0,0,0,0
3916,near,2,3,1,0,0,0,0,0,0,0,0,0
3917,near,2,3,1,0,0,0,0,0,0,0,0,0
3919,far,2,3,3,0,0,0,0,0,0,0,0,0
3920,exact,7,10,2,0,0,0,0,0,0,0,0,0
3921,near,1,2,1,0,0,0,0,0,0,0,0,0
3922,exact,5,6,6,0,0,0,0,0,0,0,0,0
3923,near,8,17,6,1,1,1,1,1,1,1,1,1
3924,far,8,16,7,0,0,2,0,0,2,1,0,0
3925,near,7,12,11,0,0,0,0,0,0,0,0,0
3926,near,1,2,3,0,0,0,0,0,0,0,0,0
3927,near,6,8,1,0,0,0,0,0,0,0,0,0
3929,far,9,35,25,0,0,0,0,0,0,0,0,0
3930,exact,2,3,2,0,0,0,0,0,0,0,0,0
3931,exact,5,6,1,0,0,0,0,0,0,0,0,0
3932,exact,7,11,6,0,0,0,0,0,0,0,0,0
3933,near,5,6,4,0,0,0,0,0,0,0,0,0
3934,near,3,4,4,0,0,0,0,0,0,0,0,0
3935,near,9,25,13,2,2,1,2,2,2,1,2,1
3936,near,6,8,8,2,1,2,2,0,2,2,0,0
3937,exact,5,6,1,0,0,0,0,0,0,0,0,0
3938,exact,6,7,4,0,1,1,1,1,1,1,1,1
3939,exact,0,1,4,0,0,0,0,0,0,0,0,0
3940,exact,7,10,4,0,1,0,0,0,0,0,0,0
3941,near,8,16,5,0,0,0,0,0,0,0,0,0
3942,near,7,11,5,0,0,0,0,0,0,0,0,0
3943,exact,5,5,1,0,0,0,0,0,0,0,0,0
3945,near,6,7,5,0,0,0,0,0,0,0,0,0
3946,near,8,16,7,0,0,0,0,0,0,0,0,0
3947,exact,1,2,3,0,0,0,0,0,0,0,0,0
3948,exact,0,1,5,0,0,0,0,0,0,0,0,0
3949,exact,5,6,5,0,0,0,0,0,0,0,0,0
3951,exact,3,4,2,0,0,0,0,0,0,0,0,0
3952,exact,6,8,4,1,1,1,1,1,1,1,1,1
3953,near,9,47,21,0,0,1,1,1,1,0,0,0
3954,exact,2,3,2,0,0,0,0,0,0,0,0,0
3955,exact,6,7,4,0,0,0,0,0,0,0,0,0
3956,near,8,13,4,0,0,0,0,0,0,0,0,0
3957,near,5,5,1,0,0,0,0,0,0,0,0,0
3959,near,2,3,1,0,0,0,0,0,0,0,0,0
3961,exact,5,5,2,0,0,0,0,0,0,0,0,0
3962,exact,2,3,1,0,0,0,0,0,0,0,0,0
3963,exact,3,4,1,0,0,0,0,0,0,0,0,0
3964,exact,7,9,4,0,0,0,0,0,0,0,0,0
3965,exact,6,7,1,0,0,0,0,0,0,0,0,0
3966,exact,2,3,3,0,0,0,0,0,0,0,0,0
3967,near,7,10,1,1,1,1,1,1,1,1,1,1
3968,exact,5,6,5,0,0,0,0,0,0,0,0,0
3969,near,0,1,1,0,0,0,0,0,0,0,0,0
3970,exact,5,5,2,0,0,0,0,0,0,0,0,0
3971,far,7,9,3,0,0,0,0,0,0,0,0,0
3972,near,5,6,1,0,0,0,0,0,0,0,0,0
3973,exact,3,4,4,0,0,0,0,0,0,0,0,0
3974,near,2,3,1,0,0,0,0,0,0,0,0,0
3975,near,1,2,2,0,0,0,0,0,0,0,0,0
3976,far,5,5,3,0,0,0,0,0,0,0,0,0
3977,exact,2,3,1,0,0,0,0,0,0,0,0,0
3978,exact,2,3,2,0,0,0,0,0,0,0,0,0
3979,exact,2,3,1,0,0,0,0,0,0,0,0,0
3980,exact,7,12,6,0,0,0,0,0,0,0,0,0
3982,near,3,4,3,0,0,0,0,0,0,0,0,0
3983,exact,2,3,3,0,0,0,0,0,0,0,0,0
3984,exact,5,5,1,0,0,0,0,0,0,0,0,0
3985,near,1,2,2,0,0,0,0,0,0,0,0,0
3986,near,9,23,4,0,0,0,0,0,0,0,0,0
3987,exact,8,15,3,0,0,0,1,0,0,0,0,0
3988,exact,9,53,27,1,0,0,1,1,1,1,1,0
3989,near,6,7,1,0,0,0,0,0,0,0,0,0
3990,near,8,18,7,0,0,0,0,0,1,1,0,0
3991,exact,6,7,1,0,0,0,0,0,0,0,0,0
3992,near,3,4,4,1,1,1,1,1,1,1,1,1
3993,far,2,3,2,0,0,0,0,0,0,0,0,0
3994,exact,3,4,1,0,0,0,0,0,0,0,0,0
3995,exact,5,5,1,0,0,0,0,0,0,0,0,0
3997,near,7,10,5,0,0,0,0,0,0,1,0,0
3998,near,8,15,5,0,0,0,0,0,0,0,0,0
3999,exact,2,3,5,0,0,0,0,0,0,0,0,0
4000,far,2,3,2,0,0,0,0,0,0,0,0,0
4001,far,6,7,9,0,0,0,0,0,0,0,0,0
4002,exact,2,3,3,0,0,0,0,0,0,0,0,0
4003,exact,1,2,2,0,0,0,0,0,0,0,0,0
4004,exact,2,3,2,0,0,0,0,0,0,0,0,0
4005,exact,2,3,3,0,0,0,0,0,0,0,0,0
4007,exact,5,6,4,0,0,0,0,0,0,0,0,0
4008,near,8,21,6,0,0,0,0,0,0,0,0,0
4010,near,5,6,1,0,0,0,0,0,0,0,0,0
4011,far,8,15,6,0,0,0,0,0,0,0,0,0
4012,far,7,10,6,0,0,0,0,0,0,0,0,0
4014,exact,2,3,5,0,0,0,0,0,0,0,0,0
4015,exact,1,2,2,0,0,0,0,0,0,0,0,0
4017,far,6,7,2,0,0,0,0,0,0,0,0,0
4018,exact,5,6,3,0,0,0,0,0,0,0,0,0
4019,near,9,24,12,0,2,1,1,2,2,0,0,0
4020,far,5,6,2,0,0,0,0,0,0,0,0,0
4021,near,3,4,1,0,0,0,0,0,0,0,0,0
4022,exact,7,9,1,0,0,0,0,0,0,0,0,0
4024,exact,3,4,2,0,0,0,0,0,0,0,0,0
4026,exact,9,214,76,11,11,14,12,12,13,11,10,14
4027,exact,5,6,7,0,0,0,0,0,0,0,0,0
4028,near,8,14,2,0,0,0,0,0,0,0,0,0
4029,near,8,15,10,1,1,1,1,0,1,1,1,0
4030,near,8,15,7,0,0,0,0,0,0,0,0,1
4031,far,7,10,5,0,0,0,0,0,0,0,0,0
4032,exact,7,10,4,0,0,0,0,0,0,0,0,0
4033,exact,7,12,4,0,0,0,0,0,0,0,0,0
4034,exact,7,9,5,0,0,0,0,0,0,0,0,0
4035,exact,1,2,2,0,0,0,0,0,0,0,0,0
4036,near,6,7,1,0,0,0,0,0,0,0,0,0
4037,exact,5,5,1,0,0,0,0,0,0,0,0,0
4038,exact,2,3,2,0,0,0,0,0,0,0,0,0
4039,exact,2,3,1,0,0,0,0,0,0,0,0,0
4040,near,7,12,5,0,0,0,0,0,0,0,0,0
4041,near,5,5,2,1,1,1,1,1,2,1,1,2
4042,exact,5,6,1,0,0,0,0,0,0,0,0,0
4043,near,6,8,4,0,0,0,0,0,0,0,0,0
4044,near,2,3,1,0,0,0,0,0,0,0,0,0
4045,exact,5,5,3,0,0,0,0,0,0,0,0,0
4046,exact,9,24,12,0,0,0,0,0,0,0,0,0
4047,exact,5,6,2,0,0,0,0,0,0,0,0,0
4048,near,3,4,1,0,0,0,0,0,0,0,0,0
4049,exact,0,1,2,0,0,0,0,0,0,0,0,0
4050,near,9,63,20,1,1,2,2,1,1,2,1,1
4051,near,5,5,2,0,0,0,0,0,0,0,0,0
4052,near,9,278,63,42,43,40,42,42,32,36,45,42
4053,near,6,7,2,1,1,1,1,1,1,1,1,1
4054,exact,5,6,2,0,0,0,0,0,0,0,0,0
4055,near,2,3,1,0,0,0,0,0,0,0,0,0
4056,exact,1,2,1,0,0,0,0,0,0,0,0,0
4057,near,5,6,1,0,0,0,0,0,0,0,0,0
4058,near,8,14,3,0,0,0,0,0,0,0,0,0
4059,exact,9,23,6,0,0,0,0,0,0,0,0,0
4060,far,3,4,1,0,0,0,0,0,0,0,0,0
4061,near,7,9,1,0,0,0,0,0,0,0,0,0
4062,exact,9,25,18,1,1,1,1,1,1,1,1,1
4063,exact,5,6,1,0,0,0,0,0,0,0,0,0
4064,far,9,42,13,12,13,12,12,13,12,12,13,12
4066,far,5,6,2,0,0,0,0,0,0,0,0,0
4067,near,1,2,1,0,0,0,0,0,0,0,0,0
4068,exact,1,2,3,0,0,0,0,0,0,0,0,0
4069,near,9,57,26,1,0,0,0,0,0,0,0,1
4070,far,2,3,2,0,0,0,0,0,0,0,0,0
4071,near,6,8,5,0,0,0,0,0,0,0,0,0
4072,exact,0,1,3,0,0,0,0,0,0,0,0,0
4073,near,2,3,2,0,0,0,0,0,0,0,0,0
4074,exact,8,15,5,1,1,1,1,1,1,1,1,1
4075,near,2,3,1,0,0,0,0,0,0,0,0,0
4076,exact,7,11,1,0,0,0,0,0,0,0,0,0
4077,exact,3,4,1,0,0,0,0,0,0,0,0,0
4078,exact,5,6,1,0,0,0,0,0,0,0,0,0
4080,near,2,3,2,0,0,0,0,0,0,0,0,0
4081,exact,3,4,4,0,0,0,0,0,0,0,0,0
4082,exact,6,7,4,0,0,0,0,0,0,0,0,0
4083,exact,9,28,15,0,0,0,1,0,0,0,0,0
4084,near,8,15,7,0,0,0,0,0,0,0,0,0
4086,exact,5,6,2,0,0,0,0,0,0,0,0,0
4087,far,3,4,4,0,0,0,0,0,0,0,0,0
4089,exact,0,1,1,0,0,0,0,0,0,0,0,0
4090,exact,7,9,3,0,0,0,0,0,0,0,0,0
4091,near,5,5,2,0,0,0,0,0,0,0,0,0
4092,far,5,5,2,0,0,0,0,0,0,0,1,0
4093,near,9,28,9,0,0,1,0,0,0,0,1,0
4094,exact,3,4,1,0,0,0,0,0,0,0,0,0
4095,near,1,2,1,0,0,0,0,0,0,0,0,0
4096,exact,8,16,3,0,0,0,0,0,0,0,0,0
4097,exact,1,2,2,0,0,0,0,0,0,0,0,0
4098,far,5,5,1,0,0,0,0,0,0,0,0,0
4099,far,2,3,1,0,0,0,0,0,0,0,0,0
4100,near,7,10,2,2,0,2,2,2,2,2,2,2
4101,exact,9,25,6,0,0,0,0,0,0,0,1,0
4103,exact,3,4,1,0,0,0,0,0,0,0,0,0
4104,exact,3,4,1,0,0,0,0,0,0,0,0,0
4105,near,8,21,5,1,1,1,1,1,1,1,1,0
4106,near,3,4,1,0,0,0,0,0,0,0,0,0
4107,far,3,4,2,0,0,0,0,0,0,0,0,0
4108,near,8,14,2,0,0,0,0,0,0,0,0,0
4109,near,3,4,2,0,0,0,0,0,0,0,0,0
4110,near,3,4,1,0,0,0,0,0,0,0,0,0
4111,exact,9,23,11,0,0,0,0,0,0,0,0,0
4112,far,3,4,3,0,0,0,0,0,0,0,0,0
4114,exact,9,58,11,0,0,1,0,0,1,0,0,1
4116,exact,7,11,7,0,0,0,0,0,0,0,0,0
4117,far,6,7,1,0,0,0,0,0,0,0,0,0
4118,exact,9,87,20,0,0,0,0,0,1,0,0,1
4119,exact,5,6,1,0,0,0,0,0,0,0,0,0
4120,near,2,3,1,0,0,0,0,0,0,0,0,0
4121,exact,2,3,1,0,0,0,0,0,0,0,0,0
4123,exact,1,2,2,0,0,0,0,0,0,0,0,0
4124,exact,3,4,4,0,0,0,0,0,0,0,0,0
4125,near,2,3,1,0,0,0,0,0,0,0,0,0
4127,exact,8,16,2,0,0,0,0,0,0,0,0,0
4128,exact,6,7,3,0,0,0,0,0,0,0,0,0
4129,near,5,5,1,0,0,0,0,0,0,0,0,0
4130,near,6,8,3,0,0,0,0,0,0,0,0,0
4131,exact,5,6,1,0,0,0,0,0,0,0,0,0
4132,exact,8,15,7,4,4,4,4,4,4,4,4,4
4133,near,8,18,3,0,0,0,0,0,0,0,0,0
4134,exact,3,4,1,0,0,0,0,0,0,0,0,0
4135,exact,2,3,3,0,0,0,0,0,0,0,0,0
4136,exact,0,1,3,0,0,0,0,0,0,0,0,0
4137,far,1,2,2,0,0,0,0,0,0,0,0,0
4138,near,6,7,3,0,0,0,0,0,0,0,0,0
4139,near,8,14,3,0,0,0,0,0,0,0,0,0
4140,near,6,8,2,0,0,0,0,0,0,0,0,0
4141,exact,9,28,16,0,0,0,0,0,1,0,1,0
4143,exact,2,3,3,0,0,0,0,0,0,0,0,0
4144,far,5,5,2,0,0,0,0,0,0,0,0,0
4145,exact,8,20,11,0,0,0,0,0,0,0,0,0
4146,exact,3,4,1,0,0,0,0,0,0,0,0,0
4147,exact,5,5,1,0,0,0,0,0,0,0,0,0
4149,near,5,5,2,0,0,0,0,0,0,0,0,0
4150,exact,5,5,2,0,0,0,0,0,0,0,0,0
4151,near,6,7,2,0,0,0,0,0,0,0,0,0
4152,exact,6,7,1,0,0,0,0,0,0,0,0,0
4153,exact,5,6,4,0,0,0,0,0,0,0,0,0
4154,near,9,54,19,1,0,1,1,0,1,1,0,0
4155,near,5,5,4,0,0,0,0,0,0,0,0,0
4156,exact,7,9,4,0,0,0,0,0,0,0,0,0
4157,far,1,2,2,0,0,0,0,0,0,0,0,0
4159,far,6,8,1,0,0,0,0,0,0,0,0,0
4160,near,6,7,1,0,0,0,0,0,0,0,0,0
4161,exact,2,3,1,0,0,0,0,0,0,0,0,0
4162,exact,8,20,9,0,0,0,0,0,0,0,0,0
4163,far,7,11,6,0,0,0,0,0,0,0,0,0
4164,exact,9,23,3,0,0,0,0,0,0,0,0,0
4165,near,9,23,9,0,0,0,0,0,0,0,0,0
4166,exact,7,11,4,0,0,0,0,0,0,0,0,0
4167,near,2,3,1,0,0,0,0,0,0,0,0,0
4168,near,6,8,2,0,0,0,0,0,0,0,0,0
4169,near,5,6,1,0,0,0,0,0,0,0,0,0
4171,exact,3,4,2,0,0,0,0,0,0,0,0,0
4172,near,1,2,1,0,0,0,0,0,0,0,0,0
4173,exact,6,8,3,0,0,0,0,0,0,0,0,0
4176,exact,1,2,4,0,0,0,0,0,0,0,0,0
4177,exact,1,2,1,0,0,0,0,0,0,0,0,0
4178,exact,3,4,3,0,0,0,0,0,0,0,0,0
4179,exact,9,44,16,1,1,0,0,1,1,0,1,1
4180,far,5,5,2,0,0,0,0,0,0,0,0,0
4181,far,7,9,3,0,0,0,0,0,0,0,0,0
4183,near,7,10,2,0,0,0,0,0,0,0,0,0
4184,exact,7,9,5,0,0,0,0,0,0,0,0,0
4186,exact,6,7,2,0,0,0,0,0,0,0,0,0
4188,near,5,6,3,0,0,0,0,0,0,0,0,0
4189,near,9,28,15,1,1,2,1,2,1,1,1,0
4190,near,8,15,6,0,0,0,0,0,0,0,0,0
4191,exact,7,9,7,0,0,0,0,0,0,0,0,0
4192,exact,3,4,1,0,0,0,0,0,0,0,0,0
4193,far,1,2,3,0,0,0,0,0,0,0,0,0
4194,exact,5,5,3,0,0,0,0,0,0,0,0,0
4195,near,3,4,5,0,0,0,0,0,0,0,0,0
4196,exact,3,4,2,0,0,0,0,0,0,0,0,0
4197,exact,9,29,12,0,0,0,0,0,0,0,0,0
4198,exact,5,6,3,0,0,0,0,0,0,0,0,0
4200,exact,6,7,2,1,0,2,0,0,0,0,0,0
4201,near,3,4,1,0,0,0,0,0,0,0,0,0
4202,near,9,25,4,0,0,0,0,0,0,0,0,0
4203,exact,5,5,2,0,0,0,0,0,0,0,0,0
4204,near,7,9,5,0,0,0,0,0,0,0,0,0
4205,exact,6,7,2,0,0,0,0,0,0,0,0,0
4206,near,7,11,4,0,0,0,0,0,0,0,0,0
4207,near,5,6,2,0,0,0,0,0,0,0,0,0
4208,near,2,3,2,0,0,0,0,0,0,0,0,0
4209,near,3,4,2,0,0,0,0,0,0,0,0,0
4210,near,2,3,2,0,0,0,0,0,0,0,0,0
4212,exact,8,16,7,0,0,0,0,0,0,0,0,0
4213,exact,3,4,2,0,0,0,0,0,0,0,0,0
4214,near,0,1,2,0,0,0,0,0,0,0,0,0
4215,near,8,15,1,0,0,0,0,0,0,0,0,0
4216,near,5,5,2,0,0,0,0,0,0,0,0,0
4217,far,2,3,2,0,0,0,0,0,0,0,0,0
4218,near,1,2,1,0,0,0,0,0,0,0,0,0
4219,near,3,4,2,0,0,0,0,0,0,0,0,0
4220,far,6,8,6,0,0,0,0,0,0,0,0,0
4221,exact,0,1,4,0,0,0,0,0,0,0,0,0
4222,exact,7,9,3,0,0,0,0,0,0,0,0,0
4223,near,2,3,1,0,0,0,0,0,0,0,0,0
4224,exact,5,6,1,0,0,0,0,0,0,0,0,0
4225,exact,1,2,1,0,0,0,0,0,0,0,0,0
4226,far,5,5,2,0,0,0,0,0,0,0,0,0
4227,exact,3,4,1,0,0,0,0,0,0,0,0,0
4228,far,3,4,1,0,0,0,0,0,0,0,0,0
4229,exact,1,2,1,0,0,0,0,0,0,0,0,0
4230,near,6,7,2,0,0,0,0,0,0,0,0,0
4232,far,1,2,2,0,0,0,0,0,0,0,0,0
4233,near,1,2,1,0,0,0,0,0,0,0,0,0
4234,far,7,11,3,0,0,0,0,0,0,0,0,0
4235,exact,3,4,1,0,0,0,0,0,0,0,0,0
4236,exact,0,0,2,0,0,0,0,0,0,0,0,0
4237,near,1,2,2,0,0,0,0,0,0,0,0,0
4238,exact,5,5,6,0,0,0,0,0,0,0,0,0
4239,exact,0,1,2,0,0,0,0,0,0,0,0,0
4241,far,7,9,4,1,1,1,1,1,1,1,1,1
4243,exact,5,6,4,0,0,0,0,0,0,0,0,0
4244,exact,5,6,2,0,0,0,0,0,0,0,0,0
4245,exact,0,1,3,0,0,0,0,0,0,0,0,0
4246,exact,8,21,11,0,0,0,0,0,0,0,0,0
4247,exact,1,2,3,0,0,0,0,0,0,0,0,0
4248,exact,5,6,4,0,0,0,0,1,1,0,1,0
4249,exact,5,5,2,0,0,0,0,0,0,0,0,0
4250,near,7,9,1,0,0,0,0,0,0,0,0,0
4251,near,7,11,4,0,0,0,0,0,0,0,0,0
4252,far,9,22,9,0,0,0,0,0,0,0,0,0
4253,near,6,7,5,0,0,0,0,0,0,0,0,0
4254,near,1,2,1,0,0,0,0,0,0,0,0,0
4255,exact,9,131,54,2,3,2,2,3,1,2,4,3
4256,exact,3,4,1,0,0,0,0,0,0,0,0,0
4257,exact,3,4,2,0,0,0,0,0,0,0,0,0
4258,exact,9,32,5,0,0,0,0,0,0,0,0,0
4259,near,5,5,1,0,0,0,0,0,0,0,0,0
4261,near,1,2,2,0,0,0,0,0,0,0,0,0
4262,exact,0,1,4,0,0,0,0,0,0,0,0,0
4263,near,8,14,4,0,0,0,0,0,0,0,0,0
4264,exact,5,6,2,0,0,0,0,0,0,0,0,0
4268,far,1,2,3,0,0,0,0,0,0,0,0,0
4269,exact,3,4,1,0,0,0,0,0,0,0,0,0
4270,exact,8,18,3,0,0,0,0,0,0,0,0,0
4271,near,9,61,16,2,1,0,0,0,0,0,1,0
4272,far,3,4,1,0,0,0,0,0,0,0,0,0
4273,near,6,8,4,0,0,0,0,0,0,0,0,0
4274,near,7,9,8,0,0,0,0,0,0,0,0,0
4275,near,3,4,2,0,0,0,0,0,0,0,0,0
4276,near,8,14,11,0,0,0,0,0,0,0,0,0
4277,exact,9,29,16,0,0,0,1,0,0,0,0,0
4278,far,9,24,13,0,0,0,0,0,0,0,0,0
4280,exact,3,4,1,0,0,0,0,0,0,0,0,0
4281,near,2,3,1,0,0,0,0,0,0,0,0,0
4282,near,7,11,4,0,0,0,0,0,0,0,0,0
4283,exact,2,3,2,0,0,0,0,0,0,0,0,0
4284,exact,1,2,1,0,0,0,0,0,0,0,0,0
4285,exact,6,7,1,0,0,0,0,0,0,0,0,0
4286,far,7,10,1,0,0,0,0,0,0,0,0,0
4287,exact,5,5,2,1,1,0,1,1,0,1,1,0
4288,exact,5,5,5,0,0,0,0,0,0,0,0,0
4289,exact,9,25,8,0,0,0,0,1,0,0,0,0
4290,exact,7,10,4,0,0,0,0,0,0,0,0,0
4292,near,3,4,3,0,0,0,0,0,0,0,0,0
4293,near,9,87,32,1,1,0,1,0,0,1,0,0
4294,near,5,5,1,0,0,0,0,0,0,0,0,0
4295,exact,5,5,2,0,0,0,0,0,0,0,0,0
4296,exact,1,2,3,0,0,0,0,0,0,0,0,0
4297,near,3,4,1,0,0,0,0,0,0,0,0,0
4298,near,8,14,2,0,0,0,0,0,0,0,0,0
4299,far,5,6,2,0,0,0,0,0,0,0,0,0
4300,exact,2,3,2,0,0,0,0,0,0,0,0,0
4301,near,1,2,1,0,0,0,0,0,0,0,0,0
4302,near,9,22,6,0,0,0,0,0,0,0,0,0
4303,far,7,12,3,0,0,0,0,0,0,0,0,0
4305,exact,2,3,1,0,0,0,0,0,0,0,0,0
4306,near,5,5,3,0,0,0,0,0,0,0,0,0
4307,near,9,70,35,4,4,4,5,4,4,5,4,4
4309,near,5,5,2,0,0,0,0,0,0,0,0,0
4310,near,1,2,4,0,0,0,0,0,0,0,0,0
4311,near,5,5,6,0,0,0,0,0,0,0,0,0
4312,exact,5,5,2,0,0,0,0,0,0,0,0,0
4314,exact,6,8,3,0,0,0,0,0,0,0,0,0
4315,exact,9,35,19,0,0,1,0,0,0,0,0,0
4318,exact,1,2,2,0,0,0,0,0,0,0,0,0
4319,far,5,5,2,0,0,0,0,0,0,0,0,0
4320,near,8,17,9,0,0,0,0,0,0,0,0,0
4321,near,8,16,7,0,0,1,1,0,0,1,0,1
4322,exact,1,2,2,0,0,0,0,0,0,0,0,0
4324,exact,1,2,2,0,0,0,0,0,0,0,0,0
4325,exact,7,12,4,0,0,0,0,0,0,0,0,0
4326,exact,7,10,5,0,0,0,0,0,0,0,0,0
4327,near,2,3,2,0,0,0,0,0,0,0,0,0
4328,near,2,3,6,0,0,0,0,0,0,0,0,0
4329,near,3,4,1,0,0,0,0,0,0,0,0,0
4331,exact,5,6,1,0,0,0,0,0,0,0,0,0
4332,near,9,26,3,0,0,0,0,0,0,0,0,0
4333,exact,7,10,5,0,0,0,0,0,0,0,0,0
4334,near,7,12,8,0,0,0,0,0,0,0,0,0
4335,exact,7,10,2,0,0,0,0,0,0,0,0,0
4336,near,6,7,1,0,0,0,0,0,0,0,0,0
4337,near,3,4,1,0,0,0,0,0,1,0,0,0
4338,near,5,5,2,0,0,0,0,0,0,0,0,0
4339,exact,5,5,2,0,0,0,0,0,0,0,0,0
4340,exact,3,4,2,0,0,0,0,0,0,0,0,0
4341,exact,6,7,3,0,0,0,0,0,0,0,0,0
4342,exact,7,11,2,0,0,0,0,0,0,0,0,0
4343,exact,5,5,1,0,0,0,0,0,0,0,0,0
4344,exact,5,6,3,0,0,0,0,0,0,0,0,0
4345,near,3,4,3,0,0,0,0,0,0,0,0,0
4346,near,8,20,9,0,0,0,0,0,0,0,0,0
4347,exact,6,8,2,0,0,0,0,0,0,0,0,0
4348,near,7,10,2,0,0,0,0,0,0,0,0,0
4349,exact,7,12,7,0,0,0,0,0,0,0,0,0
4350,exact,5,5,2,0,0,0,0,0,0,0,0,0
4351,exact,2,3,3,0,0,0,0,0,0,0,0,0
4352,exact,2,3,2,0,0,0,0,0,0,0,0,0
4353,exact,3,4,1,0,0,0,0,0,0,0,0,0
4354,exact,8,13,7,0,0,0,0,0,0,0,0,0
4355,exact,1,2,2,0,0,0,0,0,0,0,0,0
4356,exact,2,3,2,0,0,0,0,0,0,0,0,0
4357,exact,7,11,3,2,1,1,1,1,1,1,1,1
4358,exact,8,20,7,1,1,1,1,1,0,1,1,1
4360,near,9,35,13,0,0,0,0,0,0,0,0,0
4361,near,9,38,6,0,0,2,0,0,1,0,0,1
4362,near,2,3,3,0,0,0,0,0,0,0,0,0
4363,exact,3,4,1,0,0,0,0,0,0,0,0,0
4364,far,2,3,2,0,0,0,0,0,0,0,0,0
4366,near,5,5,1,0,0,0,0,0,0,0,0,0
4367,exact,5,6,1,0,0,0,0,0,0,0,0,0
4368,exact,3,4,1,0,0,0,0,0,0,0,0,0
4370,exact,1,2,2,0,0,0,0,0,0,0,0,0
4371,near,9,25,12,0,0,0,0,0,0,0,0,0
4372,far,9,26,10,0,0,0,0,0,0,0,0,0
4373,near,0,1,3,0,0,0,0,0,0,0,0,0
4374,near,9,22,8,0,0,0,0,0,0,0,0,0
4375,exact,9,40,13,0,0,1,0,0,1,0,0,0
4376,exact,3,4,1,0,0,0,0,0,0,0,0,0
4377,exact,5,5,3,0,0,0,0,0,0,0,0,0
4378,far,9,41,13,0,0,1,0,1,0,0,1,0
4379,far,5,5,5,0,0,0,0,0,0,0,0,0
4380,exact,2,3,1,0,0,0,0,0,0,0,0,0
4381,far,7,10,3,0,0,0,0,0,0,0,0,0
4382,near,5,5,3,0,0,0,0,0,0,0,0,0
4383,exact,1,2,3,0,0,0,0,0,0,0,0,0
4384,near,9,137,29,10,6,6,6,8,7,10,5,9
4385,exact,3,4,1,0,0,0,0,0,0,0,0,0
4386,exact,6,7,2,0,0,0,0,0,0,0,0,0
4387,near,1,2,4,0,0,0,0,0,0,0,0,0
4388,near,9,29,17,0,0,1,0,0,1,0,0,1
4389,exact,2,3,1,0,0,0,0,0,0,0,0,0
4390,near,2,3,2,0,0,0,0,0,0,0,0,0
4392,exact,5,5,1,0,0,0,0,0,0,0,0,0
4393,far,3,4,8,0,0,0,1,0,0,0,0,0
4394,exact,9,55,23,0,1,0,0,1,0,1,0,0
4395,near,2,3,1,0,0,0,0,0,0,0,0,0
4396,far,5,5,3,0,0,0,0,0,0,0,0,0
4398,near,6,8,3,3,3,3,3,3,3,3,3,3
4399,exact,3,4,1,0,0,0,0,0,0,0,0,0
4400,exact,7,10,3,0,0,0,0,0,0,0,0,0
4401,far,6,7,3,0,0,0,0,0,0,0,0,0
4402,far,2,3,2,0,0,0,0,0,0,0,0,0
4404,near,8,17,12,0,0,0,0,0,0,0,0,0
4405,near,5,5,1,0,0,0,0,0,0,0,0,0
4406,far,7,9,5,0,0,0,0,0,0,0,0,0
4407,exact,5,6,1,0,0,0,0,0,0,0,0,0
4408,near,5,6,1,0,0,0,0,0,0,0,0,0
4409,exact,7,10,6,0,0,0,0,0,0,0,0,0
4410,near,0,1,4,0,0,0,0,0,0,0,0,0
4411,exact,2,3,2,0,0,0,0,0,0,0,0,0
4415,exact,3,4,7,0,0,0,0,0,0,0,0,0
4416,near,3,4,2,0,0,0,0,0,0,0,0,0
4418,near,5,5,2,0,0,0,0,0,0,0,0,0
4419,far,2,3,2,0,0,0,0,0,0,0,0,0
4420,near,7,9,3,0,0,0,0,0,0,0,0,0
4422,exact,9,41,21,0,0,0,0,0,0,0,0,0
4423,near,2,3,1,1,1,1,1,1,1,1,1,1
4424,near,3,4,2,0,1,0,0,1,1,0,1,0
4426,near,2,3,1,0,0,0,0,0,0,0,0,0
4428,exact,5,5,1,0,0,0,0,0,0,0,0,0
4429,exact,7,10,1,0,0,0,0,0,0,0,0,0
4430,exact,1,2,1,0,0,0,0,0,0,0,0,0
4432,near,8,13,3,0,0,0,0,0,0,0,0,0
4433,near,1,2,2,0,0,0,0,0,0,0,0,0
4434,near,0,1,2,0,0,0,0,0,0,0,0,0
4435,exact,8,14,4,0,1,1,1,1,0,0,0,1
4436,near,3,4,1,0,0,0,0,0,0,0,0,0
4437,exact,5,6,2,0,0,0,0,0,0,0,0,0
4440,near,3,4,2,0,0,0,0,0,0,0,0,0
4441,exact,7,9,3,0,0,0,0,0,0,0,0,0
4442,near,5,5,1,0,0,0,0,0,0,0,0,0
4443,near,7,9,5,0,0,0,0,0,0,0,0,0
4444,exact,9,27,10,1,1,1,1,1,1,1,1,0
4445,exact,7,12,4,0,0,0,0,0,0,0,0,0
4446,near,1,2,1,0,0,0,0,0,0,0,0,0
4449,near,2,3,2,0,0,0,0,0,0,0,0,0
4450,near,7,11,5,0,1,0,0,2,0,0,0,1
4451,exact,8,13,6,0,0,0,0,0,0,0,0,0
4453,near,6,8,4,0,0,0,0,0,0,0,0,0
4454,exact,8,18,6,0,0,0,0,0,0,0,0,0
4455,far,8,14,3,1,0,0,0,0,0,1,1,0
4456,near,5,6,2,0,0,0,0,0,0,0,0,0
4457,exact,5,5,2,0,0,0,0,0,0,0,0,0
4458,near,3,4,2,2,2,2,2,2,2,2,2,2
4459,exact,7,9,2,1,1,1,1,2,1,1,1,1
4460,far,9,59,20,3,2,4,3,3,4,2,1,3
4461,exact,5,5,2,0,0,0,0,0,0,0,0,0
4462,near,6,7,4,0,0,0,0,0,0,0,0,0
4463,near,7,12,7,0,0,0,0,0,0,0,0,0
4464,near,1,2,3,0,0,0,0,0,0,0,0,0
4465,near,3,4,1,0,0,0,0,0,0,0,0,0
4466,exact,7,12,2,0,0,0,1,0,0,0,0,0
4467,exact,8,15,5,0,0,0,0,0,0,0,0,0
4468,near,9,27,18,2,4,2,2,2,2,3,4,2
4469,exact,3,4,3,0,0,0,0,0,0,0,0,0
4470,exact,1,2,1,0,0,0,0,0,0,0,0,0
4472,near,6,7,1,0,0,0,0,0,0,0,0,0
4473,near,0,1,2,0,0,0,0,0,0,0,0,0
4474,exact,3,4,2,0,0,0,0,0,0,0,0,0
4475,exact,7,10,1,0,0,0,0,0,0,0,0,0
4476,near,7,10,3,0,0,0,0,0,0,0,0,0
4477,exact,1,2,2,0,1,0,0,1,0,0,0,0
4478,exact,2,3,2,0,1,1,0,0,1,0,1,1
4479,near,3,4,1,0,0,0,0,0,0,0,0,0
4480,exact,8,13,1,0,0,0,0,0,0,0,0,0
4482,near,1,2,2,0,0,0,0,0,0,0,0,0
4483,exact,3,4,2,0,0,0,0,0,0,0,0,0
4484,exact,2,3,2,0,0,0,0,0,0,0,0,0
4485,exact,2,3,2,0,0,0,0,0,0,0,0,0
4486,exact,7,9,6,1,1,1,1,1,1,1,1,1
4487,exact,6,7,2,0,0,0,0,1,0,0,0,0
4488,near,2,3,1,0,0,0,0,0,0,0,0,0
4490,near,9,26,17,0,0,0,0,0,0,0,0,0
4491,exact,6,7,2,1,1,1,1,1,1,1,1,1
4492,exact,1,2,1,0,0,0,0,0,0,0,0,0
4493,exact,5,5,3,0,0,0,0,0,0,0,0,0
4494,exact,0,1,5,0,0,0,0,0,0,0,0,0
4495,exact,7,9,8,0,0,0,0,0,0,0,0,0
4496,near,8,13,5,0,0,0,0,0,0,0,0,0
4498,near,2,3,1,0,0,0,0,0,0,0,0,0
4499,exact,3,4,1,0,0,0,0,0,0,0,0,0
4500,exact,6,8,3,0,0,0,0,0,0,0,0,0
4501,near,3,4,1,0,0,0,0,0,0,0,0,0
4503,exact,8,14,10,0,0,0,0,0,0,0,0,0
4504,near,3,4,1,0,0,0,0,0,0,0,0,0
4506,exact,5,5,5,0,0,1,0,0,0,0,0,0
4507,exact,3,4,3,0,0,0,0,0,0,0,0,0
4508,near,6,7,2,0,0,0,0,0,0,0,0,0
4509,exact,7,11,6,0,0,0,0,0,0,0,0,0
4510,exact,9,49,31,0,0,0,0,0,0,1,0,0
4511,near,5,6,2,0,0,0,0,0,0,0,0,0
4512,exact,5,5,4,0,0,0,0,0,0,0,0,0
4513,near,5,6,7,0,0,0,0,0,0,0,0,0
4514,near,6,8,3,0,0,0,0,0,0,0,0,0
4515,exact,6,8,5,0,0,0,0,0,0,0,0,0
4516,near,9,268,121,13,14,9,18,11,15,16,12,9
4517,exact,3,4,1,0,0,0,0,0,0,0,0,0
4518,exact,3,4,2,0,0,0,0,0,0,0,0,0
4519,near,8,13,3,0,0,0,0,0,0,0,0,0
4520,near,6,7,1,0,0,0,0,0,0,0,0,0
4521,exact,9,75,36,4,3,0,4,4,0,5,2,0
4522,near,1,2,2,0,0,0,0,0,0,0,0,0
4523,exact,1,2,2,0,0,0,0,0,0,0,0,0
4524,far,5,6,1,0,0,0,0,0,0,0,0,0
4526,exact,1,2,3,0,0,0,0,0,0,0,0,0
4527,near,8,21,4,0,0,0,0,0,0,1,0,0
4528,exact,0,1,2,0,0,0,0,0,0,0,0,0
4529,exact,6,8,2,0,0,0,0,0,0,0,0,0
4530,exact,5,6,2,0,0,0,0,0,0,0,0,0
4531,near,0,1,2,0,0,0,0,0,0,0,0,0
4532,exact,3,4,2,0,0,0,0,0,0,0,0,0
4533,far,7,10,13,0,0,0,0,0,0,0,0,0
4534,far,3,4,2,0,0,0,0,0,0,0,0,0
4535,exact,5,6,2,0,0,0,0,0,0,0,0,0
4536,near,3,4,2,0,0,0,0,0,0,0,0,0
4538,exact,5,5,5,0,0,0,0,0,0,0,0,0
4540,exact,6,7,4,0,0,0,0,0,0,0,0,0
4541,exact,5,5,1,0,0,0,0,0,0,0,0,0
4542,exact,7,11,1,0,0,0,0,0,0,0,0,0
4543,near,7,9,3,0,0,0,0,0,0,0,0,0
4544,near,5,5,3,0,0,0,0,0,0,0,0,0
4545,exact,7,9,2,0,0,0,0,0,0,0,0,0
4546,exact,5,5,4,0,0,0,0,0,0,0,0,0
4547,exact,7,10,1,0,0,0,0,0,0,0,0,0
4549,exact,5,5,2,0,0,0,0,0,0,0,0,0
4550,exact,9,35,10,0,0,0,0,0,0,0,0,0
4551,near,7,12,2,0,0,0,0,0,0,0,0,0
4552,near,5,5,2,0,0,0,0,0,0,0,0,0
4553,far,8,19,13,0,0,0,0,0,0,0,0,0
4554,near,9,23,8,0,0,0,0,0,0,0,0,0
4555,exact,9,24,10,0,0,0,0,0,0,0,0,0
4556,exact,9,28,13,1,1,0,1,2,1,1,1,0
4557,exact,8,14,5,0,0,0,0,0,0,0,0,0
4559,near,2,3,3,0,0,0,0,0,0,0,0,0
4560,exact,3,4,2,0,0,0,0,0,0,0,0,0
4561,exact,8,18,1,0,0,0,0,0,0,0,0,0
4562,near,3,4,2,0,0,0,0,0,0,0,0,0
4563,near,9,33,14,0,0,0,0,0,1,1,0,0
4564,near,7,10,7,0,0,0,0,0,0,0,0,0
4565,exact,1,2,2,0,0,0,0,0,0,0,0,0
4566,near,0,1,3,0,0,0,0,0,0,0,0,0
4567,near,9,34,10,1,0,1,0,0,0,0,0,0
4568,far,6,7,4,0,0,0,0,0,0,0,0,0
4569,near,2,3,3,0,0,0,0,0,0,0,0,0
4570,far,1,2,3,0,0,0,0,0,0,0,0,0
4571,near,5,6,5,0,0,0,0,0,0,0,0,0
4572,exact,9,24,17,0,0,0,0,0,0,0,0,0
4573,exact,9,28,13,1,0,0,0,1,0,0,0,0
4574,exact,7,12,9,0,0,0,0,0,0,0,0,0
4575,exact,9,36,14,0,0,1,0,0,1,0,0,1
4577,near,1,2,3,0,0,0,0,0,0,0,0,0
4578,exact,6,7,2,0,0,0,0,0,0,0,0,0
4579,near,5,5,1,0,0,0,0,0,0,0,0,0
4580,near,1,2,3,0,0,0,0,0,0,0,0,0
4581,near,1,2,1,0,0,0,0,0,0,0,0,0
4582,exact,5,5,1,0,0,0,0,0,0,0,0,0
4583,exact,7,10,3,0,0,0,0,0,0,0,0,0
4584,near,7,12,14,0,0,0,0,0,0,0,0,0
4586,near,5,5,3,0,0,0,0,0,0,0,0,0
4587,exact,5,6,4,0,0,0,0,0,0,0,0,0
4588,exact,7,12,3,0,0,0,0,0,0,0,0,0
4589,near,7,9,5,0,1,1,0,0,1,0,0,1
4590,exact,8,14,7,0,0,0,0,0,0,0,0,0
4591,exact,8,19,11,0,0,0,1,0,0,0,0,0
4592,far,9,22,7,0,0,0,0,0,0,0,0,0
4593,far,1,2,3,0,0,0,0,0,0,0,0,0
4594,near,2,3,2,1,1,1,1,1,1,1,0,0
4595,exact,8,15,8,0,0,0,0,0,0,0,0,0
4596,exact,1,2,2,0,0,0,0,0,0,0,0,0
4597,near,3,4,2,0,0,0,0,0,0,0,0,0
4598,exact,3,4,3,0,0,0,0,0,0,0,0,0
4599,exact,7,9,1,0,0,0,0,0,1,0,0,0
4600,near,6,7,1,0,0,0,0,0,0,0,0,0
4601,far,6,8,8,0,0,0,0,0,0,0,0,0
4602,exact,9,35,7,0,1,0,1,1,1,0,0,0
4603,near,5,5,2,0,0,0,0,0,0,0,0,0
4604,exact,6,7,1,0,0,0,0,0,0,0,0,0
4605,near,9,51,29,3,2,1,5,3,3,1,3,1
4606,far,8,14,3,0,0,0,1,0,0,0,0,0
4608,far,3,4,1,0,0,0,0,0,0,0,0,0
4611,near,5,5,1,0,0,0,0,0,0,0,0,0
4612,exact,3,4,2,0,0,0,0,0,0,0,0,0
4613,near,6,7,3,0,0,0,0,0,0,0,0,0
4614,near,7,10,5,0,0,0,0,0,0,0,0,0
4615,exact,5,6,1,0,0,0,0,0,0,0,0,0
4616,near,1,2,2,0,0,0,0,0,0,0,0,0
4618,exact,2,3,1,0,0,0,0,0,0,0,0,0
4619,near,2,3,1,0,0,0,0,0,0,0,0,0
4620,exact,9,68,36,1,1,0,4,0,1,3,0,0
4621,exact,3,4,2,0,0,0,0,0,0,0,0,0
4622,exact,3,4,5,0,0,0,0,0,0,0,0,0
4623,near,8,14,5,0,0,0,0,0,0,0,0,0
4625,near,8,14,4,0,0,0,0,0,0,0,0,0
4626,near,2,3,3,0,0,0,0,0,0,0,0,0
4627,exact,7,12,5,0,0,0,0,0,0,0,0,0
4628,exact,2,3,1,0,0,0,0,0,0,0,0,0
4629,near,8,20,9,0,0,0,0,0,0,0,0,0
4630,near,1,2,2,0,0,0,0,0,0,0,0,0
4631,near,6,8,2,0,0,0,0,0,0,0,0,0
4632,exact,9,41,21,0,0,0,1,0,0,0,0,0
4633,near,7,10,5,0,0,0,0,0,0,0,0,0
4634,near,9,28,8,0,0,1,0,0,0,0,0,0
4635,near,6,7,1,0,0,0,0,0,0,0,0,0
4637,exact,9,62,29,0,1,0,2,4,1,0,4,2
4638,near,8,13,5,0,0,0,0,0,0,0,0,0
4639,exact,9,24,2,0,0,0,0,0,0,0,0,0
4640,exact,9,22,6,0,0,0,0,0,0,0,0,0
4641,exact,7,9,1,0,0,0,0,0,0,0,0,0
4642,exact,7,12,4,0,0,1,1,1,1,0,0,1
4643,exact,1,2,4,0,0,0,0,0,0,0,0,0
4644,exact,8,13,2,0,0,0,0,0,0,0,0,0
4646,exact,7,9,4,0,0,0,0,1,0,0,0,0
4647,near,1,2,1,0,0,0,0,0,0,0,0,0
4648,near,9,33,11,1,1,0,1,1,1,1,1,0
4649,exact,3,4,3,0,0,0,0,0,0,0,0,0
4650,near,2,3,2,0,0,0,0,0,0,0,0,0
4651,exact,2,3,1,0,0,0,0,0,0,0,0,0
4653,far,8,15,4,0,0,0,0,0,0,0,0,0
4654,exact,8,17,5,0,0,0,0,0,0,0,0,0
4655,exact,3,4,5,1,0,1,1,0,1,1,0,0
4656,exact,9,27,14,0,0,0,0,0,0,0,0,0
4657,exact,5,5,1,0,0,0,0,0,0,0,0,0
4658,exact,5,6,1,0,0,0,0,0,0,0,0,0
4659,near,5,6,1,0,0,0,0,0,0,0,0,0
4660,exact,7,11,11,0,0,0,0,0,0,0,0,0
4661,exact,0,1,2,0,0,0,0,0,0,0,0,0
4662,exact,2,3,1,0,0,0,0,0,0,0,0,0
4663,exact,7,12,8,1,1,0,0,1,0,0,1,0
4664,near,6,8,5,0,0,0,0,0,0,0,0,0
4667,exact,9,254,72,39,35,44,31,30,39,43,34,40
4668,exact,5,6,3,0,0,0,0,0,0,0,0,0
4669,exact,2,3,1,0,0,0,0,0,0,0,0,0
4670,far,6,8,6,3,2,2,2,2,2,2,2,2
4671,exact,9,106,53,3,2,3,2,2,3,1,2,0
4672,far,7,9,3,0,0,0,0,0,0,0,0,0
4673,exact,3,4,6,0,0,0,0,0,0,0,0,0
4675,exact,5,5,6,0,0,0,0,0,0,0,0,0
4676,exact,1,2,4,0,0,0,0,0,0,0,0,0
4677,far,8,21,1,0,0,0,0,0,0,0,0,0
4679,exact,7,10,2,1,1,1,1,1,1,1,1,1
4680,far,2,3,1,0,0,0,0,0,0,0,0,0
4681,exact,5,6,1,0,0,0,0,0,0,0,0,0
4682,near,0,1,1,0,0,0,0,0,0,0,0,0
4683,near,6,8,2,0,0,0,0,0,0,0,0,0
4684,exact,9,25,7,1,1,1,1,1,1,1,1,1
4685,near,6,7,3,0,0,0,0,0,0,0,0,0
4686,near,1,2,2,0,0,0,0,0,0,0,0,0
4687,exact,5,6,1,0,0,0,0,0,0,0,0,0
4688,exact,6,8,1,0,0,0,0,0,0,0,0,0
4689,near,1,2,2,0,0,0,0,0,0,0,0,0
4690,near,1,2,2,0,0,0,0,0,0,0,0,0
4691,exact,7,10,5,0,0,0,0,0,0,0,0,0
4692,near,1,2,3,0,0,0,0,0,0,0,0,0
4693,exact,6,7,3,0,0,1,0,0,1,0,0,0
4694,exact,9,65,22,2,0,2,3,0,1,1,0,1
4695,near,6,8,1,0,0,0,0,0,0,0,0,0
4696,exact,9,32,16,0,0,0,0,1,0,0,0,0
4698,exact,5,6,1,0,0,0,0,0,0,0,0,0
4699,exact,2,3,1,0,0,0,0,0,0,0,0,0
4700,exact,3,4,5,0,0,0,0,0,0,0,0,0
4701,near,1,2,1,0,0,0,0,0,0,0,0,0
4703,near,9,58,24,0,0,1,1,1,1,0,1,1
4704,near,7,10,2,0,0,0,0,0,0,0,0,0
4705,exact,7,9,9,0,0,0,0,0,0,0,0,0
4707,exact,1,2,2,0,0,0,0,0,0,0,0,0
4708,near,3,4,1,0,0,0,0,0,0,0,0,0
4710,exact,9,30,13,0,0,1,0,0,0,0,0,0
4711,exact,7,9,5,0,0,0,0,0,0,0,0,0
4712,near,6,7,1,1,1,1,1,1,1,1,1,1
4713,far,5,6,5,0,0,0,0,0,0,0,0,0
4714,far,7,10,5,0,0,0,0,0,0,0,0,0
4715,far,5,5,5,0,0,0,0,0,0,0,0,0
4716,far,6,7,2,0,0,0,0,0,0,0,0,0
4717,near,8,18,5,0,0,0,0,0,0,0,0,0
4718,exact,2,3,1,0,0,0,0,0,0,0,0,0
4719,far,5,6,1,0,0,0,0,0,0,0,0,0
4720,exact,9,24,9,0,0,0,0,0,0,0,0,0
4721,exact,5,6,4,0,0,0,0,0,0,0,0,0
4722,exact,9,29,11,0,0,0,0,0,0,0,0,0
4723,exact,3,4,2,0,0,0,0,0,0,0,0,0
4725,near,3,4,1,0,0,0,0,0,0,0,0,0
4726,near,1,2,1,0,0,0,0,0,0,0,0,0
4727,exact,2,3,3,0,0,0,0,0,0,0,0,0
4728,near,7,10,2,0,0,0,0,0,0,0,0,0
4729,far,7,10,6,0,0,0,0,0,0,0,0,0
4730,exact,3,4,1,0,0,0,0,0,0,0,0,0
4731,exact,6,8,5,0,0,0,0,0,0,0,0,0
4732,near,8,16,8,0,0,0,0,0,0,0,0,0
4733,near,7,11,5,0,0,0,0,0,0,0,0,0
4734,exact,0,1,1,0,0,0,0,0,0,0,0,0
4735,near,2,3,1,0,0,0,0,0,0,0,0,0
4736,near,7,12,2,0,0,0,0,0,0,0,0,0
4737,near,3,4,1,0,0,0,0,0,0,0,0,0
4738,exact,7,9,1,0,0,0,0,0,0,0,0,0
4739,far,5,5,1,0,0,0,0,0,0,0,0,0
4740,exact,8,13,2,0,0,0,0,0,0,0,0,0
4741,near,9,70,14,5,5,1,5,6,4,3,3,2
4742,near,2,3,2,0,0,0,0,0,0,0,0,0
4743,near,5,5,7,0,0,0,0,0,0,0,0,0
4744,near,8,18,9,0,0,0,0,0,0,0,0,0
4745,near,3,4,2,0,0,0,0,0,0,0,0,0
4746,exact,0,1,2,0,0,0,0,0,0,0,0,0
4747,near,3,4,1,0,0,0,0,0,0,0,0,0
4748,near,2,3,1,0,0,0,0,0,0,0,0,0
4749,near,5,5,2,0,0,0,0,0,0,0,0,0
4750,exact,1,2,1,0,0,0,0,0,0,0,0,0
4751,exact,3,4,1,0,0,0,0,0,0,0,0,0
4752,near,7,10,3,0,0,0,0,0,0,0,0,0
4754,exact,7,11,5,0,0,0,0,0,0,0,0,0
4755,near,7,9,2,0,0,0,0,0,0,0,0,0
4756,exact,3,4,1,0,0,0,0,0,0,0,0,0
4758,near,0,1,3,0,0,0,0,0,0,0,0,0
4759,near,1,2,1,0,0,0,0,0,0,0,0,0
4760,exact,8,17,5,1,1,1,1,1,1,0,1,1
4761,exact,8,18,8,0,0,0,0,0,0,0,0,0
4762,near,6,8,4,0,0,0,0,0,0,0,0,0
4763,exact,9,24,10,0,0,0,0,0,0,0,0,0
4764,exact,1,2,1,0,0,0,0,0,0,0,0,0
4765,exact,6,7,6,0,0,0,0,0,0,0,0,0
4766,exact,6,7,2,0,0,0,0,0,0,0,0,0
4767,far,1,2,2,0,0,0,0,0,0,0,0,0
4768,near,3,4,1,0,0,0,0,0,0,0,0,0
4769,near,6,8,2,0,0,0,0,0,0,0,0,0
4770,exact,5,6,2,0,0,0,0,0,0,0,0,0
4772,near,7,12,2,0,0,0,0,0,0,0,0,0
4773,exact,2,3,1,0,0,0,0,0,0,0,0,0
4775,exact,6,7,1,0,0,0,0,0,0,0,0,0
4776,near,2,3,1,0,0,0,0,0,0,0,0,0
4777,exact,5,5,1,0,0,0,0,0,0,0,0,0
4778,exact,5,6,5,0,0,0,0,0,0,0,0,0
4779,far,8,15,8,0,0,0,0,0,0,0,0,0
4780,exact,6,8,8,1,1,1,1,1,1,1,1,1
4781,exact,7,11,1,0,0,0,0,0,0,0,0,0
4782,exact,7,12,6,0,1,1,0,1,1,0,1,1
4783,exact,7,12,8,0,0,0,0,0,0,0,0,0
4784,exact,7,10,8,1,1,1,1,1,1,0,0,0
4785,exact,6,8,5,1,2,2,1,2,2,1,0,1
4786,exact,3,4,2,0,0,0,0,0,0,0,0,0
4787,near,0,1,1,0,0,0,0,0,0,0,0,0
4788,near,1,2,2,0,0,0,0,0,0,0,0,0
4790,near,7,9,5,0,0,0,0,0,0,0,0,0
4791,exact,3,4,2,1,1,0,1,1,1,1,1,0
4792,exact,5,6,1,0,0,0,0,0,0,0,0,0
4793,near,8,16,7,0,0,0,0,0,0,0,0,0
4794,exact,0,1,4,0,0,0,0,0,0,0,0,0
4795,exact,3,4,1,0,0,0,0,0,0,0,0,0
4796,exact,6,7,1,0,0,0,0,0,0,0,0,0
4797,exact,2,3,2,0,1,1,0,1,1,0,0,0
4798,near,8,19,3,0,0,0,0,0,0,0,0,0
4799,exact,8,14,4,0,0,0,0,0,0,0,0,0
4800,near,7,10,8,0,0,0,0,0,0,0,0,0
4801,exact,1,2,3,0,0,0,0,0,0,0,0,0
4803,exact,9,36,12,0,0,0,0,0,0,0,0,0
4804,exact,3,4,2,0,0,0,0,0,0,0,0,0
4805,exact,2,3,3,0,0,0,0,0,0,0,0,0
4806,exact,9,36,5,5,5,5,5,5,5,5,5,5
4808,near,5,5,2,0,0,0,0,0,0,0,0,0
4810,near,5,5,3,0,0,0,0,0,0,0,0,0
4811,exact,7,11,6,0,0,0,0,0,0,0,0,0
4813,exact,2,3,4,0,0,0,0,0,0,0,0,0
4814,exact,7,12,2,0,0,0,0,0,0,0,0,0
4815,near,5,5,1,0,0,0,0,0,0,0,0,0
4816,exact,8,21,3,0,0,0,0,0,0,0,0,0
4817,near,2,3,1,0,0,0,0,0,0,0,0,0
4818,near,3,4,1,0,0,0,0,0,0,0,0,0
4819,exact,9,37,10,2,1,0,1,0,0,1,1,0
4820,near,0,1,5,0,0,0,0,0,0,0,0,0
4821,exact,0,1,3,0,0,0,0,0,0,0,0,0
4822,exact,5,5,2,0,0,0,0,0,0,0,0,0
4823,far,5,5,4,0,0,0,0,0,0,0,0,0
4824,exact,6,8,7,0,0,0,0,0,0,0,0,0
4825,near,5,6,3,0,0,0,0,0,0,0,0,0
4827,near,0,1,2,0,0,0,0,0,0,0,0,0
4828,exact,0,1,2,0,0,0,0,0,0,0,0,0
4829,near,5,5,2,0,0,0,0,0,0,0,0,0
4830,far,8,13,3,0,0,0,0,0,0,0,0,0
4831,exact,1,2,1,0,0,0,0,0,0,0,0,0
4832,exact,3,4,1,0,0,0,0,0,0,0,0,0
4833,near,5,5,1,0,0,0,0,0,0,0,0,0
4835,near,8,18,6,0,0,0,0,0,0,0,0,0
4836,near,9,44,20,0,0,0,0,0,0,0,0,0
4838,exact,2,3,5,0,0,0,0,0,0,0,0,0
4839,near,5,6,4,0,0,0,0,0,1,0,1,0
4840,exact,7,10,2,0,0,0,0,0,0,0,0,0
4842,near,7,12,3,0,0,0,0,0,0,0,0,0
4843,exact,8,18,9,0,0,1,0,0,1,0,0,1
4845,exact,9,119,52,5,3,5,5,3,4,6,4,4
4847,near,6,8,5,0,0,0,0,0,0,0,0,0
4848,far,5,6,3,1,0,1,0,0,1,0,1,1
4849,near,2,3,2,0,0,0,0,0,0,0,0,0
4850,near,5,5,1,0,0,0,0,0,0,0,0,0
4851,far,8,16,5,0,0,0,0,0,0,0,0,0
4852,exact,7,11,6,0,0,0,0,0,0,0,0,0
4854,near,1,2,1,0,0,0,0,0,0,0,0,0
4855,exact,3,4,3,0,0,0,0,0,0,0,0,0
4856,far,3,4,5,0,0,0,0,0,0,0,0,0
4857,near,2,3,1,0,0,0,0,0,0,0,0,0
4858,near,7,12,12,0,0,0,0,0,0,0,0,0
4859,near,3,4,1,0,0,0,0,0,0,0,0,0
4860,near,6,7,5,0,0,0,0,0,0,0,0,0
4861,far,6,7,2,0,0,0,0,0,0,0,0,0
4862,exact,8,16,4,0,0,0,0,0,0,0,0,0
4863,far,5,5,3,0,0,0,0,0,0,0,0,0
4864,near,9,56,27,0,1,1,1,1,1,1,2,0
4865,exact,7,9,4,0,0,0,0,0,0,0,0,0
4866,near,5,5,3,0,0,0,0,0,0,0,0,0
4867,exact,3,4,1,0,0,0,0,0,0,0,0,0
4868,near,8,15,5,0,0,0,0,0,0,0,0,0
4869,near,8,21,10,1,0,0,0,0,0,0,0,0
4871,near,6,7,1,0,0,0,0,0,0,0,0,0
4873,exact,5,5,3,0,0,0,0,0,0,0,0,0
4874,exact,1,2,2,0,0,0,0,0,0,0,0,0
4876,near,1,2,1,0,0,0,0,0,0,0,0,0
4877,exact,2,3,3,0,0,0,0,0,0,0,0,0
4878,exact,1,2,2,0,0,0,0,0,0,0,0,0
4879,near,9,23,6,0,0,0,0,0,0,0,0,0
4880,exact,2,3,1,0,0,0,0,0,0,0,0,0
4881,exact,5,5,3,0,0,0,0,0,0,0,0,0
4882,exact,3,4,1,0,0,0,0,1,1,0,0,0
4883,near,3,4,1,0,0,0,0,0,0,0,0,0
4884,near,8,15,10,0,0,0,0,0,0,0,0,0
4885,near,5,5,3,0,0,0,0,0,0,0,0,0
4886,exact,2,3,2,0,0,0,0,0,0,0,0,0
4887,exact,9,37,12,0,0,0,0,0,0,0,0,0
4889,far,1,2,3,0,0,0,0,0,0,0,0,0
4890,near,5,6,2,0,0,0,0,0,0,0,0,0
4891,near,8,17,13,0,0,0,0,0,0,0,0,0
4892,near,5,5,3,0,0,1,0,0,1,0,0,1
4893,far,8,21,14,0,0,0,0,1,0,0,0,0
4894,exact,8,16,12,0,0,0,0,0,0,0,0,0
4895,exact,2,3,2,0,0,0,0,0,0,0,0,0
4897,near,5,6,2,0,0,0,0,0,0,0,0,0
4898,exact,1,2,2,0,0,0,0,0,0,0,0,0
4900,exact,7,10,1,0,0,0,0,0,0,0,0,0
4901,exact,9,24,9,0,0,0,0,0,0,0,0,0
4903,near,5,6,2,0,0,0,0,0,0,0,0,0
4904,near,5,6,1,0,0,0,0,0,0,0,0,0
4905,exact,0,1,3,0,0,0,0,0,0,0,0,0
4906,exact,5,5,1,0,0,0,0,0,0,0,0,0
4907,exact,8,17,4,0,0,0,0,0,0,0,0,0
4908,near,5,6,3,0,0,0,0,0,0,0,0,0
4909,near,9,80,32,1,0,1,1,0,1,1,0,1
4911,near,9,39,15,1,1,1,1,3,2,1,1,1
4912,near,5,6,3,0,0,0,0,0,0,0,0,0
4913,exact,1,2,3,0,0,0,0,0,0,0,0,0
4914,near,9,31,8,0,0,0,0,1,0,0,0,0
4915,exact,2,3,1,0,0,0,0,0,0,0,0,0
4916,exact,5,6,5,0,0,0,0,0,0,0,0,0
4917,exact,5,5,4,0,0,0,0,0,0,0,0,0
4918,exact,5,5,2,0,0,0,0,0,0,0,0,0
4919,exact,5,5,1,0,0,0,0,0,0,0,0,0
4920,near,1,2,1,0,0,0,0,0,0,0,0,0
4921,near,3,4,2,0,0,0,0,0,0,0,0,0
4922,near,6,8,1,0,0,0,0,0,0,0,0,0
4923,exact,5,5,1,0,0,0,0,0,0,0,0,0
4924,exact,7,12,3,0,0,0,0,0,0,0,0,0
4926,far,3,4,1,0,0,0,0,0,0,0,0,0
4927,near,3,4,4,0,0,0,0,0,0,0,0,0
4928,exact,5,5,2,0,0,0,0,0,0,0,0,0
4929,near,7,12,11,0,0,0,0,0,0,0,0,0
4932,near,3,4,2,0,0,0,0,0,0,0,0,0
4933,exact,1,2,2,0,0,0,0,0,0,0,0,0
4934,near,5,5,2,0,0,0,0,0,0,0,0,0
4935,near,1,2,4,0,0,0,0,0,0,0,0,0
4936,exact,5,5,1,0,0,0,0,0,0,0,0,0
4937,exact,5,5,2,1,0,0,0,0,0,0,0,0
4938,near,6,8,1,0,0,0,0,0,0,0,0,0
4939,far,2,3,1,0,0,0,0,0,0,0,0,0
4940,exact,6,7,1,1,0,0,0,0,0,0,0,0
4941,near,1,2,3,0,0,0,0,0,0,0,0,0
4942,near,5,6,3,0,0,0,0,0,0,0,0,0
4943,far,3,4,1,0,0,0,0,0,0,0,0,0
4944,far,9,111,54,3,4,2,2,2,3,2,6,4
4945,exact,9,43,10,1,1,1,1,2,1,1,1,1
4946,exact,5,6,1,0,0,0,0,0,0,0,0,0
4947,exact,0,1,3,0,0,0,0,0,0,0,0,0
4948,far,8,17,10,0,0,0,0,0,0,0,0,0
4949,exact,8,13,11,2,2,1,2,2,1,1,3,1
4950,near,9,260,93,12,13,20,27,17,19,14,10,14
4951,near,2,3,2,0,0,0,0,0,0,0,0,0
4952,exact,6,7,1,0,0,0,0,0,0,0,0,0
4953,near,3,4,1,0,0,0,0,0,0,0,0,0
4954,far,5,6,1,0,0,0,0,0,0,0,0,0
4955,exact,8,21,7,0,0,0,0,0,0,0,0,0
4956,exact,6,7,4,0,0,0,0,0,0,0,0,0
4957,exact,9,56,9,0,0,0,0,1,0,0,0,0
4958,near,5,5,3,0,0,0,0,0,0,0,0,0
4959,exact,7,12,7,0,0,0,0,0,0,0,0,0
4960,near,2,3,4,0,0,0,0,0,0,0,0,0
4961,near,7,11,2,0,0,0,0,0,0,0,0,0
4962,far,3,4,1,0,0,0,0,0,0,0,0,0
4963,exact,3,4,3,0,0,0,0,0,0,0,0,0
4966,exact,2,3,1,0,0,0,0,0,0,0,0,0
4967,exact,1,2,1,0,0,0,0,0,0,0,0,0
4968,exact,5,6,3,0,0,0,0,0,0,0,0,0
4969,near,5,6,4,0,0,0,0,0,0,0,0,0
4970,exact,5,5,4,0,0,0,0,0,0,0,0,0
4971,exact,7,12,2,0,0,0,0,0,0,0,0,0
4972,exact,1,2,1,0,0,0,0,0,0,0,0,0
4975,exact,1,2,2,0,0,0,0,0,0,0,0,0
4976,exact,7,11,4,0,0,0,0,0,0,0,0,0
4977,exact,1,2,2,0,0,0,0,0,0,0,0,0
4978,exact,5,5,1,0,0,0,0,0,0,0,0,0
4979,near,7,9,1,0,0,0,0,0,0,0,0,0
4980,exact,3,4,1,0,0,0,0,0,0,0,0,0
4981,exact,1,2,6,0,0,0,0,0,0,0,0,0
4982,exact,5,5,1,0,0,0,0,0,0,0,0,0
4983,exact,3,4,3,0,0,0,0,0,0,0,0,0
4984,near,9,30,10,0,0,0,1,0,0,0,0,0
4985,near,0,1,3,0,0,0,0,0,0,0,0,0
4986,near,8,17,8,1,1,1,1,1,1,1,1,1
4987,exact,1,2,2,0,0,0,0,0,0,0,0,0
4989,exact,0,1,2,0,0,0,0,0,0,0,0,0
4990,exact,8,17,4,0,0,0,0,0,0,0,0,0
4991,near,1,2,3,0,0,0,0,0,0,0,0,0
4992,exact,5,6,3,1,1,1,1,1,1,1,1,1
4993,exact,2,3,5,0,0,0,0,0,0,0,0,0
4994,near,8,18,9,0,0,0,1,0,0,0,0,0
4995,exact,2,3,1,0,0,0,0,0,0,0,0,0
4996,exact,2,3,4,0,0,0,0,0,0,0,0,0
4997,near,2,3,3,0,0,0,0,0,0,0,0,0
4998,exact,7,9,2,0,0,0,0,0,0,0,0,0
4999,near,1,2,1,0,0,0,0,0,0,0,0,0
5000,far,3,4,1,0,0,0,0,0,0,0,0,0
5001,far,2,3,2,0,0,0,0,0,0,0,0,0
5002,exact,9,27,11,0,1,0,1,0,0,0,0,0
5004,near,5,6,5,0,0,1,0,0,1,0,0,0
5005,far,6,8,3,0,0,0,0,0,0,0,0,0
5006,exact,3,4,1,0,0,0,0,0,0,0,0,0
5007,exact,2,3,2,0,0,0,0,0,0,0,0,0
5008,exact,8,17,7,0,0,0,0,0,0,0,0,0
5009,near,7,9,5,0,0,0,0,0,0,0,0,0
5010,exact,5,5,2,0,0,0,0,0,0,0,0,0
5013,far,5,5,2,0,0,0,0,0,0,0,0,0
5015,near,3,4,1,0,0,0,0,0,0,0,0,0
5016,near,5,5,1,0,0,0,0,0,0,0,0,0
5017,near,8,19,15,0,0,0,0,0,0,0,0,0
5018,exact,6,8,3,0,0,0,0,0,0,0,0,0
5019,exact,3,4,2,0,0,0,0,0,0,0,0,0
5020,near,6,7,3,0,0,0,0,0,0,0,0,0
5022,near,7,12,9,0,0,0,0,1,0,0,1,0
5023,near,2,3,1,0,0,0,0,0,0,0,0,0
5025,near,0,1,2,0,0,0,0,0,0,0,0,0
5026,exact,2,3,2,0,0,0,0,0,0,0,0,0
5027,near,7,9,2,0,0,0,0,0,0,0,0,0
5028,near,9,53,26,0,0,0,0,0,0,0,1,1
5029,exact,9,59,25,1,1,0,0,0,1,1,0,0
5030,near,3,4,3,0,0,0,0,0,0,0,0,0
5031,near,8,16,7,0,0,0,0,0,0,0,0,0
5033,exact,5,5,2,0,0,0,0,0,0,0,0,0
5034,exact,2,3,4,0,0,0,0,0,0,0,0,0
5035,near,5,6,3,0,0,0,0,0,0,0,0,0
5037,exact,1,2,6,0,0,0,0,0,0,0,0,0
5038,exact,2,3,4,0,0,0,0,0,0,0,0,0
5039,exact,7,11,1,0,0,0,0,0,0,0,0,0
5040,exact,7,10,7,0,0,0,0,0,0,0,0,0
5041,near,7,10,2,0,0,0,0,0,0,0,0,0
5042,far,3,4,1,0,0,0,0,0,0,0,0,0
5043,near,1,2,1,1,1,1,1,1,1,0,0,1
5044,exact,9,24,12,0,0,1,0,0,0,0,0,0
5045,far,2,3,2,0,0,0,0,0,0,0,0,0
5046,exact,8,13,4,1,0,1,0,1,0,0,1,0
5047,exact,3,4,2,0,0,0,0,0,0,0,0,0
5048,near,3,4,2,0,0,0,0,0,0,0,0,0
5049,far,2,3,1,0,0,0,0,0,0,0,0,0
5050,exact,5,5,5,0,0,0,0,0,0,0,0,0
5051,exact,2,3,1,0,0,0,0,0,0,0,0,0
5052,far,6,8,4,0,0,0,0,0,0,0,0,0
5054,far,2,3,2,0,0,0,0,0,0,0,0,0
5055,near,5,5,2,0,0,0,0,0,0,0,0,0
5057,exact,1,2,2,0,0,0,0,0,0,0,0,0
5058,exact,6,7,6,0,0,0,0,0,0,0,0,0
5059,near,6,7,1,0,0,0,0,0,0,0,0,0
5060,far,8,18,7,0,0,0,0,0,0,0,0,0
5061,exact,9,26,11,0,0,0,0,0,0,0,0,0
5062,exact,2,3,4,0,0,0,0,0,0,0,0,0
5063,near,3,4,1,0,0,0,0,0,0,0,0,0
5064,near,8,14,8,0,0,0,0,0,0,0,0,0
5065,far,9,30,8,4,3,2,3,3,2,2,3,2
5067,far,8,17,6,0,0,0,0,0,0,0,0,0
5068,exact,5,5,1,0,0,0,0,0,0,0,0,0
5069,near,2,3,1,0,0,0,0,0,0,0,0,0
5070,exact,1,2,1,0,0,0,0,0,0,0,0,0
5071,near,0,1,3,0,0,0,0,0,0,0,0,0
5072,exact,6,7,3,0,0,0,0,0,0,0,0,0
5073,exact,5,6,8,0,0,0,0,0,0,0,0,0
5074,exact,2,3,3,0,0,0,0,0,0,0,0,0
5075,exact,5,5,1,0,0,0,0,0,0,0,0,0
5076,near,1,2,1,0,0,0,0,0,0,0,0,0
5077,exact,6,7,3,0,0,0,0,0,0,0,0,0
5078,exact,2,3,2,0,0,0,0,0,0,0,0,0
5079,exact,5,5,2,0,0,0,0,0,0,0,0,0
5080,near,5,5,2,0,0,0,0,0,0,0,0,0
5081,near,1,2,4,0,0,0,0,0,0,0,0,0
5082,near,9,38,16,0,0,0,0,0,0,0,0,0
5083,exact,6,7,1,0,0,0,0,0,0,0,0,0
5086,exact,9,30,6,0,0,1,0,0,0,0,0,0
5087,exact,5,5,1,0,0,0,0,0,0,0,0,0
5088,exact,5,5,7,0,0,0,0,0,0,0,0,0
5089,near,8,14,3,0,0,0,0,0,0,0,0,0
5090,exact,9,31,11,1,0,0,1,1,1,0,0,0
5091,exact,1,2,2,0,0,0,0,0,0,0,0,0
5092,exact,7,10,5,0,0,0,0,0,0,0,0,0
5093,near,8,14,11,0,0,0,0,0,0,0,0,0
5094,exact,2,3,4,0,0,0,0,0,0,0,0,0
5095,exact,7,10,2,0,0,0,0,0,0,1,0,0
5096,exact,3,4,3,0,0,0,0,0,0,0,0,0
5097,exact,3,4,1,0,0,0,0,0,0,0,0,0
5098,near,7,12,6,0,0,0,0,0,0,0,0,0
5099,exact,0,1,1,0,0,0,0,0,0,0,0,0
5100,exact,7,11,6,0,0,0,0,0,0,0,0,0
5101,near,9,209,92,5,8,5,8,6,5,6,10,7
5102,near,5,6,1,0,0,0,0,0,0,0,0,0
5103,exact,6,7,1,0,0,0,0,0,0,0,0,0
5105,exact,5,5,1,0,0,0,0,0,0,0,0,0
5106,exact,9,58,20,0,1,0,1,2,1,1,0,1
5107,exact,5,5,1,0,0,0,0,0,0,0,0,0
5108,exact,5,5,3,1,1,1,1,1,1,1,1,1
5109,near,5,5,1,0,0,0,0,0,0,0,0,0
5110,exact,1,2,3,0,0,0,0,0,0,0,0,0
5111,exact,8,19,5,0,0,0,0,0,0,0,0,0
5112,exact,3,4,1,0,0,0,0,0,0,0,0,0
5113,near,1,2,1,0,0,0,0,0,0,0,0,0
5114,exact,2,3,2,0,0,0,0,0,0,0,0,0
5115,exact,3,4,1,0,0,0,0,0,0,0,0,0
5116,near,7,12,5,0,0,0,0,0,0,0,0,0
5118,exact,7,9,1,0,0,0,0,0,0,0,0,0
5119,near,8,16,8,0,0,0,0,0,0,0,0,0
5120,exact,0,1,2,0,0,0,0,0,0,0,0,0
5121,exact,3,4,3,0,0,0,0,0,0,0,0,0
5122,near,3,4,1,0,0,0,0,0,0,0,0,0
5123,exact,7,12,9,0,0,0,0,0,0,0,0,0
5125,exact,0,1,2,0,0,0,0,0,0,0,0,0
5126,near,6,7,1,0,0,0,0,0,0,0,0,0
5127,exact,3,4,1,0,0,0,0,0,0,0,0,0
5128,exact,9,22,8,0,0,1,0,0,1,0,0,1
5129,exact,7,10,4,0,0,0,0,0,0,0,0,0
5130,near,8,14,10,0,0,0,0,0,0,0,0,0
5131,near,8,14,4,0,0,0,0,0,0,0,0,0
5132,far,3,4,2,0,0,0,0,0,0,0,0,0
5133,exact,9,52,23,1,1,1,1,1,1,1,0,1
5136,exact,2,3,1,0,0,0,0,0,0,0,0,0
5137,near,5,6,2,0,0,0,0,0,0,0,0,0
5138,exact,2,3,1,0,0,0,0,0,0,0,0,0
5139,exact,0,1,2,0,0,0,0,0,0,0,0,0
5141,exact,0,1,1,0,0,0,0,0,0,0,0,0
5142,exact,2,3,1,0,0,0,0,0,0,0,0,0
5143,exact,9,65,30,1,1,1,1,1,1,1,2,2
5144,exact,5,5,1,0,0,0,0,0,0,0,0,0
5145,exact,8,13,4,1,0,0,1,1,2,0,0,0
5146,exact,7,9,9,0,0,0,0,0,0,0,0,0
5147,near,9,22,7,0,0,0,0,0,0,0,0,0
5149,exact,0,1,3,0,0,0,0,0,0,0,0,0
5150,near,8,13,6,0,0,0,1,0,0,0,0,0
5151,exact,1,2,1,0,0,0,0,0,0,0,0,0
5152,near,7,9,1,0,0,0,0,0,0,0,0,0
5153,near,8,20,7,0,0,0,0,0,0,0,0,0
5154,near,3,4,2,0,0,0,0,0,0,0,0,0
5155,exact,1,2,2,0,0,0,0,0,0,0,0,0
5156,near,9,45,10,0,0,0,0,0,0,0,0,0
5157,near,2,3,1,0,0,0,0,0,0,0,0,0
5158,near,2,3,2,0,0,0,0,0,0,0,0,0
5159,near,8,19,4,1,0,1,1,0,1,1,0,1
5160,exact,5,5,2,0,0,0,0,0,0,0,0,0
5161,exact,5,5,1,0,0,0,0,0,0,0,0,0
5162,far,5,6,6,0,0,0,0,0,0,0,0,0
5163,exact,3,4,3,0,0,0,0,0,0,0,0,0
5164,near,6,8,1,0,0,0,0,0,0,0,0,0
5165,exact,5,6,2,0,0,0,0,0,0,0,0,0
5166,near,6,7,4,0,0,0,0,0,0,0,0,0
5167,far,8,16,12,1,1,1,1,0,1,1,0,0
5168,far,7,10,3,0,0,0,1,0,1,0,0,0
5169,exact,3,4,3,0,0,0,0,0,0,0,0,0
5170,near,8,17,2,0,0,0,0,0,0,0,0,0
5171,near,7,9,1,0,0,0,0,0,0,0,0,0
5172,exact,5,5,2,0,0,0,0,0,0,0,0,0
5173,near,8,21,8,4,3,3,4,4,3,4,5,3
5174,exact,2,3,2,0,0,0,0,0,0,0,0,0
5175,exact,1,2,2,0,0,0,0,0,0,0,0,0
5176,exact,7,10,3,0,0,0,0,0,0,0,0,0
5177,exact,2,3,4,0,0,0,0,0,0,0,0,0
5178,near,3,4,1,0,0,0,0,0,0,0,0,0
5179,near,1,2,1,0,0,0,0,0,0,0,0,0
5180,exact,1,2,3,0,0,0,0,0,0,0,0,0
5181,near,0,1,3,0,0,0,0,0,0,0,0,0
5182,exact,8,14,5,2,0,0,1,0,0,0,0,0
5183,exact,2,3,2,0,0,0,0,0,0,0,0,0
5184,far,2,3,1,0,0,0,0,0,0,0,0,0
5185,exact,7,12,5,0,0,0,0,0,0,0,0,0
5186,exact,8,19,3,0,0,0,0,0,0,0,0,0
5187,exact,9,70,30,0,0,1,1,0,1,2,0,1
5188,near,9,37,7,0,0,0,0,0,0,0,0,0
5189,exact,7,9,2,0,0,0,0,0,0,0,0,0
5190,exact,3,4,3,0,0,0,0,0,0,0,0,0
5192,near,9,24,9,0,0,0,0,0,0,0,0,0
5193,exact,5,6,1,0,0,0,0,0,0,0,0,0
5194,exact,8,13,10,0,0,0,0,0,0,0,0,0
5196,far,3,4,1,0,0,0,0,0,0,0,0,0
5197,far,6,8,3,1,2,1,2,2,2,1,2,1
5198,exact,6,8,1,0,0,0,0,0,0,0,0,0
5199,near,3,4,1,0,0,0,0,0,0,0,0,0
5200,near,2,3,2,0,0,0,0,0,0,0,0,0
5201,exact,7,9,2,0,0,0,0,0,0,0,0,0
5202,exact,1,2,1,0,0,0,0,0,0,0,0,0
5203,near,8,19,1,0,0,0,0,0,0,0,0,0
5204,exact,2,3,1,0,0,0,0,0,0,0,0,0
5205,near,6,8,4,0,1,0,0,0,0,0,0,1
5206,exact,3,4,3,0,0,0,0,0,0,0,0,0
5207,near,3,4,3,0,0,0,0,0,0,0,0,0
5208,near,5,5,1,0,0,0,0,0,0,0,0,0
5209,near,8,13,3,0,0,0,0,0,0,0,0,0
5210,exact,6,7,2,0,0,0,0,0,0,0,0,0
5211,exact,8,13,6,0,0,0,0,0,0,0,0,0
5212,exact,1,2,1,0,0,0,0,0,0,0,0,0
5213,near,2,3,2,0,0,0,0,0,0,0,0,0
5214,near,5,6,1,0,0,0,0,0,0,0,0,0
5215,near,5,5,2,0,0,0,0,0,0,0,0,0
5216,exact,5,5,2,0,0,0,0,0,0,0,0,0
5217,exact,8,18,7,0,0,0,0,1,0,0,0,0
5218,near,3,4,4,0,0,0,0,0,0,0,0,0
5219,exact,5,6,3,0,0,0,0,0,0,0,0,0
5220,exact,9,52,22,1,0,0,1,0,0,1,0,0
5221,near,5,5,3,0,0,0,0,0,0,0,0,0
5222,exact,2,3,3,0,0,0,0,0,0,0,0,0
5223,exact,8,15,3,0,0,0,0,0,0,0,0,0
5225,exact,0,1,4,0,0,0,0,0,0,0,0,0
5226,near,1,2,2,0,0,0,0,0,0,0,0,0
5227,near,8,18,3,0,0,0,0,0,0,0,0,0
5228,exact,5,5,1,0,0,0,0,0,0,0,0,0
5229,exact,5,5,2,0,0,0,0,0,0,0,0,0
5230,near,2,3,2,0,0,0,0,0,0,0,0,0
5232,near,8,21,8,0,0,0,0,0,0,0,0,0
5233,near,1,2,1,0,0,0,0,0,0,0,0,0
5234,near,3,4,1,0,0,0,0,0,0,0,0,0
5235,exact,9,35,16,0,0,0,0,0,0,0,0,0
5236,exact,3,4,4,0,0,0,0,0,0,0,0,0
5237,exact,5,6,3,0,0,0,0,0,0,0,0,0
5239,exact,2,3,2,0,0,0,0,0,0,0,0,0
5240,exact,0,1,2,0,0,0,0,0,0,0,0,0
5241,near,8,14,3,0,0,0,0,0,0,0,0,0
5242,near,2,3,1,0,0,0,0,0,0,0,0,0
5243,near,6,8,5,0,0,0,0,1,0,0,0,0
5244,far,1,2,5,0,0,0,0,0,0,0,0,0
5245,far,2,3,1,0,0,0,0,0,0,0,0,0
5246,exact,6,8,3,0,1,0,0,0,0,0,0,0
5247,exact,3,4,2,0,0,0,0,0,0,0,0,0
5248,near,3,4,1,0,0,0,0,0,0,0,0,0
5249,exact,7,10,1,0,0,0,0,0,0,0,0,0
5250,near,6,7,1,0,0,0,0,0,0,0,0,0
5251,near,8,13,2,0,0,0,0,0,0,0,0,0
5252,far,7,9,2,0,0,0,0,0,0,0,0,0
5253,near,1,2,2,0,0,0,0,0,0,0,0,0
5254,near,7,9,2,0,0,0,0,0,0,0,0,0
5255,near,2,3,1,0,0,0,0,0,0,0,0,0
5256,exact,1,2,4,0,0,0,0,0,0,0,0,0
5258,exact,9,23,15,0,0,0,0,0,0,0,0,0
5259,far,5,5,3,0,0,0,0,0,0,0,0,0
5260,exact,5,6,1,0,0,0,0,0,0,0,0,0
5261,far,9,24,2,0,0,0,0,0,0,0,0,0
5262,far,0,1,5,0,0,0,0,0,0,0,0,0
5263,far,7,11,1,0,0,0,0,0,0,0,0,0
5264,far,1,2,4,0,0,0,0,0,0,0,0,0
5265,near,9,37,12,0,0,0,0,0,0,0,0,0
5266,far,9,45,13,0,0,0,0,0,0,0,0,0
5267,near,6,7,2,0,0,0,0,0,0,0,0,0
5268,near,7,10,4,0,0,0,0,0,0,0,0,0
5269,exact,7,12,2,0,0,0,1,0,0,0,0,0
5270,far,3,4,1,0,0,0,0,0,0,0,0,0
5271,exact,9,43,11,0,0,1,0,0,1,0,0,1
5273,exact,0,1,3,0,0,0,0,0,0,0,0,0
5274,exact,9,44,13,1,1,1,2,2,2,1,1,1
5275,near,6,7,1,0,0,0,0,0,0,0,0,0
5276,exact,2,3,3,0,0,0,0,0,0,0,0,0
5277,near,2,3,1,0,0,0,0,0,0,0,0,0
5278,exact,1,2,2,0,0,0,0,0,0,0,0,0
5280,exact,5,5,5,0,0,0,0,0,0,0,0,0
5281,near,6,7,2,0,0,0,0,0,0,0,0,0
5282,near,1,2,2,0,0,0,0,0,0,0,0,0
5283,near,9,22,12,0,0,0,0,0,0,0,0,0
5284,exact,5,6,3,0,0,0,0,0,0,0,0,0
5285,exact,7,9,2,0,0,0,0,0,0,0,0,0
5286,exact,7,12,3,0,0,0,0,0,0,0,0,0
5288,near,6,8,2,0,1,1,1,0,0,0,1,0
5289,exact,6,7,1,0,0,0,0,0,0,0,0,0
5290,far,8,19,7,0,0,0,0,0,0,0,0,0
5291,far,7,12,4,0,0,0,0,0,0,0,0,0
5292,near,7,10,2,0,0,0,0,0,0,0,0,0
5293,near,8,18,5,0,0,0,0,0,0,0,0,0
5294,near,9,22,7,0,0,0,0,0,1,0,0,0
5295,near,7,9,4,0,0,0,0,0,0,0,0,0
5296,near,7,10,4,0,0,0,0,0,0,0,0,0
5297,far,3,4,3,0,0,0,0,0,0,0,0,0
5299,near,6,7,4,0,0,0,0,0,0,0,0,0
5300,exact,9,82,23,0,0,2,1,1,2,2,2,2
5301,far,8,15,3,2,1,2,2,1,2,2,1,2
5302,near,8,13,5,0,0,0,0,0,0,0,0,0
5303,near,8,14,3,0,0,1,0,0,2,0,0,0
5304,near,5,5,5,0,0,0,0,0,0,0,0,0
5305,exact,5,6,1,0,0,0,0,0,0,0,0,0
5306,exact,5,5,4,2,2,2,2,2,2,2,2,2
5308,far,5,6,5,0,0,0,0,0,0,0,0,0
5309,exact,2,3,1,0,0,0,0,0,0,0,0,0
5310,near,0,1,2,0,0,0,0,0,0,0,0,0
5311,near,8,19,8,0,0,0,0,0,0,0,0,0
5312,exact,6,8,2,0,0,0,0,0,0,0,0,0
5313,far,8,13,1,0,0,0,0,0,0,0,0,0
5314,near,9,40,15,0,1,0,0,1,0,0,1,0
5315,far,9,57,27,0,0,3,1,1,3,1,0,1
5316,exact,9,30,20,2,1,0,2,2,0,1,1,1
5317,near,9,37,28,1,1,1,1,1,1,1,1,1
5318,exact,5,6,1,1,1,0,0,1,0,0,1,0
5319,exact,8,15,2,0,0,0,0,0,0,0,0,0
5320,near,7,9,5,0,0,0,0,0,0,0,0,0
5321,near,7,12,11,0,0,0,0,0,0,0,0,0
5322,far,3,4,1,0,0,0,0,0,0,0,0,0
5324,near,3,4,2,0,0,0,0,0,0,0,0,0
5325,exact,9,49,16,3,3,2,3,3,2,3,2,0
5326,exact,3,4,4,0,0,0,0,0,0,0,0,0
5327,near,5,5,3,0,0,0,0,0,0,0,0,0
5328,exact,2,3,2,0,0,0,0,0,0,0,0,0
5329,near,6,7,3,0,0,0,0,0,0,0,0,0
5330,near,3,4,3,0,0,0,0,0,0,0,0,0
5331,exact,7,10,2,0,0,0,0,0,0,0,0,0
5332,exact,5,5,6,0,0,0,0,0,0,0,0,0
5333,exact,3,4,3,0,0,0,0,0,0,0,0,0
5334,exact,8,18,8,0,0,0,0,0,0,0,0,0
5335,exact,2,3,1,0,0,0,0,0,0,0,0,0
5336,exact,0,1,2,0,0,0,0,0,0,0,0,0
5337,exact,2,3,4,0,0,0,0,0,0,0,0,0
5338,near,9,25,2,0,0,0,0,0,0,0,0,0
5339,exact,6,7,1,0,0,0,0,0,0,0,0,0
5340,exact,8,14,7,0,0,0,0,0,0,0,0,0
5344,near,3,4,1,0,0,0,0,0,0,0,0,0
5345,near,3,4,1,0,0,0,0,0,0,0,0,0
5346,exact,2,3,1,0,0,0,0,0,0,0,0,0
5347,exact,8,15,5,0,0,0,0,0,0,0,0,0
5348,exact,7,9,1,0,0,0,0,0,0,0,0,0
5349,exact,6,8,2,0,0,0,0,0,0,0,0,0
5350,near,5,6,2,0,0,0,0,0,0,0,0,0
5351,near,2,3,2,0,0,0,0,0,0,0,0,0
5352,near,0,1,2,0,0,0,0,0,0,0,0,0
5353,exact,1,2,1,0,0,0,0,0,0,0,0,0
5354,near,7,12,4,0,0,0,0,0,0,0,0,0
5355,near,1,2,1,0,0,0,0,0,0,0,0,0
5356,near,5,6,1,0,0,0,0,0,0,0,0,0
5357,near,8,16,12,0,0,0,0,0,0,0,0,0
5358,exact,7,10,1,0,0,0,0,0,0,0,0,0
5360,far,8,19,10,3,3,4,4,5,3,3,3,2
5361,near,5,5,4,0,0,0,0,0,0,0,0,0
5362,near,7,12,1,0,0,0,0,0,0,0,0,0
5363,exact,9,30,9,0,0,0,0,0,0,0,0,0
5364,near,7,10,1,0,0,0,0,0,0,0,0,0
5365,exact,3,4,4,0,0,0,0,0,0,0,0,0
5366,far,9,32,24,1,1,2,3,1,3,2,0,1
5367,near,7,12,1,0,0,0,0,0,0,0,0,0
5369,exact,2,3,1,0,0,0,0,0,0,0,0,0
5370,far,1,2,3,0,0,0,0,0,0,0,0,0
5371,exact,7,10,2,0,0,0,0,0,0,0,0,0
5373,exact,0,1,1,0,0,0,0,0,0,0,0,0
5374,exact,7,10,1,0,0,0,0,0,0,0,0,0
5378,exact,9,47,8,0,1,1,0,0,1,0,0,2
5379,exact,5,6,4,0,0,0,0,0,0,0,0,0
5380,exact,9,25,13,0,0,0,0,0,0,0,0,0
5381,near,0,1,2,0,0,0,0,0,0,0,0,0
5384,exact,1,2,2,0,0,0,0,0,0,0,0,0
5385,near,3,4,1,0,0,0,0,0,0,0,0,0
5386,near,6,8,1,0,0,0,0,0,0,0,0,0
5387,far,9,23,10,0,0,0,0,0,0,0,0,0
5388,near,6,8,5,1,1,0,2,2,0,1,2,0
5389,near,8,15,3,0,0,0,0,0,0,0,0,0
5390,near,9,34,8,0,0,0,0,0,0,0,0,0
5391,near,9,22,7,0,0,0,0,0,0,0,0,0
5392,near,9,53,20,1,0,0,1,0,0,1,1,0
5393,exact,8,19,4,0,0,0,0,0,0,0,0,0
5394,exact,5,6,1,0,0,0,0,0,0,0,0,0
5395,exact,9,33,12,1,0,0,1,0,0,0,0,0
5396,near,5,5,1,0,0,0,0,0,0,0,0,0
5397,exact,8,17,5,0,0,0,0,0,0,0,0,0
5398,near,6,8,1,0,1,0,0,0,0,0,0,0
5399,exact,3,4,1,0,0,0,0,0,0,0,0,0
5400,far,5,6,2,0,0,0,0,0,0,0,0,0
5401,near,7,11,5,0,0,0,0,0,0,0,0,0
5402,near,6,7,2,0,0,0,0,0,0,0,0,0
5403,near,2,3,1,0,0,0,0,0,0,0,0,0
5404,near,2,3,3,0,0,0,0,0,0,0,0,0
5405,near,3,4,1,0,0,0,0,0,0,0,0,0
5406,exact,3,4,2,0,0,0,0,0,0,0,0,0
5407,exact,9,44,35,2,3,1,1,2,2,1,2,0
5408,exact,2,3,2,0,0,0,0,0,0,0,0,0
5409,exact,6,7,1,0,0,0,0,0,0,0,0,0
5410,far,2,3,2,0,0,0,0,0,0,0,0,0
5412,near,2,3,3,0,0,0,0,0,0,0,0,0
5413,exact,7,9,3,0,0,0,0,0,0,0,0,0
5414,exact,5,6,3,0,0,0,0,0,0,0,0,0
5415,exact,6,7,3,0,0,0,0,0,0,0,0,0
5416,exact,9,37,20,0,0,0,1,0,0,0,0,0
5417,near,8,16,4,0,0,0,0,0,0,0,0,0
5418,near,9,22,9,1,1,2,1,2,1,1,1,2
5419,exact,0,1,4,0,0,0,0,0,0,0,0,0
5420,near,6,7,4,0,0,0,0,0,0,0,0,0
5421,exact,6,7,3,0,0,0,0,0,0,0,0,0
5422,exact,3,4,1,0,0,0,0,0,0,0,0,0
5423,far,8,21,7,0,0,0,0,0,0,0,0,0
5424,exact,2,3,1,0,0,0,0,0,0,0,0,0
5425,exact,3,4,2,0,0,0,0,0,0,0,0,0
5426,near,3,4,2,0,0,0,0,0,0,0,0,0
5428,exact,0,0,2,0,0,0,0,0,0,0,0,0
5429,exact,7,12,3,0,0,0,0,0,0,0,0,0
5430,exact,8,13,4,0,0,0,0,0,0,0,0,0
5432,exact,9,24,17,3,3,3,3,3,3,3,3,3
5433,exact,2,3,2,0,0,0,0,0,0,0,0,0
5434,exact,8,17,5,0,0,0,0,0,0,0,0,0
5435,near,8,15,9,0,0,0,0,0,0,0,0,0
5436,near,1,2,4,0,0,0,0,0,0,0,0,0
5437,near,8,16,9,0,0,1,0,0,2,0,0,1
5438,exact,5,5,2,0,0,0,0,0,0,0,0,0
5439,exact,3,4,1,0,0,0,0,0,0,0,0,0
5440,exact,6,7,2,0,0,0,0,0,0,0,0,0
5441,exact,5,6,1,0,0,0,0,0,0,0,0,0
5442,near,5,6,2,0,0,0,0,0,0,0,0,0
5443,exact,2,3,2,0,0,0,0,0,0,0,0,0
5444,far,1,2,1,0,0,0,0,0,0,0,0,0
5445,near,8,17,5,0,0,0,0,0,0,0,0,0
5447,exact,6,8,3,0,0,0,0,0,0,0,0,0
5448,exact,1,2,3,0,0,0,0,0,0,0,0,0
5449,exact,5,5,1,1,1,1,0,1,0,0,1,0
5450,exact,9,22,6,0,0,0,0,0,0,0,0,0
5451,exact,3,4,1,0,0,0,0,0,0,0,0,0
5453,exact,8,15,3,0,0,0,0,0,0,0,0,0
5454,far,9,46,13,0,0,0,0,0,0,0,0,0
5455,exact,8,13,4,0,0,0,0,0,0,0,0,0
5456,near,8,16,13,0,0,0,0,0,0,0,0,0
5457,exact,7,9,2,0,0,0,0,0,0,0,0,0
5458,near,3,4,3,0,0,0,0,0,0,0,0,0
5460,far,5,6,3,0,0,0,0,0,0,0,0,0
5461,near,3,4,2,0,0,0,0,0,0,0,0,0
5462,exact,2,3,2,0,0,0,0,0,0,0,0,0
5463,near,9,58,16,0,0,0,0,0,0,0,0,0
5464,exact,5,5,1,0,0,0,0,0,0,0,0,0
5465,exact,3,4,1,0,0,0,0,0,0,0,0,0
5467,exact,2,3,3,0,0,0,0,0,0,0,0,0
5468,exact,7,12,7,1,0,2,1,1,2,0,2,1
5469,exact,5,5,5,0,0,0,0,0,0,0,0,0
5470,near,8,16,8,0,0,0,0,0,0,0,0,0
5472,near,3,4,1,0,0,0,0,0,0,0,0,0
5473,exact,5,6,2,0,0,0,0,0,0,0,0,0
5474,near,2,3,1,0,0,0,0,0,0,0,0,0
5475,near,1,2,2,0,0,0,0,0,0,0,0,0
5476,exact,5,6,3,0,0,0,0,0,0,0,0,0
5477,exact,9,29,21,0,0,0,1,0,0,0,0,0
5478,near,2,3,2,0,0,0,0,0,0,0,0,0
5479,near,3,4,3,0,0,0,0,0,0,0,0,0
5481,far,7,9,4,0,0,0,0,0,0,0,0,0
5482,near,7,10,1,0,0,0,0,0,0,0,0,0
5483,near,3,4,5,0,0,0,0,0,0,0,0,0
5484,far,5,5,4,0,0,0,0,0,0,0,0,0
5485,exact,1,2,1,0,0,0,0,0,0,0,0,0
5486,exact,9,57,19,1,1,0,0,0,1,0,0,1
5487,exact,1,2,1,0,0,0,0,0,0,0,0,0
5488,far,3,4,1,0,0,0,0,0,0,0,0,0
5489,exact,2,3,1,0,0,0,0,0,0,0,0,0
5490,exact,5,6,5,0,0,0,0,0,0,0,0,0
5491,exact,0,1,1,0,0,0,0,0,0,0,0,0
5492,exact,9,30,5,1,1,2,1,1,2,1,1,2
5493,exact,9,27,13,1,1,0,1,1,0,2,1,1
5494,near,6,8,2,0,0,0,0,0,0,0,0,0
5495,exact,2,3,1,0,0,0,0,0,0,0,0,0
5496,exact,1,2,1,0,0,0,0,0,0,0,0,0
5497,near,5,5,1,0,0,0,0,0,0,0,0,0
5498,exact,5,5,3,0,0,0,0,0,0,0,0,0
5499,exact,3,4,1,0,0,0,0,0,0,0,0,0
5500,near,1,2,1,0,0,0,0,0,0,0,0,0
5503,exact,2,3,2,0,0,0,0,0,0,0,0,0
5504,exact,7,9,3,0,0,0,0,0,0,0,0,0
5506,far,8,18,7,0,0,0,0,0,0,0,0,0
5507,far,1,2,2,0,0,0,0,0,0,0,0,0
5508,near,5,6,3,0,0,0,0,0,0,0,0,0
5509,near,5,5,1,0,0,0,0,0,0,0,0,0
5510,exact,1,2,3,0,0,0,0,0,0,0,0,0
5511,near,3,4,3,0,0,0,0,0,0,0,0,0
5512,far,5,5,2,0,0,0,0,0,0,0,0,0
5513,exact,1,2,2,0,0,0,0,0,0,0,0,0
5514,near,9,26,14,1,1,1,1,1,2,0,0,1
5515,far,6,8,6,0,0,0,0,0,0,0,0,0
5517,far,9,29,17,0,0,0,0,0,0,0,0,0
5518,near,8,15,7,0,0,0,0,0,0,0,0,0
5519,exact,2,3,2,0,0,0,0,0,0,0,0,0
5520,near,5,6,2,0,0,0,0,0,0,0,0,0
5521,far,8,16,4,0,0,0,0,0,0,0,0,0
5522,exact,7,10,1,0,0,0,0,0,0,0,0,0
5523,far,7,10,6,0,0,0,0,0,0,0,0,0
5524,exact,1,2,5,0,0,0,0,0,0,0,0,0
5525,near,9,158,26,10,12,10,10,11,11,11,11,11
5526,near,9,129,57,6,4,6,8,4,7,9,3,6
5527,near,7,10,2,0,0,0,0,0,0,0,0,0
5529,far,9,61,32,2,1,1,0,2,2,1,2,0
5530,exact,2,3,2,0,0,0,0,0,0,0,0,0
5531,exact,1,2,3,0,0,0,0,0,0,0,0,0
5532,far,5,6,2,0,0,0,0,0,0,0,0,0
5533,exact,1,2,3,0,0,0,0,0,0,0,0,0
5534,exact,1,2,2,0,0,0,0,0,0,0,0,0
5535,exact,3,4,2,0,0,0,0,0,0,0,0,0
5536,exact,8,17,7,0,0,0,0,0,0,0,0,0
5537,far,5,5,1,1,1,1,1,1,1,0,1,1
5538,near,5,6,3,0,0,0,0,0,0,0,0,0
5539,exact,8,14,8,0,0,0,0,0,0,0,0,0
5540,exact,1,2,1,0,0,0,0,0,0,0,0,0
5542,near,3,4,3,0,0,0,0,0,0,0,0,0
5544,exact,8,16,6,1,2,2,1,2,1,0,2,2
5545,near,9,38,15,0,1,0,2,0,1,0,0,0
5546,near,6,8,3,0,0,0,0,0,0,0,0,0
5547,exact,1,2,2,0,0,0,0,0,0,0,0,0
5548,near,9,33,15,1,0,0,1,0,1,1,0,0
5549,near,8,13,7,0,0,0,0,0,0,0,0,0
5550,near,8,13,3,0,0,0,0,0,0,0,0,0
5551,far,7,10,5,0,0,0,0,0,0,0,0,0
5552,near,5,5,7,0,0,0,0,0,0,0,0,0
5553,far,3,4,1,0,0,0,0,0,0,0,0,0
5554,exact,9,24,9,2,2,2,2,2,2,1,0,2
5555,far,9,28,8,0,0,0,0,0,0,0,0,0
5556,exact,2,3,4,0,0,0,0,1,1,0,0,0
5557,exact,9,26,7,1,0,1,1,1,1,1,0,1
5558,exact,5,5,4,0,1,0,0,1,0,0,0,0
5560,exact,5,5,1,0,0,0,0,0,0,0,0,0
5561,exact,6,7,3,0,0,0,0,0,0,0,0,0
5563,near,2,3,2,0,0,0,0,0,0,0,0,0
5564,exact,1,2,2,0,0,0,0,0,0,0,0,0
5565,exact,8,14,5,0,0,0,0,0,0,0,0,0
5566,exact,5,6,3,0,0,0,0,0,0,0,0,0
5567,near,3,4,1,0,0,0,0,0,0,0,0,0
5568,near,7,9,2,0,0,0,0,0,0,0,0,0
5569,far,2,3,1,0,0,0,0,0,0,0,0,0
5571,exact,7,10,2,0,0,0,0,0,0,0,0,0
5573,near,3,4,6,0,0,0,0,0,0,0,0,0
5575,far,8,18,8,1,1,0,1,1,1,0,1,0
5576,exact,6,8,4,0,0,0,0,0,0,0,0,0
5577,exact,8,17,10,0,0,0,0,0,0,0,0,0
5578,far,2,3,3,0,0,0,0,0,0,0,0,0
5580,near,5,6,3,0,0,0,0,0,0,0,0,0
5581,near,9,66,14,4,1,2,4,3,3,4,2,5
5583,near,2,3,1,0,0,0,0,0,0,0,0,0
5585,far,6,8,4,0,0,0,0,0,0,0,0,0
5586,far,9,22,1,1,1,1,1,1,1,1,1,1
5587,near,3,4,2,0,0,0,0,0,0,0,0,0
5589,near,9,41,13,0,0,0,0,0,0,0,0,0
5590,near,1,2,2,0,0,0,0,0,0,0,0,0
5591,near,8,19,11,0,0,0,0,0,0,0,0,0
5592,exact,6,8,2,0,0,0,0,0,0,0,0,0
5593,exact,8,15,4,0,0,0,0,1,0,0,0,0
5595,near,1,2,3,0,0,0,0,0,0,0,0,0
5596,near,8,17,11,0,0,0,0,0,0,0,0,0
5597,exact,7,10,2,0,1,1,1,1,1,0,0,1
5598,far,2,3,1,1,1,1,1,1,0,1,1,0
5599,exact,6,8,3,0,0,0,1,0,0,1,0,0
5600,near,8,19,9,0,0,0,0,0,0,0,0,0
5601,near,7,12,2,0,0,0,0,0,0,0,0,0
5603,exact,9,25,9,1,0,0,0,0,0,0,0,0
5604,near,5,5,1,0,0,0,0,0,0,0,0,0
5606,exact,3,4,2,0,0,0,0,0,0,0,0,0
5607,near,9,58,36,0,0,0,1,0,0,1,0,0
5608,exact,6,7,1,0,0,0,0,0,0,0,0,0
5609,exact,9,35,5,0,0,0,0,0,0,0,0,0
5610,exact,7,9,3,0,0,0,0,0,0,0,0,0
5611,exact,3,4,5,0,0,0,0,0,0,0,0,0
5612,exact,5,5,5,1,1,1,1,1,1,1,1,1
5613,near,9,31,11,0,0,0,2,1,1,0,0,0
5614,near,3,4,1,0,0,0,0,0,0,0,0,0
5615,far,9,97,25,1,0,4,3,0,3,1,0,0
5616,exact,6,8,3,0,0,0,0,0,0,0,0,0
5617,exact,2,3,1,0,0,0,0,0,0,0,0,0
5618,exact,6,7,3,0,0,0,0,0,0,0,0,0
5620,near,8,15,4,0,0,1,1,0,1,0,0,1
5621,far,7,12,9,0,0,0,0,0,0,0,0,0
5623,far,9,31,8,1,1,0,0,2,2,1,0,0
5624,near,8,19,6,0,0,0,0,0,0,0,0,0
5625,exact,5,5,1,0,0,0,0,0,0,0,0,0
5627,exact,5,6,2,0,0,0,0,0,0,0,0,0
5628,far,2,3,4,0,0,0,0,0,0,0,0,0
5630,near,2,3,1,0,0,0,0,0,0,0,0,0
5631,near,2,3,3,0,0,0,0,0,0,0,0,0
5633,exact,1,2,3,0,0,0,0,0,0,0,0,0
5634,exact,2,3,2,0,0,0,0,0,0,0,0,0
5635,near,9,91,32,3,4,2,3,2,2,4,4,4
5636,exact,5,5,1,0,0,0,0,0,0,0,0,0
5637,near,8,21,10,1,0,1,1,0,0,0,0,0
5638,near,5,5,1,0,0,0,0,0,0,0,0,0
5639,near,8,14,2,0,0,0,0,0,0,0,0,0
5640,near,5,5,4,0,0,0,0,0,0,0,0,0
5641,exact,6,7,3,0,0,0,0,0,0,0,0,0
5642,exact,9,25,4,0,0,0,0,0,0,0,0,0
5643,exact,6,7,2,0,0,0,0,0,0,0,0,0
5644,far,3,4,1,0,0,0,0,0,0,0,0,0
5646,exact,3,4,1,0,0,0,0,0,0,0,0,0
5647,near,8,18,5,0,0,0,0,0,0,0,0,0
5648,near,3,4,1,0,0,0,0,0,0,0,0,0
5649,near,6,7,2,0,0,0,0,0,0,0,0,0
5650,exact,0,1,1,0,0,0,0,0,0,0,0,0
5651,exact,5,6,1,0,0,0,0,0,0,0,0,0
5652,far,5,5,2,0,0,0,0,0,0,0,0,0
5653,exact,0,1,3,0,0,0,0,0,0,0,0,0
5654,near,5,5,1,1,1,1,1,1,1,1,1,1
5655,near,6,8,2,0,0,0,0,0,0,0,0,0
5656,exact,5,5,5,0,0,0,0,0,0,0,0,0
5657,exact,2,3,1,0,0,0,0,0,0,0,0,0
5658,exact,1,2,1,0,0,0,0,0,0,0,0,0
5659,far,7,12,4,0,0,0,0,0,0,0,0,0
5660,near,7,9,2,0,0,0,0,0,0,0,0,0
5662,exact,6,8,4,0,0,0,0,0,0,0,0,0
5663,near,2,3,2,0,0,0,0,0,0,0,0,0
5664,exact,7,10,7,0,0,0,0,0,0,0,0,0
5665,near,7,10,1,0,0,0,0,0,0,0,0,1
5666,near,8,19,7,0,0,0,0,0,0,0,0,0
5668,exact,7,11,4,0,0,0,0,0,0,0,0,0
5669,far,7,10,2,0,0,0,0,0,0,0,0,0
5670,exact,2,3,1,0,0,0,0,0,0,0,0,0
5671,near,6,7,1,0,0,0,0,0,0,0,0,0
5672,exact,7,12,4,0,0,0,0,0,0,0,0,0
5673,exact,6,7,3,0,1,0,0,1,0,0,0,0
5674,near,2,3,2,0,0,0,0,0,0,0,0,0
5675,near,5,6,4,0,0,0,0,0,0,0,0,0
5676,exact,2,3,2,0,0,0,0,0,0,0,0,0
5677,near,9,24,12,0,0,0,0,0,0,0,0,1
5678,exact,2,3,1,0,0,0,0,0,0,0,0,0
5679,exact,7,11,3,0,0,0,0,0,0,0,0,0
5681,exact,3,4,3,0,0,0,0,0,0,0,0,0
5682,near,5,5,3,0,0,0,0,0,0,0,0,0
5683,exact,8,16,6,0,0,0,0,0,0,0,0,0
5684,near,3,4,1,0,0,0,0,0,0,0,0,0
5685,near,3,4,7,0,0,0,0,0,0,0,0,0
5686,near,6,7,5,0,0,0,0,0,0,0,0,0
5687,exact,9,37,16,1,0,1,2,1,1,1,0,1
5689,far,9,95,50,2,2,3,3,2,2,3,1,2
5690,exact,5,5,1,0,0,0,0,0,0,0,0,0
5691,exact,6,8,4,1,1,1,1,1,1,1,1,1
5692,near,9,50,18,0,1,0,0,1,0,0,1,0
5693,near,3,4,1,0,0,0,0,0,0,0,0,0
5694,near,2,3,1,0,0,0,0,0,0,0,0,0
5695,exact,8,20,7,0,0,0,0,0,0,0,0,0
5696,exact,8,15,9,0,0,0,1,0,1,0,0,0
5697,exact,0,0,1,0,0,0,0,0,0,0,0,0
5698,exact,5,6,1,0,0,0,0,0,0,0,0,0
5699,near,1,2,2,0,0,0,0,0,0,0,0,0
5700,exact,9,30,14,0,0,0,0,0,0,0,0,0
5701,exact,1,2,1,0,0,0,0,0,0,0,0,0
5702,exact,2,3,2,0,0,0,0,0,0,0,0,0
5703,exact,6,8,2,0,0,0,0,0,0,0,0,0
5705,near,6,7,3,0,0,0,0,0,0,0,0,0
5706,exact,6,7,5,0,0,0,0,0,0,0,0,0
5707,exact,2,3,1,0,0,0,0,0,0,0,0,0
5708,near,2,3,1,0,0,0,0,0,0,0,0,0
5709,exact,6,7,3,0,0,0,0,0,0,0,0,0
5710,near,5,6,3,0,0,0,0,0,0,0,0,0
5711,exact,6,8,1,1,1,1,1,1,1,1,1,1
5713,far,6,7,3,0,0,0,0,0,0,0,0,0
5714,near,9,78,37,1,0,1,0,0,1,1,0,1
5715,near,1,2,2,0,0,0,0,0,0,0,0,0
5716,exact,1,2,1,0,0,0,0,0,0,0,0,0
5717,far,7,10,4,0,0,0,0,0,0,0,0,0
5719,exact,2,3,3,0,0,0,0,0,0,0,0,0
5720,near,5,5,3,0,0,0,0,0,0,0,0,0
5722,exact,1,2,3,0,0,0,0,0,0,0,0,0
5723,exact,9,100,43,2,2,3,1,1,1,4,1,3
5724,exact,3,4,4,1,1,0,1,1,0,1,1,0
5726,exact,9,26,7,0,0,0,0,0,0,0,0,0
5727,exact,1,2,2,0,0,0,0,0,0,0,0,0
5728,near,9,97,54,3,2,4,3,1,3,2,1,2
5729,far,7,9,1,0,0,0,0,0,0,0,0,0
5730,exact,5,6,2,0,0,0,0,0,0,0,0,0
5732,exact,5,6,2,0,0,0,0,0,0,0,0,0
5733,exact,5,6,2,0,0,0,0,0,0,0,0,0
5734,near,7,9,4,0,0,0,0,0,0,0,0,0
5735,exact,8,20,5,2,2,2,2,2,2,2,2,2
5737,exact,7,11,6,0,0,0,0,0,0,0,0,0
5738,far,0,1,3,0,0,0,0,0,0,0,0,0
5739,exact,1,2,1,0,0,0,0,0,0,0,0,0
5740,exact,5,5,3,0,0,0,0,0,0,0,0,0
5741,near,0,1,2,0,0,0,0,0,0,0,0,0
5742,near,7,9,1,0,0,0,0,0,0,0,0,0
5745,far,5,6,4,0,0,0,0,0,0,0,0,0
5746,near,6,7,2,0,0,0,0,0,0,0,0,0
5747,near,2,3,1,0,0,0,0,0,0,0,0,0
5748,far,1,2,3,0,0,0,0,0,0,0,0,0
5749,exact,3,4,2,0,0,0,0,0,0,0,0,0
5750,exact,6,7,5,0,0,0,0,0,0,0,0,0
5751,exact,1,2,2,0,0,0,0,0,0,0,0,0
5752,exact,0,1,1,0,0,0,0,0,0,0,0,0
5753,exact,6,8,7,0,0,0,0,0,0,0,0,0
5754,far,7,10,3,0,0,0,0,0,0,0,0,0
5755,exact,7,11,5,0,0,0,0,0,0,0,0,0
5756,far,1,2,2,0,0,0,0,0,0,0,0,0
5757,near,3,4,2,0,0,0,0,0,0,0,0,0
5758,exact,6,7,1,0,0,0,0,0,0,0,0,0
5760,exact,2,3,3,0,0,0,0,0,0,0,0,0
5761,near,9,67,29,1,2,0,1,3,0,2,0,0
5762,exact,7,11,4,0,0,0,0,0,0,0,0,0
5763,near,1,2,2,0,0,0,0,0,0,0,0,0
5764,exact,9,28,13,1,0,0,0,0,0,1,0,0
5766,exact,3,4,3,0,0,0,0,0,0,0,0,0
5767,exact,3,4,3,0,0,0,0,0,0,0,0,0
5768,near,9,57,21,0,1,0,0,2,1,0,0,0
5770,exact,6,8,2,0,0,0,0,0,0,0,0,0
5771,exact,3,4,2,0,0,0,0,0,0,0,0,0
5772,near,5,5,4,0,0,0,0,0,0,0,0,0
5774,near,9,29,21,0,0,0,0,0,1,0,0,0
5775,exact,7,9,3,0,0,0,0,0,0,0,0,0
5776,exact,6,7,1,0,0,0,0,0,0,0,0,0
5777,near,2,3,2,0,0,0,0,0,0,0,0,0
5778,exact,1,2,2,0,0,0,0,0,0,0,0,0
5779,exact,5,5,1,0,0,0,0,0,0,0,0,0
5780,exact,8,18,4,0,0,0,0,0,0,0,0,0
5782,near,6,8,2,0,0,0,0,0,0,0,0,0
5783,near,2,3,3,0,0,0,0,0,0,0,0,0
5784,exact,6,8,5,0,0,0,0,0,0,0,0,0
5785,exact,7,11,3,0,0,0,0,0,0,0,0,0
5786,far,6,7,1,0,0,0,0,0,0,0,0,0
5787,exact,2,3,1,0,0,0,0,0,0,0,0,0
5788,near,9,28,5,0,0,0,0,0,0,0,0,0
5790,far,8,17,9,0,0,0,0,0,0,0,0,0
5791,exact,1,2,1,0,0,0,0,0,0,0,0,0
5792,exact,1,2,2,0,0,0,0,0,0,0,0,0
5793,near,7,9,1,1,1,1,1,1,1,1,1,0
5794,far,7,10,4,0,0,0,0,0,1,0,0,0
5795,exact,2,3,1,0,0,0,0,0,0,0,0,0
5796,near,3,4,1,0,0,0,0,0,0,0,0,0
5797,near,9,98,45,3,2,3,3,4,4,3,3,4
5798,exact,5,6,3,0,0,0,0,0,0,0,0,0
5799,exact,8,15,4,3,3,3,3,3,2,3,3,2
5801,exact,5,5,6,0,0,0,0,0,0,0,0,0
5802,near,7,11,4,0,0,0,0,0,0,0,0,0
5804,far,9,37,14,0,0,0,0,0,0,0,0,0
5805,exact,5,6,1,0,0,0,0,0,0,0,0,0
5806,near,3,4,2,0,0,0,0,0,0,0,0,0
5807,near,7,9,1,0,0,0,0,0,0,0,0,0
5808,exact,7,9,3,0,0,0,0,0,0,0,0,0
5809,near,3,4,2,0,0,0,0,0,0,0,0,0
5810,exact,5,6,1,0,0,0,0,0,0,0,0,0
5811,exact,8,17,2,0,0,0,0,0,0,0,0,0
5812,exact,5,5,3,0,0,0,0,0,0,0,0,0
5813,near,3,4,1,0,0,0,0,0,0,0,0,0
5814,exact,3,4,1,0,0,0,0,0,0,0,0,0
5815,exact,8,16,2,0,0,0,0,0,0,0,0,0
5816,exact,3,4,1,0,0,0,0,0,0,0,0,0
5817,exact,6,8,3,0,0,0,0,0,0,0,0,0
5818,exact,8,18,7,0,0,0,0,0,0,0,0,0
5819,near,5,5,1,0,0,0,0,0,0,0,0,0
5820,exact,9,58,14,1,1,2,1,1,1,1,1,1
5821,exact,6,8,7,0,0,0,0,0,0,0,0,0
5823,exact,7,12,5,1,1,0,1,1,1,1,1,0
5824,exact,3,4,2,0,0,0,0,0,0,0,0,0
5825,exact,1,2,3,0,0,0,0,0,0,0,0,0
5826,near,5,5,1,0,0,0,0,0,0,0,0,0
5827,far,8,16,9,0,0,0,0,0,0,0,0,0
5828,near,6,8,3,0,0,0,0,0,0,0,0,0
5830,near,1,2,1,0,0,0,0,0,0,0,0,0
5831,far,5,6,3,0,0,0,0,0,0,0,0,0
5832,near,2,3,2,0,0,0,0,0,0,0,0,0
5833,near,7,10,4,0,0,0,0,0,0,0,0,0
5834,exact,1,2,4,0,0,0,0,0,0,0,0,0
5835,near,1,2,2,0,0,0,0,0,0,0,0,0
5836,near,3,4,3,0,0,0,0,0,0,0,0,0
5837,exact,5,6,2,0,0,0,0,0,0,0,0,0
5839,exact,6,7,4,0,0,0,0,0,0,0,0,0
5840,exact,0,1,1,0,0,0,0,0,0,0,0,0
5842,near,7,12,4,0,0,0,0,0,0,0,0,0
5843,exact,1,2,5,0,0,0,0,0,0,0,0,0
5844,exact,2,3,2,0,0,0,0,0,0,0,0,0
5845,exact,9,23,13,0,0,0,0,0,0,0,0,1
5846,exact,2,3,3,0,0,0,0,0,0,0,0,0
5847,far,5,5,5,0,0,0,0,0,0,0,0,0
5848,exact,2,3,1,0,0,0,0,0,0,0,0,0
5849,near,5,6,2,0,0,0,0,0,1,0,0,0
5850,near,6,7,4,0,0,0,0,0,0,0,0,0
5851,near,5,6,3,0,0,0,0,0,0,0,0,0
5852,near,7,11,2,0,1,1,0,1,1,0,1,1
5853,far,9,29,13,0,0,0,0,0,0,0,0,0
5854,near,1,2,2,0,0,0,0,0,0,0,0,0
5855,near,9,22,6,0,0,0,0,0,0,0,0,0
5856,near,6,7,1,0,0,0,0,0,0,0,0,0
5857,exact,9,60,22,1,2,2,3,1,3,2,1,3
5858,near,1,2,2,0,0,0,0,0,0,0,0,0
5859,exact,5,6,1,0,0,0,0,0,0,0,0,0
5860,near,9,58,31,3,1,0,2,0,1,2,1,0
5861,near,8,14,7,1,1,1,1,1,1,1,1,1
5862,exact,7,10,4,0,0,0,0,0,0,0,0,0
5863,exact,9,55,22,1,1,1,2,2,2,2,1,1
5865,exact,2,3,6,0,0,0,0,0,0,0,0,0
5866,exact,9,35,11,0,0,0,0,0,0,0,0,0
5867,near,7,9,1,0,0,0,0,0,0,0,0,0
5868,near,1,2,1,0,0,0,0,0,0,0,0,0
5870,exact,9,68,18,7,6,6,6,5,6,8,6,6
5872,exact,8,13,3,1,0,0,1,0,0,0,0,0
5873,far,9,30,6,0,0,0,0,0,0,0,0,0
5875,near,6,8,6,0,0,0,0,0,0,0,0,0
5876,far,2,3,3,0,0,0,0,0,0,0,0,0
5877,near,2,3,2,0,0,0,0,0,0,0,0,0
5878,exact,5,5,1,0,0,0,0,0,0,0,0,0
5880,exact,5,5,1,0,0,0,0,0,0,0,0,0
5884,exact,3,4,2,0,0,0,0,0,0,0,0,0
5885,far,5,5,2,0,0,0,0,0,0,0,0,0
5886,near,9,35,9,0,1,1,1,1,1,0,1,1
5887,exact,1,2,1,0,0,0,0,0,0,0,0,0
5888,near,5,6,4,0,0,0,0,0,0,0,0,0
5889,exact,5,6,3,0,0,0,0,0,0,0,0,0
5890,exact,3,4,2,0,0,0,0,0,0,0,0,0
5891,near,8,14,6,0,0,0,0,0,0,0,0,0
5893,exact,1,2,1,0,0,0,0,0,0,0,0,0
5894,near,5,5,3,0,0,0,0,0,0,0,0,0
5896,near,7,9,2,0,0,0,0,0,0,0,0,0
5897,exact,7,10,5,0,0,0,0,0,0,0,0,0
5899,near,3,4,1,0,0,0,0,0,0,0,0,0
5900,exact,7,10,4,0,0,0,0,0,0,0,0,0
5901,exact,7,11,6,0,0,0,0,0,0,0,0,0
5902,far,7,10,4,0,0,0,0,0,0,0,0,0
5903,near,5,5,2,0,0,0,0,0,0,0,0,0
5904,near,9,52,34,0,1,0,0,3,0,1,1,0
5905,near,8,20,6,1,1,1,1,1,1,1,1,1
5906,far,9,45,15,0,1,2,0,1,2,0,0,0
5907,exact,1,2,3,0,0,0,0,0,0,0,0,0
5909,far,3,4,1,0,0,0,0,0,0,0,0,0
5910,near,5,6,1,0,0,0,0,0,1,0,0,0
5911,near,7,11,4,0,0,0,0,0,0,0,0,0
5914,exact,5,6,2,0,0,0,0,0,0,0,0,0
5915,near,3,4,4,0,0,0,0,0,0,0,0,0
5916,near,5,6,2,0,0,0,0,0,0,0,0,0
5918,exact,7,10,4,0,0,0,0,0,0,0,0,0
5919,near,5,6,1,0,0,0,0,0,0,0,0,0
5920,near,5,5,4,0,0,0,0,0,0,0,0,0
5921,near,1,2,3,0,0,0,0,0,0,0,0,0
5922,near,1,2,6,0,0,0,0,0,0,0,0,0
5923,near,9,24,20,0,0,0,0,0,0,0,0,0
5924,far,6,8,1,0,0,0,0,0,0,0,0,0
5925,exact,1,2,1,0,0,0,0,0,0,0,0,0
5927,near,5,6,2,0,0,0,0,0,0,0,0,0
5928,exact,8,19,6,0,0,0,0,0,0,0,0,0
5929,exact,7,10,5,0,0,0,0,0,0,0,0,0
5930,near,2,3,4,0,0,0,0,0,0,0,0,0
5931,near,3,4,4,0,0,0,0,0,0,0,0,0
5932,exact,6,8,2,0,0,0,0,0,0,0,0,0
5933,exact,7,9,4,0,0,0,0,0,0,0,0,0
5934,near,9,54,21,0,0,0,1,0,1,0,0,0
5935,near,2,3,1,0,0,0,0,0,0,0,0,0
5936,exact,3,4,5,0,0,0,0,0,0,0,0,0
5937,exact,7,9,4,0,0,0,0,0,0,0,0,0
5938,exact,1,2,1,0,0,0,0,0,0,0,0,0
5939,exact,6,7,3,0,0,0,0,0,0,0,0,0
5940,exact,2,3,1,0,0,0,0,0,0,0,0,0
5941,near,9,54,16,0,0,1,1,0,1,0,0,1
5942,far,9,141,71,12,11,7,12,10,7,14,12,12
5943,near,9,39,24,0,1,1,1,2,1,0,1,1
5945,exact,2,3,3,0,0,0,0,0,0,0,0,0
5947,exact,1,2,3,0,0,0,0,0,0,0,0,0
5948,far,6,7,4,0,0,0,0,0,0,0,0,0
5949,near,5,5,1,0,0,0,0,0,0,0,0,0
5951,near,7,10,1,1,0,1,1,1,1,1,1,1
5952,near,6,7,3,0,0,0,0,0,0,0,0,0
5953,near,5,6,2,0,0,0,0,0,0,0,0,0
5954,far,3,4,1,0,0,0,0,0,0,0,0,0
5955,exact,8,13,4,0,0,0,0,0,0,0,0,0
5956,exact,9,25,14,0,0,0,0,0,0,0,0,0
5957,exact,8,16,5,0,0,0,0,0,1,0,0,0
5958,near,2,3,2,0,0,0,0,0,0,0,0,0
5959,exact,1,2,2,0,0,0,0,0,0,0,0,0
5960,near,6,7,2,0,0,0,0,0,0,0,0,0
5961,exact,5,5,1,0,0,0,0,0,0,0,0,0
5962,near,0,1,5,0,0,0,0,0,0,0,0,0
5963,exact,3,4,1,0,0,0,0,0,0,0,0,0
5964,exact,2,3,2,0,0,0,0,0,0,0,0,0
5965,near,2,3,1,0,0,0,0,0,0,0,0,0
5966,far,2,3,1,0,0,0,0,0,0,0,0,0
5968,exact,2,3,1,0,0,0,0,0,0,0,0,0
5969,near,7,11,5,0,0,0,0,0,0,0,0,0
5970,exact,2,3,1,0,0,0,0,0,0,0,0,0
5971,near,0,1,4,0,0,0,0,0,0,0,0,0
5972,near,1,2,3,1,1,1,1,1,1,1,1,1
5974,far,8,15,4,0,0,0,0,0,0,0,0,0
5975,near,1,2,1,0,0,0,0,0,0,0,0,0
5976,exact,9,24,5,0,0,0,0,0,0,0,0,0
5977,exact,5,5,1,0,0,0,0,0,0,0,0,0
5979,exact,8,17,11,0,0,0,0,0,0,0,0,0
5980,near,3,4,1,0,0,0,0,0,0,0,0,0
5981,near,2,3,2,0,0,0,0,0,0,0,0,0
5982,far,7,9,7,0,0,0,0,0,0,0,0,0
5983,exact,3,4,1,0,0,0,0,0,0,0,0,0
5986,exact,9,46,9,8,6,8,8,6,8,8,7,7
5988,exact,6,7,1,0,0,0,0,0,0,0,0,0
5989,exact,8,19,4,0,0,0,0,0,0,0,0,0
5990,exact,2,3,2,0,0,0,0,0,0,0,0,0
5991,near,6,8,7,0,1,0,0,0,0,0,0,0
5992,near,3,4,2,0,0,0,0,0,0,0,0,0
5993,near,8,14,7,0,0,0,0,0,0,0,0,0
5994,far,6,7,4,0,0,0,0,0,0,0,0,0
5997,exact,1,2,2,0,0,0,0,0,0,0,0,0
5998,exact,1,2,2,0,0,0,0,0,0,0,0,0
5999,exact,8,13,8,0,0,0,0,0,0,0,0,0
6000,near,3,4,2,0,0,0,0,0,0,0,0,0
6002,exact,9,42,17,0,0,0,0,0,0,0,0,0
6003,far,1,2,2,0,0,0,0,0,0,0,0,0
6004,near,6,7,3,0,0,0,0,0,0,0,0,0
6005,near,6,7,6,0,0,0,0,0,1,0,0,0
6006,near,5,5,6,0,0,0,0,0,0,0,0,0
6007,far,5,6,4,0,0,0,0,0,0,0,0,0
6008,exact,5,6,5,0,0,0,0,0,0,0,0,0
6009,exact,0,1,3,0,0,0,0,0,0,0,0,0
6010,near,8,16,2,0,0,0,0,0,0,0,0,0
6011,near,9,24,2,0,0,1,0,0,0,0,0,0
6012,far,1,2,2,0,0,0,0,0,0,0,0,0
6013,near,0,1,2,0,0,0,0,0,0,0,0,0
6014,near,8,18,4,0,1,0,0,0,0,1,1,0
6015,exact,6,8,1,0,0,0,0,0,0,0,0,0
6016,exact,3,4,1,0,0,0,0,0,0,0,0,0
6017,near,0,1,1,0,0,0,0,0,0,0,0,0
6018,near,9,30,13,0,0,0,0,0,0,0,0,0
6019,near,3,4,4,0,0,0,0,0,0,0,0,0
6021,near,9,29,8,0,0,0,0,0,0,0,0,0
6023,far,7,10,2,0,0,0,0,0,0,0,0,0
6024,near,3,4,1,0,0,0,0,0,0,0,0,0
6025,near,3,4,3,0,0,0,0,0,0,0,0,0
6026,exact,1,2,3,0,0,0,0,0,0,0,0,0
6027,exact,2,3,1,0,0,0,0,0,0,0,0,0
6028,exact,6,8,4,0,0,0,0,0,0,0,0,0
6029,near,3,4,2,0,0,0,0,0,0,0,0,0
6031,exact,9,60,30,3,2,1,1,1,0,3,0,0
6032,exact,3,4,4,0,0,0,0,0,0,0,0,0
6033,exact,2,3,3,0,0,0,0,0,0,0,0,0
6034,exact,8,13,5,0,0,0,0,0,0,0,0,0
6035,exact,9,26,10,1,1,1,1,2,0,1,1,1
6037,near,3,4,8,0,0,0,0,0,0,0,0,0
6038,near,7,11,4,0,0,0,0,0,0,0,0,0
6039,near,3,4,2,0,0,0,0,0,0,0,0,0
6040,near,6,8,1,0,0,0,0,0,0,0,0,0
6041,exact,1,2,3,0,0,0,0,0,0,0,0,0
6042,near,6,8,4,0,0,0,0,0,0,0,0,0
6043,near,0,1,1,0,0,0,0,0,0,0,0,0
6044,near,3,4,1,0,0,0,0,0,0,0,0,0
6045,exact,6,7,1,0,0,0,0,0,0,0,0,0
6046,exact,5,5,1,0,0,0,0,0,0,0,0,0
6047,near,5,5,3,0,0,0,0,0,0,0,0,0
6048,exact,9,66,13,1,1,0,1,1,0,1,1,0
6049,exact,6,7,3,0,0,0,0,0,0,0,0,0
6050,exact,5,5,2,0,0,0,0,0,0,0,0,0
6051,exact,9,32,25,0,3,0,0,0,0,1,1,0
6052,near,7,9,4,0,0,0,0,0,0,0,0,0
6053,exact,9,35,2,1,1,1,1,1,1,1,1,1
6054,far,7,10,1,0,0,0,0,0,0,0,0,0
6055,near,3,4,5,0,0,0,0,0,0,0,0,0
6057,exact,1,2,1,0,0,0,0,0,0,0,0,0
6058,exact,3,4,2,0,1,0,0,0,0,0,0,0
6059,near,5,5,1,0,0,0,0,0,0,0,0,0
6061,near,2,3,1,0,0,0,0,0,0,0,0,0
6062,near,2,3,1,0,0,0,0,0,0,0,0,0
6063,exact,5,5,11,0,0,0,0,0,0,0,0,0
6064,near,5,5,3,0,0,0,0,0,0,0,0,0
6065,far,7,10,7,0,0,0,0,0,0,0,0,0
6066,exact,7,9,1,0,0,0,0,0,0,0,0,0
6068,exact,2,3,4,0,0,0,0,0,0,0,0,0
6069,far,8,13,6,0,0,0,0,0,0,0,0,0
6070,exact,5,6,4,0,0,0,0,0,0,0,0,0
6071,near,5,5,2,0,0,0,0,0,0,0,0,0
6072,near,7,10,2,0,0,0,0,0,0,0,0,0
6073,exact,0,1,2,0,0,0,0,0,0,0,0,0
6074,near,8,21,10,0,0,0,0,0,0,0,1,0
6075,near,9,22,12,0,0,0,0,0,0,0,0,0
6077,exact,1,2,2,0,0,0,0,0,0,0,0,0
6078,near,9,22,9,0,0,0,0,0,0,0,0,0
6079,exact,7,12,4,0,0,0,0,0,0,0,0,0
6080,near,0,1,5,0,0,0,0,0,0,0,0,0
6081,exact,1,2,1,0,0,0,0,0,0,0,0,0
6082,exact,0,1,2,0,0,0,0,0,0,0,0,0
6083,near,9,61,31,0,0,1,2,0,1,0,0,2
6084,far,8,13,4,0,0,0,0,0,0,0,0,0
6085,near,2,3,2,0,0,0,0,0,0,0,0,0
6086,far,9,27,4,0,0,0,0,0,0,0,0,0
6087,exact,7,11,2,0,0,0,0,0,0,0,0,0
6088,exact,2,3,1,0,0,0,0,0,0,0,0,0
6089,near,5,5,1,0,0,0,0,0,0,0,0,0
6091,near,9,321,122,15,21,24,12,23,24,21,19,21
6092,exact,7,10,1,0,0,0,0,0,0,0,0,0
6098,far,9,48,22,2,1,0,1,1,1,1,0,0
6100,exact,3,4,3,0,0,0,0,0,0,0,0,0
6101,near,0,1,1,0,0,0,0,0,0,0,0,0
6102,exact,9,84,30,5,3,5,4,5,7,5,3,6
6103,near,1,2,2,0,0,0,0,0,0,0,0,0
6104,exact,8,13,4,0,0,0,0,0,0,0,0,0
6105,exact,5,5,3,0,0,0,0,0,0,0,0,0
6106,exact,7,10,5,0,0,0,0,0,0,0,0,0
6107,exact,5,5,1,0,0,0,0,0,0,0,0,0
6108,near,5,6,3,0,0,0,0,0,0,0,0,0
6109,near,9,36,17,0,0,0,1,0,0,0,0,1
6112,near,1,2,2,0,0,0,0,0,0,0,0,0
6113,near,5,5,1,0,0,0,0,0,0,0,0,0
6114,exact,7,11,5,2,2,1,1,1,1,1,1,1
6115,far,9,64,22,1,0,1,1,0,1,0,0,1
6116,near,3,4,1,0,0,0,0,0,0,0,0,0
6117,exact,5,5,1,0,0,0,0,0,0,0,0,0
6118,exact,3,4,1,0,0,0,0,0,0,0,0,0
6119,exact,3,4,1,0,0,0,0,0,0,0,0,0
6121,exact,0,1,2,0,0,0,0,0,0,0,0,0
6122,exact,2,3,3,0,0,0,0,0,0,0,0,0
6123,exact,7,9,1,0,0,0,0,0,0,0,0,0
6124,near,5,6,3,0,0,0,0,0,0,0,0,0
6125,near,5,5,2,0,0,0,0,0,0,0,0,0
6126,exact,7,11,1,0,0,0,0,0,0,0,0,0
6127,far,5,6,1,0,0,0,0,0,0,0,0,0
6128,exact,2,3,2,0,0,0,0,0,0,0,0,0
6129,near,9,23,7,0,0,0,0,0,0,0,0,0
6130,near,8,14,3,0,0,0,0,0,0,0,0,0
6131,exact,7,9,5,0,0,0,0,0,0,0,0,0
6132,exact,2,3,1,0,0,0,0,0,0,0,0,0
6133,near,7,11,7,1,1,2,1,1,2,1,1,1
6134,exact,0,1,2,0,0,0,0,0,0,0,0,0
6135,near,6,7,2,0,0,0,0,0,0,0,0,0
6136,exact,5,5,5,0,0,0,0,0,0,0,0,0
6137,near,2,3,2,0,0,0,0,0,0,0,0,0
6138,exact,7,11,4,0,0,0,0,0,0,0,0,0
6139,exact,3,4,1,0,0,0,0,0,0,0,0,0
6140,near,2,3,1,0,0,0,0,0,0,0,0,0
6142,exact,7,10,5,0,0,0,0,0,0,0,0,0
6143,exact,2,3,5,0,0,0,0,0,0,0,0,0
6144,exact,6,7,3,0,0,0,0,0,0,0,0,0
6145,exact,5,5,4,0,0,0,0,0,0,0,0,0
6146,exact,7,11,11,0,0,0,0,0,0,0,0,0
6147,exact,5,5,3,0,0,0,0,0,0,0,0,0
6148,exact,1,2,2,0,0,0,0,0,0,0,0,0
6149,exact,5,5,3,0,0,0,0,0,0,0,0,0
6150,near,5,5,1,0,0,0,0,0,0,0,0,0
6151,exact,1,2,3,0,0,0,0,0,0,0,0,0
6153,near,5,5,1,0,0,0,0,0,0,0,0,0
6154,far,5,6,1,0,0,0,0,0,0,0,0,0
6155,near,6,8,6,0,0,0,0,0,0,0,0,0
6156,near,3,4,2,0,0,0,0,0,0,0,0,0
6157,near,7,11,3,0,0,0,0,0,0,0,0,0
6158,near,3,4,2,0,0,0,0,0,0,0,0,0
6159,exact,2,3,1,0,0,0,0,0,0,0,0,0
6160,far,2,3,1,0,0,0,0,0,0,0,0,0
6161,exact,7,9,3,0,0,0,0,0,0,0,0,0
6163,exact,1,2,1,0,0,0,0,0,0,0,0,0
6164,near,3,4,2,0,0,0,0,0,0,0,0,0
6165,exact,9,43,13,0,0,0,0,0,0,0,0,0
6166,exact,3,4,2,0,0,0,0,0,0,0,0,0
6167,near,1,2,4,0,0,0,0,0,0,0,0,0
6168,near,1,2,3,0,0,0,0,0,0,0,0,0
6169,exact,7,10,5,0,0,0,0,0,0,0,0,0
6170,near,8,18,9,1,0,0,1,1,0,1,0,0
6171,exact,7,12,5,0,0,0,0,0,0,0,0,0
6172,near,0,1,3,0,0,0,0,0,0,0,0,0
6173,far,8,20,6,0,0,0,0,0,0,0,0,0
6174,exact,7,12,3,0,0,0,0,0,0,0,0,0
6175,exact,5,6,2,0,0,0,0,0,0,0,0,0
6176,far,6,8,2,0,0,0,0,0,0,0,0,0
6177,exact,2,3,1,0,0,0,0,0,0,0,0,0
6178,exact,5,5,1,0,0,0,0,0,0,0,0,0
6179,exact,7,9,2,0,0,0,0,0,0,0,0,0
6180,near,2,3,1,0,0,0,0,0,0,0,0,0
6181,near,9,83,38,3,2,3,2,5,3,2,3,3
6182,exact,1,2,1,0,0,0,0,0,0,0,0,0
6183,exact,7,9,5,0,0,0,0,0,0,0,0,0
6185,exact,3,4,5,0,0,0,0,0,0,0,0,0
6186,exact,8,14,3,0,0,0,0,0,0,0,0,0
6187,near,5,5,1,1,1,1,1,1,1,1,1,1
6188,near,3,4,1,0,0,0,0,0,0,0,0,0
6189,near,1,2,1,0,0,0,0,0,0,0,0,0
6191,far,1,2,1,0,0,0,0,0,0,0,0,0
6192,exact,2,3,2,0,0,0,0,0,0,0,0,0
6193,near,2,3,1,0,0,0,0,0,0,0,0,0
6194,exact,2,3,5,0,0,0,0,0,0,0,0,0
6195,near,5,6,1,0,0,0,0,0,0,0,0,0
6196,exact,2,3,3,0,0,0,0,0,0,0,0,0
6197,exact,1,2,1,0,0,0,0,0,0,0,0,0
6198,exact,5,6,3,0,0,0,0,0,0,0,0,0
6199,exact,5,5,2,0,0,0,0,0,0,0,0,0
6200,exact,2,3,3,0,0,0,0,0,0,0,0,0
6201,exact,2,3,1,0,0,0,0,0,0,0,0,0
6202,exact,9,81,39,2,3,1,3,2,2,3,3,1
6203,near,7,9,3,0,0,0,0,0,0,0,0,0
6204,far,5,5,2,0,0,0,0,0,0,0,0,0
6205,exact,3,4,1,0,0,0,0,0,0,0,0,0
6206,near,8,21,6,0,0,0,0,0,0,0,0,0
6207,exact,1,2,2,0,0,0,0,0,0,0,0,0
6208,near,7,9,7,0,0,0,0,0,0,0,0,0
6209,near,5,5,1,0,0,0,0,0,0,0,0,0
6210,near,3,4,1,0,0,0,0,0,0,0,0,0
6211,exact,3,4,3,0,0,0,0,0,0,0,0,0
6212,far,8,20,18,0,3,3,2,7,2,0,1,0
6213,near,5,5,1,0,0,0,0,0,0,0,0,0
6215,near,7,9,1,0,0,0,0,0,0,0,0,0
6216,far,6,8,5,0,0,0,0,0,0,0,0,0
6217,near,8,20,8,0,0,0,0,0,0,0,0,0
6218,exact,9,42,23,0,1,0,0,0,0,0,0,0
6219,near,6,7,3,0,0,0,0,0,0,0,0,0
6220,exact,7,12,6,0,0,0,0,0,0,0,0,0
6222,exact,5,6,3,0,0,0,0,0,0,0,0,0
6223,exact,9,31,11,0,0,0,0,0,0,0,0,1
6224,exact,5,6,5,0,0,0,0,0,0,0,0,0
6225,exact,7,12,11,1,1,1,1,1,1,1,1,1
6226,exact,7,11,5,0,0,0,0,0,0,0,0,0
6227,near,6,8,5,0,0,0,0,0,0,0,0,0
6228,exact,3,4,1,0,0,0,0,0,0,0,0,0
6229,near,5,5,3,0,0,0,0,0,0,0,0,0
6230,exact,8,17,4,0,0,0,0,0,0,0,0,0
6231,far,6,8,6,0,0,0,0,0,0,0,0,0
6233,exact,3,4,1,0,0,0,0,0,0,0,0,0
6234,exact,5,6,5,0,0,0,0,0,0,0,0,0
6235,exact,6,8,2,0,0,0,0,0,0,0,0,0
6236,exact,1,2,2,0,0,0,0,0,0,0,0,0
6237,near,6,7,2,0,0,0,0,0,0,0,0,0
6238,near,6,7,8,1,1,1,1,1,1,1,1,1
6239,near,0,1,2,0,0,0,0,0,0,0,0,0
6240,exact,5,5,1,0,0,0,0,0,0,0,0,0
6241,exact,9,36,11,0,0,0,0,0,0,0,0,0
6242,far,9,30,13,0,1,0,0,1,0,1,1,0
6243,near,3,4,1,0,0,0,0,0,0,0,0,0
6244,far,5,6,2,0,0,0,0,0,0,0,0,0
6245,exact,5,6,1,0,0,0,0,0,0,0,0,0
6246,near,3,4,2,0,0,0,0,0,0,0,0,0
6247,exact,5,6,1,0,0,0,0,0,0,0,0,0
6248,exact,5,5,3,0,0,0,0,0,0,0,0,0
6249,near,5,6,2,0,0,1,0,0,1,1,1,1
6250,exact,0,1,2,0,0,0,0,0,0,0,0,0
6251,exact,7,11,6,0,0,0,0,0,0,0,0,0
6254,far,7,10,3,0,0,0,0,0,0,0,0,0
6255,near,9,99,30,4,4,2,2,2,2,4,7,2
6256,near,3,4,2,0,0,0,0,0,0,0,0,0
6257,exact,9,101,37,4,6,1,5,5,1,1,6,3
6258,exact,0,1,2,0,0,0,0,0,0,0,0,0
6259,exact,5,6,3,0,0,0,0,0,0,0,0,0
6261,near,8,15,3,0,0,0,0,0,0,0,0,0
6262,far,6,7,2,0,0,0,0,0,0,0,0,0
6263,near,7,12,6,0,0,0,0,0,0,0,0,0
6264,exact,1,2,1,0,0,0,0,0,0,0,0,0
6265,near,8,13,2,0,0,0,0,0,0,0,0,0
6266,near,9,41,20,0,1,1,0,1,0,1,0,0
6267,near,6,8,1,0,0,0,0,0,0,0,0,0
6268,exact,3,4,2,0,0,0,0,0,0,0,0,0
6269,far,3,4,1,0,0,0,0,0,0,0,0,0
6270,far,7,10,2,0,0,0,0,0,0,0,0,0
6271,exact,8,13,1,0,0,0,0,0,0,0,0,0
6272,exact,9,45,18,0,0,0,0,0,0,0,0,1
6273,exact,3,4,1,0,0,0,0,0,0,0,0,0
6274,near,6,8,2,0,0,0,0,0,0,0,0,0
6275,exact,6,7,2,0,0,0,0,0,0,0,0,0
6277,exact,9,54,13,3,3,2,2,4,2,3,2,2
6278,near,2,3,1,0,0,0,0,0,0,0,0,0
6280,near,8,16,5,0,0,0,0,0,0,0,0,0
6281,exact,3,4,4,0,0,0,0,0,0,0,0,0
6282,near,2,3,5,0,0,0,0,0,0,0,0,0
6284,exact,8,13,10,0,0,0,0,0,0,0,0,0
6285,near,2,3,2,0,0,0,0,0,0,0,0,0
6286,near,2,3,1,0,0,0,0,0,0,0,0,0
6287,exact,5,5,1,0,0,0,0,0,0,0,0,0
6288,exact,7,9,2,0,0,0,0,0,0,0,0,0
6289,exact,6,8,4,0,0,0,0,0,0,0,0,0
6290,near,7,9,2,0,0,0,0,0,0,0,0,0
6291,exact,9,39,17,0,0,0,0,0,0,0,1,0
6292,exact,3,4,4,0,0,0,0,0,0,0,0,0
6293,exact,3,4,2,0,0,0,0,0,0,0,0,0
6294,exact,1,2,4,0,0,0,0,0,0,0,0,0
6295,near,0,1,2,0,0,0,0,0,0,0,0,0
6296,near,5,5,1,0,0,0,0,0,0,0,0,0
6297,near,1,2,2,0,0,0,0,0,0,0,0,0
6298,near,1,2,1,0,0,0,0,0,0,0,0,0
6299,exact,5,6,2,0,0,0,0,0,0,0,0,0
6300,near,7,9,3,0,0,0,0,0,0,0,0,0
6301,exact,8,15,8,0,0,1,0,0,1,0,0,0
6302,near,5,6,5,0,0,0,0,0,0,0,0,0
6303,far,1,2,1,0,0,0,0,0,0,0,0,0
6304,exact,3,4,1,0,0,0,0,0,0,0,0,0
6305,near,5,6,1,0,0,0,0,0,0,0,0,0
6306,near,7,12,7,0,0,0,0,0,0,0,0,0
6307,exact,7,11,5,1,1,1,1,1,1,1,1,1
6308,near,8,17,16,1,1,1,1,1,1,2,1,1
6309,near,5,6,3,0,0,0,0,0,0,0,0,0
6310,far,8,13,6,0,0,0,0,0,0,0,0,0
6311,near,5,6,1,0,0,0,0,0,0,0,0,0
6312,near,2,3,5,0,0,0,0,0,0,0,0,0
6313,near,5,6,3,0,0,0,0,0,0,0,0,0
6314,exact,5,5,1,0,0,0,0,0,0,0,0,0
6315,far,7,12,5,0,0,0,0,0,0,0,0,0
6316,near,5,5,2,0,0,0,0,0,0,0,0,0
6317,exact,5,5,4,0,0,0,0,0,0,0,0,0
6318,near,8,15,2,0,0,0,0,0,0,0,1,0
6319,exact,8,21,10,1,1,1,1,1,1,1,2,1
6321,exact,5,6,8,0,0,0,0,0,0,0,0,0
6322,exact,2,3,4,0,0,0,0,0,0,0,0,0
6324,exact,5,5,3,0,0,0,0,0,0,0,0,0
6325,exact,6,8,1,0,0,0,0,0,0,0,0,0
6326,exact,1,2,2,0,0,0,0,0,0,0,0,0
6327,near,3,4,2,0,0,0,0,0,0,0,0,0
6328,near,9,25,8,1,1,1,1,1,1,1,0,0
6329,exact,5,5,3,0,0,0,0,0,0,0,0,0
6330,exact,5,5,4,0,0,0,0,0,0,0,0,0
6332,near,5,6,1,0,0,0,0,0,0,0,0,0
6333,exact,5,5,2,1,1,1,1,1,1,1,1,0
6334,near,9,228,74,6,5,12,5,10,9,5,5,5
6335,exact,3,4,2,0,0,0,0,0,0,0,0,0
6336,near,6,8,3,0,0,0,0,0,0,0,0,0
6337,near,8,14,5,0,0,0,0,0,0,0,0,0
6338,exact,6,7,1,0,0,0,0,0,0,0,0,0
6339,exact,2,3,1,0,0,0,0,0,0,1,0,1
6340,near,9,63,27,3,2,3,3,2,3,4,2,2
6341,near,1,2,4,0,0,0,0,0,0,0,0,0
6343,near,9,29,9,1,0,0,1,0,0,1,0,0
6344,near,1,2,2,0,0,0,0,0,0,0,0,0
6346,exact,9,36,18,0,0,0,0,0,0,0,0,0
6347,near,1,2,1,0,0,0,0,0,0,0,0,0
6349,near,8,17,4,0,0,0,0,0,0,0,0,0
6350,near,8,16,7,0,0,0,0,0,0,0,0,0
6351,far,8,15,7,0,0,0,0,0,0,0,0,0
6352,exact,8,19,5,0,0,0,0,0,0,0,0,0
6353,exact,8,13,2,0,0,0,0,0,0,0,0,0
6354,exact,3,4,2,0,0,0,0,0,0,0,0,0
6355,exact,5,6,5,0,0,0,0,0,0,0,0,0
6357,exact,9,45,8,0,0,0,0,0,0,0,0,0
6358,near,5,6,1,0,0,0,0,0,0,0,0,0
6359,near,6,8,3,0,0,0,0,0,1,0,0,1
6360,exact,6,8,2,0,0,0,0,0,0,0,0,0
6361,exact,7,11,10,1,1,1,2,2,1,1,2,1
6362,near,6,8,7,0,0,0,0,0,0,0,0,0
6364,exact,9,24,13,0,0,0,0,0,1,0,0,0
6365,far,0,1,2,0,0,0,0,0,0,0,0,0
6366,near,6,7,1,0,0,0,0,0,0,0,0,0
6367,far,2,3,2,0,0,0,0,0,0,0,0,0
6368,near,7,11,2,0,0,0,0,0,0,0,0,0
6369,exact,3,4,1,0,0,0,0,0,0,0,0,0
6370,exact,5,5,1,0,0,0,0,0,0,0,0,0
6372,near,9,54,17,0,0,0,1,0,1,0,0,0
6374,exact,2,3,4,0,0,0,0,0,0,0,0,0
6375,exact,2,3,2,0,0,0,0,0,0,0,0,0
6376,near,2,3,3,0,0,0,0,0,0,0,0,0
6377,exact,7,11,1,0,0,0,0,0,0,0,0,0
6378,exact,7,12,10,0,0,0,0,0,0,0,0,0
6380,near,8,19,7,0,0,0,0,0,0,0,0,0
6382,near,5,6,1,0,0,0,0,0,0,0,0,0
6383,far,5,6,3,0,0,0,0,0,0,0,0,0
6384,exact,1,2,1,0,0,0,0,0,0,0,0,0
6386,near,5,6,2,0,0,0,0,0,0,0,0,0
6387,exact,1,2,1,0,0,0,0,0,0,0,0,0
6388,near,5,5,1,0,0,0,0,0,0,0,0,0
6389,near,8,13,2,0,0,0,0,0,0,0,0,0
6390,exact,3,4,1,0,0,0,0,0,0,0,0,0
6391,exact,3,4,1,0,0,0,0,1,1,0,1,0
6392,near,6,8,8,0,0,0,0,0,0,0,0,0
6393,exact,3,4,2,0,0,0,0,0,0,0,0,0
6394,exact,8,13,3,0,0,0,0,0,0,0,0,0
6395,exact,5,6,2,0,0,0,0,0,0,0,0,0
6396,near,9,201,104,12,12,9,12,17,11,13,13,10
6397,exact,5,5,2,0,0,0,0,0,0,0,0,0
6398,far,6,8,1,0,0,0,0,0,0,0,0,0
6399,near,7,10,2,0,0,0,0,0,0,0,0,0
6400,near,7,10,2,0,0,0,0,0,0,0,0,0
6402,near,7,9,3,0,0,0,0,0,0,0,0,0
6404,exact,1,2,1,0,0,0,0,0,0,0,0,0
6405,far,3,4,3,0,0,0,0,0,0,0,0,0
6406,exact,8,14,6,1,1,1,1,1,1,1,1,1
6407,exact,3,4,1,0,0,0,0,0,0,0,0,0
6408,exact,7,12,2,0,0,0,0,0,0,0,0,0
6410,far,5,5,1,0,0,0,0,0,0,0,0,0
6411,near,9,24,9,0,0,0,0,0,0,0,0,0
6412,exact,3,4,1,0,0,0,0,0,0,0,0,0
6413,exact,5,6,1,0,0,0,0,0,0,0,0,0
6414,exact,7,9,2,0,0,0,0,0,0,0,0,0
6415,near,6,7,1,0,0,0,0,0,0,0,0,0
6416,exact,0,1,1,0,0,0,0,0,0,0,0,0
6417,exact,5,6,1,0,0,0,0,0,0,0,0,0
6418,exact,2,3,1,0,0,0,0,0,0,0,0,0
6419,exact,6,8,1,0,0,0,0,0,0,0,0,0
6421,near,9,82,39,6,5,6,5,5,6,7,5,6
6422,near,8,16,7,0,0,0,0,0,0,0,0,0
6423,exact,5,6,5,0,0,0,0,0,0,0,0,0
6424,near,3,4,1,0,0,0,0,0,0,0,0,0
6425,near,8,14,7,0,0,0,0,0,0,0,0,0
6426,near,9,54,13,0,0,1,1,0,1,0,0,0
6427,far,3,4,1,0,0,0,0,0,0,0,0,0
6428,exact,5,6,1,0,0,0,0,0,0,0,0,0
6429,exact,5,6,2,0,0,0,0,0,0,0,0,0
6430,far,9,65,27,0,1,0,0,1,0,0,0,0
6431,exact,6,8,2,0,0,0,0,0,0,0,0,0
6432,exact,7,9,6,0,0,0,0,0,0,0,0,0
6433,exact,1,2,1,0,0,0,0,0,0,0,0,0
6434,near,7,10,3,0,0,0,0,0,0,0,0,0
6435,exact,1,2,1,0,0,0,0,0,0,0,0,0
6436,near,7,9,1,0,0,0,0,0,0,0,0,0
6437,near,6,8,6,0,0,0,0,0,0,0,0,0
6438,near,2,3,2,0,0,0,0,0,0,0,0,0
6439,near,9,32,12,0,0,0,0,0,0,0,0,0
6440,near,8,14,2,0,0,0,0,0,0,0,0,0
6441,near,1,2,1,0,0,0,0,0,0,0,0,0
6442,near,6,8,2,0,0,0,0,0,0,0,0,0
6443,near,9,26,12,1,0,0,1,0,0,0,0,0
6444,exact,1,2,4,0,0,0,0,0,0,0,0,0
6445,exact,3,4,2,0,0,0,0,0,0,0,0,0
6447,near,5,5,2,0,0,0,0,0,0,0,0,0
6448,near,5,5,2,0,0,0,0,0,0,0,0,0
6449,near,0,1,5,0,0,0,0,0,0,0,0,0
6450,exact,2,3,2,0,0,0,0,0,0,0,0,0
6451,exact,3,4,1,0,0,0,0,0,0,0,0,0
6452,near,7,11,3,0,0,0,0,0,0,0,0,0
6453,exact,6,8,4,0,0,0,0,0,0,0,0,0
6454,exact,9,35,21,0,2,1,0,1,1,0,0,1
6455,exact,1,2,2,0,0,0,0,0,0,0,0,0
6456,exact,8,19,3,0,0,0,0,0,0,0,0,0
6457,near,7,9,3,0,0,0,0,0,0,0,1,0
6458,near,6,7,8,0,0,0,0,0,0,0,0,0
6460,far,5,5,1,0,0,0,0,0,0,0,0,0
6461,near,8,17,9,0,0,0,0,0,0,0,0,0
6463,exact,3,4,1,0,0,0,0,0,0,0,0,0
6464,exact,0,1,1,0,0,0,0,0,0,0,0,0
6466,exact,6,7,1,0,0,0,0,0,0,0,0,0
6467,far,0,0,1,0,0,0,0,0,0,0,0,0
6468,near,5,6,1,0,0,0,0,0,0,0,0,0
6469,near,9,286,152,18,12,15,17,16,17,23,16,18
6470,exact,9,41,14,3,3,4,3,3,4,3,3,4
6471,near,8,15,3,0,0,0,0,0,0,0,0,0
6472,near,2,3,2,0,0,0,0,0,0,0,0,0
6473,far,3,4,1,0,0,0,0,0,0,0,0,0
6474,near,8,15,3,3,3,3,3,3,2,3,3,3
6475,exact,2,3,1,0,0,0,0,0,0,0,0,0
6476,far,1,2,2,0,0,0,0,0,0,0,0,0
6477,near,0,1,1,0,0,0,0,0,0,0,0,0
6478,near,3,4,2,0,0,0,0,0,0,0,0,0
6479,near,0,0,4,0,0,0,0,0,0,0,0,0
6480,near,0,1,2,0,0,0,0,0,0,0,0,0
6481,far,5,5,2,0,0,0,0,0,0,0,0,0
6482,exact,3,4,2,0,0,0,0,0,0,0,0,0
6483,near,8,15,8,1,1,1,1,1,1,1,1,1
6484,exact,0,1,3,0,0,0,0,0,0,0,0,0
6485,exact,2,3,1,0,0,0,0,0,0,0,0,0
6486,near,3,4,1,0,0,0,0,0,0,0,0,0
6487,exact,9,34,19,0,0,0,1,0,0,0,0,0
6488,exact,3,4,1,0,0,0,0,0,0,0,0,0
6489,near,8,14,5,0,0,0,0,0,0,0,0,0
6490,exact,3,4,1,0,0,0,0,0,0,0,0,0
6491,exact,5,5,2,0,0,0,0,0,0,0,0,0
6492,exact,6,8,2,0,0,0,0,0,0,0,0,0
6493,exact,5,6,2,0,0,0,0,0,0,0,0,0
6494,exact,7,10,2,0,0,0,0,0,0,0,0,0
6495,exact,2,3,2,0,0,0,0,0,0,0,0,0
6496,far,6,8,1,0,0,0,0,0,0,0,0,0
6497,exact,5,6,1,0,0,0,0,1,0,0,0,0
6498,far,5,5,1,0,0,0,0,0,0,0,0,0
6500,exact,2,3,3,0,0,0,0,0,0,0,0,0
6501,exact,3,4,1,0,0,0,0,0,0,0,0,0
6502,exact,7,10,2,0,0,0,0,0,0,0,0,0
6504,near,0,1,2,0,0,0,0,0,0,0,0,0
6505,near,0,1,1,0,0,0,0,0,0,0,0,0
6506,exact,9,43,14,2,2,2,2,3,2,2,2,2
6507,exact,9,59,24,1,2,3,1,1,2,1,0,2
6508,exact,8,14,6,0,0,0,0,0,0,0,0,0
6510,exact,2,3,3,0,0,0,0,0,0,0,0,0
6511,near,8,19,11,0,0,0,0,0,0,0,0,0
6512,exact,1,2,2,0,0,0,0,0,0,0,0,0
6513,far,9,27,17,0,0,1,0,0,1,0,1,1
6514,exact,2,3,2,0,0,0,0,0,0,0,0,0
6515,exact,8,16,8,0,0,0,0,0,0,0,0,0
6516,exact,2,3,5,0,0,0,0,0,0,0,0,0
6517,near,8,16,1,0,0,0,0,0,0,0,0,0
6518,exact,6,8,3,0,0,0,0,0,0,0,0,0
6519,exact,2,3,1,0,0,0,0,0,0,0,0,0
6520,near,3,4,2,0,0,0,0,0,0,0,0,0
6521,exact,9,38,15,0,0,0,0,0,0,0,1,0
6522,exact,2,3,2,0,0,0,0,0,0,0,0,0
6523,far,1,2,2,0,0,0,0,0,0,0,0,0
6525,near,5,6,3,0,0,0,0,0,0,0,0,0
6526,exact,6,8,2,0,0,0,0,0,0,0,0,0
6527,near,3,4,1,0,0,0,0,0,0,0,0,0
6528,near,1,2,3,0,0,0,0,0,0,0,0,0
6529,near,2,3,5,0,0,0,0,0,0,0,0,0
6530,exact,1,2,1,0,0,0,0,0,0,0,0,0
6531,far,0,1,5,0,0,0,0,0,0,0,0,0
6532,exact,8,14,6,0,0,0,0,0,0,0,0,0
6533,far,7,12,6,0,0,0,0,0,0,0,0,0
6534,exact,0,1,1,0,0,0,0,0,0,0,0,0
6535,exact,6,7,1,0,0,0,0,0,0,0,0,0
6536,exact,1,2,2,0,0,0,0,0,0,0,0,0
6537,exact,9,58,16,0,1,1,0,0,0,0,1,1
6539,near,6,8,4,0,0,0,0,0,0,0,0,0
6540,exact,6,8,4,0,0,0,0,0,0,0,0,0
6543,near,5,5,1,0,0,0,0,0,0,0,0,0
6544,near,9,41,14,0,0,0,0,0,0,1,0,0
6545,exact,2,3,2,0,0,0,0,0,0,0,0,0
6546,near,1,2,1,0,0,0,0,0,0,0,0,0
6547,far,3,4,3,0,0,0,0,0,0,0,0,0
6548,exact,9,75,26,0,1,0,0,0,0,0,1,0
6550,near,2,3,1,0,0,0,0,0,0,0,0,0
6551,near,5,6,7,0,0,0,0,0,0,0,0,0
6552,exact,6,8,3,0,0,0,0,0,0,0,0,0
6553,exact,8,16,8,0,1,0,0,0,0,0,0,0
6554,exact,7,11,6,0,0,0,0,0,0,0,0,0
6555,near,5,6,4,0,0,0,0,0,0,0,0,0
6556,near,1,2,1,0,0,0,0,0,0,0,0,0
6557,far,9,54,18,0,0,0,0,0,0,0,0,0
6558,near,6,7,4,0,0,0,0,0,0,0,0,0
6559,exact,5,6,2,0,0,0,0,0,0,0,0,0
6560,near,9,25,7,1,0,0,1,0,0,0,0,0
6561,exact,5,5,3,1,1,1,1,1,1,0,1,1
6562,exact,9,31,11,0,0,0,0,0,0,0,0,0
6563,exact,1,2,2,0,0,0,0,0,0,0,0,0
6568,exact,7,10,3,0,0,0,0,0,0,0,0,0
6569,far,9,23,9,0,0,0,0,0,0,0,0,0
6570,exact,6,8,4,0,0,0,0,0,0,0,0,0
6572,exact,5,6,1,0,0,0,1,0,0,0,0,0
6573,near,2,3,1,0,0,0,0,0,0,0,0,0
6574,near,5,5,5,0,0,0,0,0,0,0,0,0
6576,exact,3,4,2,0,0,0,0,0,0,0,0,0
6577,far,8,15,4,0,0,0,0,0,0,0,0,0
6578,exact,5,5,3,0,0,0,0,0,0,0,0,0
6579,exact,1,2,2,0,0,0,0,0,0,0,0,0
6580,exact,3,4,3,0,0,0,0,0,0,0,0,0
6581,exact,7,9,2,0,0,0,0,0,0,0,0,0
6583,near,7,9,3,0,0,0,0,0,0,0,0,0
6584,exact,1,2,2,0,0,0,0,0,0,0,0,0
6585,exact,3,4,2,0,0,0,0,0,0,0,0,0
6586,far,3,4,2,0,0,0,0,0,0,0,0,0
6587,near,2,3,3,0,0,0,0,0,0,0,0,0
6588,exact,3,4,1,0,0,0,0,0,0,0,0,0
6589,near,3,4,2,0,0,0,0,0,0,0,0,0
6590,exact,0,1,4,0,0,0,0,0,0,0,0,0
6592,exact,9,100,54,4,4,2,5,4,3,5,3,4
6593,exact,6,8,1,0,0,0,0,0,0,0,0,0
6594,exact,5,5,1,0,0,0,0,0,0,0,0,0
6595,exact,3,4,2,0,0,0,0,0,0,0,0,0
6596,far,8,14,5,0,0,0,0,0,0,0,0,0
6597,far,6,7,3,0,0,0,0,0,0,0,0,0
6598,exact,8,20,6,0,0,0,0,0,0,0,0,0
6599,near,2,3,2,0,0,0,0,0,0,0,0,0
6600,exact,3,4,1,0,0,0,0,0,0,0,0,0
6601,exact,9,32,15,2,0,0,1,0,0,0,0,1
6602,near,6,8,1,0,0,0,0,0,0,0,0,0
6604,far,9,23,4,2,1,2,2,2,1,1,2,2
6605,exact,5,5,1,0,0,0,0,0,0,0,0,0
6606,near,7,9,1,0,0,0,0,0,0,0,0,0
6607,near,7,9,7,0,0,0,0,0,0,0,0,0
6608,exact,7,9,4,0,0,0,0,0,0,0,0,0
6609,near,9,46,18,1,1,1,2,1,1,0,0,1
6611,exact,2,3,2,0,0,0,0,0,0,0,0,0
6613,exact,7,9,3,0,0,0,0,0,0,0,0,0
6614,near,9,161,81,6,5,6,10,8,4,9,6,6
6615,exact,2,3,2,0,0,0,0,0,0,0,0,0
6616,exact,5,6,1,0,0,0,0,0,0,0,0,0
6617,exact,7,9,3,0,0,0,0,0,0,0,0,0
6618,exact,9,74,28,1,1,1,1,1,2,2,1,1
6619,far,8,13,5,0,0,0,0,0,0,0,0,0
6620,near,8,16,9,1,0,1,1,1,1,0,0,0
6621,exact,6,8,3,0,0,0,0,0,0,0,0,0
6622,near,7,10,4,0,1,1,0,1,1,0,0,1
6623,exact,0,1,3,0,0,0,0,0,0,0,0,0
6624,exact,3,4,1,0,0,0,0,0,0,0,0,0
6625,near,2,3,3,0,0,0,0,0,0,0,0,0
6626,far,8,14,3,0,0,0,0,0,0,0,0,0
6627,exact,3,4,4,0,0,0,0,0,0,0,0,0
6628,exact,9,38,10,1,0,1,1,0,1,1,1,0
6629,exact,5,5,2,0,0,0,0,0,0,0,0,0
6630,near,5,6,3,0,0,0,0,0,0,0,0,0
6633,near,2,3,3,0,0,0,0,0,0,0,0,0
6634,near,3,4,2,0,0,0,0,0,0,0,0,0
6635,near,5,6,1,0,0,0,0,0,0,0,0,0
6636,exact,6,7,1,0,0,0,0,0,0,0,0,0
6637,near,1,2,1,0,0,0,0,0,0,0,0,0
6638,far,5,6,2,0,0,0,0,0,0,0,0,0
6639,near,9,39,11,0,0,0,0,0,0,0,0,0
6640,near,0,1,3,0,0,0,0,0,0,0,0,0
6642,near,7,10,1,0,0,0,0,0,0,0,0,0
6644,exact,0,1,2,0,0,0,0,0,0,0,0,0
6645,exact,1,2,2,0,0,0,0,0,0,0,0,0
6647,near,7,9,2,0,0,0,0,0,0,0,0,0
6648,near,6,7,1,0,0,0,0,0,0,0,0,0
6649,near,9,27,11,0,0,0,0,1,0,0,0,0
6650,near,1,2,2,0,0,0,0,0,0,0,0,0
6652,exact,3,4,2,0,0,0,0,0,0,0,0,0
6653,near,5,5,2,0,0,0,0,0,0,0,0,0
6655,near,1,2,2,0,0,0,0,0,0,0,0,0
6656,near,3,4,1,0,0,0,0,0,0,0,0,0
6657,exact,7,11,8,0,0,0,0,0,0,0,0,0
6658,near,3,4,3,0,0,0,0,0,0,0,0,0
6660,exact,1,2,2,0,0,0,0,0,0,0,0,0
6661,exact,3,4,1,0,0,0,0,0,0,0,0,0
6662,exact,0,1,2,0,0,0,0,0,0,0,0,0
6663,near,5,5,2,0,0,0,0,0,0,0,0,0
6664,far,6,8,3,1,0,0,1,1,0,1,0,0
6665,exact,1,2,2,0,0,0,0,0,0,0,0,0
6668,exact,2,3,2,0,0,0,0,0,0,0,0,0
6669,near,2,3,1,0,0,0,0,0,0,0,0,0
6670,exact,5,5,3,0,0,0,0,0,0,0,0,0
6671,near,5,6,2,0,0,0,0,0,0,0,0,0
6672,exact,7,9,1,0,0,0,0,0,0,0,0,0
6673,exact,9,39,26,2,0,0,0,0,0,1,0,0
6674,exact,2,3,3,0,0,0,0,0,0,0,0,0
6675,near,7,10,5,0,0,0,0,0,0,0,0,0
6676,exact,3,4,1,0,0,0,0,0,0,0,0,0
6677,near,9,24,8,0,0,0,0,0,1,0,0,0
6678,exact,9,32,6,1,1,1,1,1,1,1,1,1
6679,near,9,55,22,1,1,2,2,0,0,2,1,2
6680,exact,1,2,1,0,0,0,0,0,0,0,0,0
6681,near,8,15,5,2,2,2,2,2,2,2,2,2
6682,exact,6,7,1,0,0,0,0,0,0,0,0,0
6683,exact,9,41,9,0,1,0,0,1,1,0,1,1
6684,exact,9,22,11,1,1,0,1,1,0,0,1,0
6685,exact,2,3,1,0,0,0,0,0,0,0,0,0
6688,far,3,4,3,0,0,0,0,0,0,0,0,0
6690,exact,9,73,20,2,1,2,1,0,2,1,0,1
6692,exact,3,4,1,0,0,0,0,0,0,0,0,0
6693,near,1,2,2,0,0,0,0,0,0,0,0,0
6694,exact,5,6,2,0,0,0,0,0,0,0,0,0
6695,exact,5,5,3,0,0,0,0,0,0,0,0,0
6696,near,0,1,2,0,0,0,0,0,0,0,0,0
6697,exact,9,31,21,1,3,1,2,2,1,1,2,1
6698,near,6,8,1,0,0,0,0,0,0,0,0,0
6699,near,5,6,1,0,0,0,0,0,0,0,0,0
6701,exact,3,4,3,0,0,0,0,0,0,0,0,0
6702,near,1,2,2,0,0,0,0,0,0,0,0,0
6703,exact,2,3,3,0,0,0,0,0,0,0,0,0
6704,near,7,10,1,0,0,0,0,0,0,0,0,0
6705,exact,9,32,14,0,0,0,0,0,0,0,0,0
6706,exact,6,8,1,0,0,0,0,0,0,0,0,0
6707,far,5,5,4,0,0,0,0,0,0,0,0,0
6708,exact,8,14,5,0,0,0,0,0,0,0,0,0
6709,exact,8,18,8,0,0,0,0,0,0,0,0,0
6710,far,5,5,2,0,0,0,0,0,0,0,0,0
6711,near,2,3,1,0,0,0,0,0,0,0,0,0
6712,near,3,4,1,0,0,0,0,0,0,0,0,0
6713,near,6,8,2,0,0,0,0,0,0,0,0,0
6714,near,5,5,2,0,0,0,0,0,0,0,0,0
6715,exact,5,5,2,0,0,0,0,0,0,0,0,0
6717,near,7,10,3,0,0,0,0,0,0,0,0,0
6719,near,3,4,1,0,0,0,0,0,0,0,0,0
6720,near,1,2,1,0,0,0,0,0,0,0,0,0
6722,exact,3,4,1,0,0,0,0,0,0,0,0,0
6723,near,3,4,3,0,0,0,0,0,0,0,0,0
6724,exact,2,3,1,0,0,0,0,0,0,0,0,0
6725,near,1,2,2,0,0,0,0,0,0,0,0,0
6726,exact,2,3,1,0,0,0,0,0,0,0,0,0
6727,near,6,7,5,0,0,0,0,0,0,0,0,0
6728,exact,3,4,1,0,0,0,1,0,0,0,0,1
6730,exact,9,43,20,0,2,0,1,1,2,0,0,1
6731,exact,5,6,2,0,0,0,0,0,0,0,0,0
6732,near,1,2,1,0,0,0,0,0,0,0,0,0
6733,exact,7,12,4,0,0,0,0,0,0,0,0,0
6734,near,9,23,5,0,0,0,0,0,0,0,0,0
6735,near,7,12,5,0,0,0,0,0,0,0,0,0
6736,exact,8,17,6,0,0,0,0,0,0,0,0,0
6737,near,2,3,2,0,0,0,0,0,0,0,0,0
6738,near,5,5,1,0,0,0,0,0,0,0,0,0
6739,near,7,10,3,0,0,0,0,0,0,0,0,0
6740,exact,2,3,2,0,0,0,0,0,0,0,0,0
6742,far,1,2,1,0,0,0,0,0,0,0,0,0
6743,exact,7,9,6,0,0,0,0,0,0,0,0,0
6744,near,8,14,7,1,0,0,0,1,1,0,0,0
6745,near,6,7,2,0,0,0,0,0,0,0,0,0
6746,exact,7,10,3,0,0,0,0,0,0,0,0,0
6747,far,3,4,1,0,0,0,0,0,0,0,0,0
6748,near,3,4,2,0,0,0,0,0,0,0,0,0
6749,exact,6,7,4,0,0,0,0,0,0,0,0,0
6750,exact,0,1,3,0,0,0,0,0,0,0,0,0
6751,exact,5,5,1,0,0,0,0,0,0,0,0,0
6752,near,2,3,3,0,0,0,0,0,0,0,0,0
6753,near,7,12,8,0,0,0,0,0,0,0,0,0
6754,exact,6,7,3,0,0,0,0,0,0,0,0,0
6755,far,9,47,13,1,0,0,2,0,0,1,0,0
6756,near,6,7,3,0,0,0,0,0,0,0,0,0
6757,exact,3,4,2,0,0,0,0,0,0,0,0,0
6758,exact,2,3,2,0,0,0,0,0,0,0,0,0
6759,exact,9,22,10,0,0,0,0,0,0,0,0,0
6760,exact,1,2,2,0,0,0,0,0,0,0,0,0
6761,near,6,7,2,0,0,0,0,0,0,0,0,0
6762,exact,5,5,2,0,0,0,0,0,0,0,0,0
6763,near,2,3,4,1,1,1,1,1,1,1,1,1
6764,near,8,16,5,0,0,0,0,0,0,0,1,0
6766,exact,3,4,1,0,0,0,0,0,0,0,0,0
6767,near,9,32,12,0,1,0,1,0,0,0,0,0
6768,exact,2,3,2,0,0,0,0,0,0,0,0,0
6769,exact,9,42,22,1,1,0,0,1,0,0,1,0
6770,exact,7,9,2,0,0,0,0,0,0,0,0,0
6772,exact,3,4,1,0,0,0,0,0,0,0,0,0
6773,exact,3,4,3,0,0,0,0,0,0,0,0,0
6774,near,8,14,6,0,0,0,0,0,0,0,0,0
6775,exact,5,6,3,0,0,0,0,0,0,0,0,0
6776,exact,3,4,5,0,0,0,0,0,0,0,0,0
6777,near,7,10,8,0,0,0,0,0,0,0,0,0
6778,exact,3,4,2,0,0,0,0,0,0,0,0,0
6779,near,9,43,14,2,0,0,1,0,0,2,0,1
6780,exact,7,9,2,0,0,0,0,0,0,0,0,0
6781,exact,7,10,2,0,0,0,0,0,0,0,0,0
6782,far,5,6,1,0,0,0,0,0,0,0,0,0
6783,far,3,4,3,0,0,0,0,0,0,0,0,0
6784,exact,6,7,5,0,0,0,0,0,0,0,0,0
6785,near,2,3,2,0,0,0,0,0,0,0,0,0
6786,exact,5,6,1,0,0,0,0,0,0,0,0,0
6787,exact,8,18,9,5,5,4,5,5,4,4,3,4
6788,near,3,4,3,0,0,0,0,0,0,0,0,0
6789,exact,7,12,3,0,0,0,0,0,0,0,0,0
6790,exact,9,28,10,0,0,0,0,0,0,0,0,0
6791,exact,8,16,18,0,0,0,0,0,0,0,0,0
6792,exact,7,10,8,0,0,0,0,0,0,0,0,0
6793,exact,5,6,3,0,0,0,0,0,0,0,0,0
6795,near,5,6,1,0,0,0,0,0,0,0,0,0
6796,near,8,16,1,0,0,0,1,0,0,0,0,0
6797,exact,2,3,2,0,0,0,0,0,0,0,0,0
6798,near,9,47,17,0,0,0,0,0,0,0,1,1
6799,near,7,10,3,0,0,0,0,0,0,0,0,0
6800,near,9,62,27,1,0,0,0,0,0,1,1,0
6801,exact,5,5,1,0,0,0,0,0,0,0,0,0
6802,exact,5,6,3,0,0,0,0,0,0,0,0,0
6803,near,6,7,3,0,0,0,0,1,0,0,0,0
6805,near,1,2,3,0,0,0,0,0,0,0,0,0
6807,exact,2,3,3,0,0,0,0,0,0,0,0,0
6808,exact,5,6,3,0,0,0,0,0,0,0,0,0
6809,near,2,3,2,0,0,0,0,0,0,0,0,0
6810,far,6,8,7,2,1,1,2,1,1,1,1,1
6811,exact,6,7,2,0,0,0,0,0,0,0,0,0
6812,exact,0,1,2,0,0,0,0,0,0,0,0,0
6814,near,2,3,1,0,0,0,0,0,0,0,0,0
6815,far,1,2,3,0,0,0,0,0,0,0,0,0
6816,exact,2,3,1,0,0,0,0,0,0,0,0,0
6817,near,5,5,1,0,0,0,0,0,0,0,0,0
6818,near,2,3,1,0,0,0,0,0,0,0,0,0
6819,near,3,4,1,0,0,0,0,0,0,0,0,0
6820,exact,7,9,6,0,0,0,0,0,0,0,0,0
6821,far,9,43,4,3,3,3,3,3,3,3,3,3
6822,near,7,10,4,0,0,0,0,0,0,0,0,0
6823,near,6,7,4,0,0,0,0,0,0,0,0,0
6824,near,5,5,1,0,0,0,0,0,0,0,0,0
6825,exact,5,6,2,0,0,0,0,0,0,0,0,0
6827,near,8,17,3,0,0,0,0,0,0,0,0,0
6828,exact,5,6,1,0,0,0,0,0,0,0,0,0
6830,near,5,5,1,0,0,0,0,0,0,0,0,0
6831,near,0,1,3,0,0,0,0,0,0,0,0,0
6832,near,1,2,1,0,0,0,0,0,0,0,0,0
6834,exact,8,14,4,0,0,0,0,0,0,0,0,0
6835,exact,9,26,10,0,0,0,0,0,1,0,0,0
6836,exact,3,4,2,0,0,0,0,0,0,0,0,0
6837,exact,7,11,3,0,0,0,0,0,0,0,0,0
6838,exact,6,8,4,0,0,0,0,0,0,0,0,0
6839,near,2,3,1,0,0,0,0,0,0,0,0,0
6840,near,2,3,3,0,0,0,0,0,0,0,0,0
6841,exact,7,10,3,0,0,0,0,0,0,0,0,0
6842,exact,9,23,9,0,0,0,0,0,0,0,0,0
6843,near,7,12,2,0,0,0,0,0,0,0,0,0
6844,near,5,5,4,0,0,0,0,0,0,0,0,0
6845,exact,2,3,4,0,0,1,0,0,0,0,0,0
6846,exact,7,12,9,0,0,0,0,0,0,0,0,0
6847,near,9,61,23,0,1,0,0,3,1,0,2,1
6848,near,2,3,1,0,0,0,0,0,0,0,0,0
6850,near,9,39,14,0,1,0,1,0,0,0,0,0
6851,exact,1,2,1,0,0,0,0,0,0,0,0,0
6852,exact,2,3,2,0,0,0,0,0,0,0,0,0
6853,near,9,26,6,0,0,0,0,0,0,0,0,0
6854,near,2,3,2,0,0,0,0,0,0,0,0,0
6855,exact,9,46,18,2,2,2,2,2,2,2,2,2
6856,near,6,8,1,0,0,0,0,0,0,0,0,0
6857,exact,1,2,3,0,0,0,0,0,0,0,0,0
6858,exact,3,4,4,0,0,0,0,0,0,0,0,0
6859,near,8,13,3,0,0,0,0,0,0,0,0,0
6860,exact,5,5,3,0,0,0,0,0,0,0,0,0
6861,far,6,7,2,0,0,0,0,0,0,0,0,0
6862,near,9,80,37,4,3,2,5,6,1,5,2,3
6863,near,1,2,2,0,0,0,0,0,0,0,0,0
6864,exact,6,7,1,0,0,0,0,0,0,0,0,0
6865,far,7,9,7,0,0,0,0,0,0,0,0,0
6866,exact,5,6,1,0,0,0,0,0,0,0,0,0
6867,near,0,1,2,0,0,0,0,0,0,0,0,0
6868,exact,1,2,1,0,0,0,0,0,0,0,0,0
6869,exact,5,6,5,0,0,0,0,0,0,0,0,0
6870,near,1,2,2,0,0,0,0,0,0,0,0,0
6871,exact,2,3,3,0,0,0,0,0,0,0,0,0
6872,exact,1,2,2,0,0,0,0,0,0,0,0,0
6874,exact,5,5,1,0,0,0,0,0,0,0,0,0
6875,near,5,6,2,0,0,0,0,0,0,0,0,0
6876,near,2,3,1,0,0,0,0,0,0,0,0,0
6877,exact,5,5,1,0,0,0,0,0,0,0,0,0
6878,exact,3,4,2,0,0,0,0,0,0,0,0,0
6879,exact,3,4,1,0,0,0,0,0,0,0,0,0
6881,exact,2,3,2,0,0,0,0,0,0,0,0,0
6882,exact,5,5,1,0,0,0,0,0,0,0,0,0
6883,near,2,3,1,0,0,0,0,0,0,0,0,0
6884,exact,3,4,2,0,0,0,0,0,0,0,0,0
6885,exact,1,2,2,0,0,0,0,0,0,0,0,0
6886,near,1,2,3,0,0,0,0,0,0,0,0,0
6887,exact,2,3,2,0,0,0,0,0,0,0,0,0
6888,exact,2,3,1,0,0,0,0,0,0,0,0,0
6889,near,3,4,1,0,0,0,0,0,0,0,0,0
6890,exact,2,3,1,0,0,0,0,0,0,0,0,0
6892,exact,3,4,3,0,0,0,0,0,0,0,0,0
6893,exact,9,47,15,3,2,2,2,2,3,2,2,2
6894,exact,7,9,2,0,0,0,0,0,0,0,0,0
6895,near,5,5,1,0,0,0,0,0,0,0,0,0
6896,exact,8,18,6,0,0,0,0,0,1,0,0,0
6897,exact,5,6,3,0,0,0,1,1,0,0,0,0
6898,exact,3,4,1,0,0,0,0,0,0,0,0,0
6899,exact,9,76,16,7,5,8,6,2,7,6,4,5
6901,exact,9,28,6,0,0,0,0,0,0,0,1,0
6902,far,3,4,1,0,0,0,0,0,0,0,0,0
6903,exact,0,0,3,0,0,0,0,0,0,0,0,0
6904,exact,6,8,1,0,0,0,0,0,0,0,0,0
6905,near,1,2,2,0,0,0,0,0,0,0,0,0
6906,near,7,10,3,0,0,0,0,0,0,0,0,0
6907,near,2,3,3,0,0,0,0,0,0,0,0,0
6908,near,6,8,7,0,0,0,0,0,0,0,0,0
6909,exact,5,6,1,0,0,0,0,0,0,0,0,0
6910,near,5,5,4,0,0,0,0,0,0,0,0,0
6911,far,5,6,4,0,0,0,0,0,0,0,0,0
6912,near,7,11,7,0,0,0,0,0,0,0,0,0
6913,exact,8,17,4,0,0,0,0,0,0,0,0,0
6914,near,5,5,3,0,0,0,0,0,0,0,0,0
6915,near,2,3,3,0,0,0,0,0,0,0,0,0
6916,near,3,4,1,0,0,0,0,0,0,0,0,0
6917,near,8,20,9,0,0,0,0,0,0,0,0,0
6918,far,9,47,10,0,0,0,0,0,0,1,0,0
6920,near,1,2,3,0,0,0,0,0,0,0,0,0
6921,near,0,0,4,0,0,0,0,0,0,0,0,0
6922,exact,1,2,1,0,0,0,0,0,0,0,0,0
6923,exact,5,6,2,0,0,0,0,0,0,0,0,0
6925,exact,3,4,2,0,0,0,0,0,0,0,0,0
6926,exact,5,6,2,0,0,0,0,0,0,0,0,0
6927,exact,9,37,8,1,0,0,0,0,0,0,0,0
6928,exact,3,4,3,0,0,0,0,0,0,0,0,0
6929,exact,1,2,2,0,0,0,0,0,0,0,0,0
6930,near,2,3,3,0,0,0,0,0,0,0,0,0
6931,near,5,5,1,1,1,1,1,1,1,1,1,1
6932,exact,8,14,7,0,0,0,0,0,0,0,0,0
6933,exact,7,12,7,1,1,1,1,1,1,1,1,1
6934,far,9,29,10,2,2,1,2,2,2,2,1,0
6935,exact,2,3,2,0,0,0,0,0,0,0,0,0
6936,near,2,3,1,0,0,0,0,0,0,0,0,0
6937,exact,0,1,2,0,0,0,0,0,0,0,0,0
6938,near,5,6,7,0,0,0,0,0,0,0,0,0
6939,near,3,4,3,0,0,0,0,1,1,0,1,2
6940,near,6,7,1,0,0,0,0,0,0,0,0,0
6941,near,5,5,2,0,0,0,0,0,0,0,0,0
6942,near,5,5,3,0,0,0,0,0,0,0,0,0
6943,near,8,21,9,0,0,0,0,0,0,0,0,0
6944,near,2,3,2,0,0,0,0,0,0,0,0,0
6945,exact,2,3,3,0,0,0,0,0,0,0,0,0
6946,near,2,3,1,0,0,0,0,0,0,0,0,0
6947,exact,2,3,2,0,0,0,0,0,0,0,0,0
6948,exact,0,1,3,0,0,0,0,0,0,0,0,0
6949,exact,6,8,3,0,0,0,0,0,0,0,0,0
6950,near,0,1,1,0,0,0,0,0,0,0,0,0
6951,exact,0,1,2,0,0,0,0,0,0,0,0,0
6952,near,6,8,2,0,0,0,0,0,0,0,0,0
6953,exact,1,2,2,0,0,0,0,0,0,0,0,0
6955,far,3,4,1,0,0,0,0,0,0,0,0,0
6956,near,6,7,1,0,0,0,0,0,0,0,0,0
6957,near,9,79,23,2,9,7,3,11,8,4,8,6
6959,exact,8,15,4,0,0,0,0,0,0,0,0,0
6960,far,9,99,46,1,2,2,3,3,2,1,2,1
6961,exact,6,8,2,0,0,0,0,0,0,0,0,0
6962,exact,0,1,2,0,0,0,0,0,0,0,0,0
6963,exact,8,13,6,1,0,1,1,0,1,1,0,1
6964,near,3,4,3,0,0,0,0,0,0,0,0,0
6965,exact,9,54,19,2,3,1,1,2,1,1,2,1
6966,near,5,5,2,0,0,0,0,0,0,0,0,0
6968,near,9,31,8,0,0,0,0,0,0,0,0,0
6969,exact,3,4,1,0,0,0,0,0,0,0,0,0
6970,exact,0,0,2,0,0,0,0,0,0,0,0,0
6973,near,5,6,2,0,0,0,0,0,0,0,0,0
6974,near,2,3,1,0,0,0,0,0,0,0,0,0
6976,far,2,3,4,0,0,0,0,0,0,0,0,0
6977,exact,6,8,2,0,0,0,0,0,0,0,0,0
6980,exact,1,2,2,0,0,0,0,0,0,0,0,0
6981,exact,3,4,2,0,0,0,0,0,0,0,0,0
6982,exact,1,2,3,0,0,0,0,0,0,0,0,0
6984,exact,0,1,3,0,0,0,0,0,0,0,0,0
6985,exact,6,7,4,1,0,0,0,1,1,0,0,0
6986,near,6,7,4,0,0,0,0,0,0,0,0,0
6988,exact,9,27,19,0,0,0,1,2,1,0,0,0
6989,near,8,21,11,0,0,0,0,0,0,0,0,0
6990,near,2,3,2,0,0,0,0,0,0,0,0,0
6991,exact,5,6,2,0,0,0,0,0,0,0,0,0
6992,near,2,3,2,0,0,0,0,0,0,0,0,0
6993,exact,7,10,2,0,0,0,0,0,0,0,0,0
6994,exact,9,34,22,1,0,0,1,0,1,1,0,0
6995,exact,9,23,11,1,0,1,1,1,1,0,1,1
6996,exact,3,4,2,0,0,0,0,0,0,0,0,0
6998,exact,3,4,2,0,0,0,0,0,0,0,0,0
6999,exact,1,2,2,0,0,0,0,0,0,0,0,0
7000,exact,3,4,2,0,0,0,0,0,0,0,0,0
7001,near,5,6,4,1,1,1,1,1,1,1,1,1
7002,near,2,3,1,0,0,0,0,0,0,0,0,0
7003,exact,8,14,3,0,0,0,0,0,0,0,0,0
7004,near,6,7,4,0,0,0,0,0,0,0,0,0
7005,near,3,4,1,0,0,0,0,0,0,0,0,0
7006,exact,1,2,3,0,0,0,0,0,0,0,0,0
7007,far,0,1,2,0,0,0,0,0,0,0,0,0
7008,near,5,5,3,0,0,0,0,0,0,0,0,0
7009,exact,2,3,1,0,0,0,0,0,0,0,0,0
7010,exact,8,20,10,1,1,1,1,1,1,0,1,1
7011,exact,2,3,4,0,0,0,0,0,0,0,0,0
7012,exact,8,21,4,0,0,0,0,0,0,0,0,0
7014,exact,5,6,1,0,0,0,0,0,0,0,0,0
7015,exact,7,10,5,0,0,0,0,0,0,0,0,0
7016,near,2,3,1,0,0,0,0,0,0,0,0,0
7017,exact,8,13,3,2,1,1,2,1,2,1,1,1
7018,exact,7,11,3,0,0,0,0,0,0,0,0,0
7019,far,3,4,4,0,0,0,0,0,0,0,0,0
7020,near,8,20,5,0,0,0,0,0,0,0,0,0
7021,near,2,3,2,0,0,0,0,0,0,0,0,0
7022,exact,8,14,6,0,0,0,0,0,0,0,0,0
7023,near,1,2,2,0,0,0,0,0,0,0,0,0
7024,exact,0,1,4,0,0,0,0,0,0,0,0,0
7025,exact,5,6,3,0,0,0,0,0,0,0,0,0
7026,exact,7,9,3,0,0,0,0,0,0,0,0,0
7028,near,6,7,1,0,0,0,0,0,0,0,0,0
7029,far,3,4,1,0,0,0,0,0,0,0,0,0
7030,exact,5,6,1,0,0,0,0,0,0,0,0,0
7031,near,5,6,3,0,0,0,0,0,0,0,0,0
7032,far,6,7,2,0,0,0,0,0,0,0,0,0
7033,near,1,2,2,0,0,0,0,0,0,0,0,0
7035,far,8,15,4,0,0,0,0,0,0,0,0,0
7036,exact,0,1,2,0,0,0,0,0,0,0,0,0
7037,exact,1,2,1,0,0,0,0,0,0,0,0,0
7038,near,2,3,1,0,0,0,0,0,0,0,0,0
7039,far,5,5,5,0,0,0,0,0,0,0,0,0
7040,near,9,73,41,1,4,1,2,3,1,3,3,3
7042,near,1,2,2,0,0,0,0,0,0,0,0,0
7043,far,5,6,4,0,0,0,0,0,0,0,0,0
7044,near,6,8,1,0,0,0,0,0,0,0,0,0
7045,exact,5,6,3,0,0,0,0,0,0,0,0,0
7046,exact,2,3,2,0,0,0,0,0,0,0,0,0
7047,near,5,5,1,0,0,0,0,0,0,0,0,0
7048,exact,3,4,2,0,0,0,0,0,0,0,0,0
7050,near,2,3,2,0,0,0,0,0,0,0,0,0
7051,near,8,14,2,0,0,0,0,0,0,0,0,0
7053,near,9,22,13,0,1,0,1,1,1,0,0,1
7054,near,7,12,7,0,0,1,0,0,0,0,0,0
7055,exact,5,5,1,0,0,0,0,0,0,0,0,0
7056,exact,2,3,3,0,0,0,0,0,0,0,0,0
7057,near,7,11,4,0,0,0,0,0,0,0,0,0
7058,near,5,5,1,0,0,0,0,0,0,0,0,0
7059,far,5,6,4,0,0,0,0,0,0,0,0,0
7060,near,5,6,1,0,0,0,0,0,0,0,0,0
7061,exact,7,12,4,0,0,0,0,0,0,0,0,0
7062,far,2,3,2,0,0,0,0,0,0,0,0,0
7064,near,3,4,1,0,0,0,0,0,0,0,0,0
7067,near,7,12,3,1,1,1,1,1,1,1,1,1
7069,near,5,5,2,0,0,0,0,0,0,0,0,0
7070,exact,3,4,1,0,0,0,0,0,0,0,0,0
7071,near,2,3,1,0,0,0,0,0,0,0,0,0
7072,near,5,6,3,0,0,0,0,0,0,0,0,0
7073,near,6,8,2,0,0,0,0,0,0,0,0,0
7074,exact,6,8,2,0,0,0,0,0,0,0,0,0
7075,near,2,3,2,0,0,0,0,0,0,0,0,0
7076,exact,6,7,1,0,0,0,0,0,0,0,0,0
7077,exact,9,23,3,1,1,1,0,1,0,0,1,1
7078,exact,3,4,1,0,0,0,0,0,0,0,0,0
7079,exact,8,16,2,0,0,0,0,0,0,0,0,0
7080,exact,7,10,6,0,0,0,1,1,1,1,0,0
7082,exact,9,27,12,0,0,1,0,0,1,0,0,1
7083,exact,3,4,1,0,0,0,0,0,0,0,0,0
7084,far,5,5,1,0,0,0,0,0,0,0,0,0
7085,far,6,7,1,0,0,0,0,0,0,0,0,0
7087,exact,6,8,1,0,0,0,0,0,0,0,0,0
7088,exact,7,10,7,0,0,0,0,0,0,0,0,0
7090,exact,8,21,4,0,0,0,0,0,0,0,0,0
7091,far,8,14,11,0,0,0,0,0,0,0,0,0
7092,exact,5,5,2,0,0,0,0,0,0,0,0,0
7093,exact,8,18,6,0,0,0,0,0,0,0,0,0
7094,near,6,7,5,0,0,0,0,0,0,0,0,0
7095,exact,2,3,1,0,0,0,0,0,0,0,0,0
7096,exact,6,7,2,0,0,0,0,1,0,0,0,0
7097,near,2,3,2,0,0,0,0,0,0,0,0,0
7098,near,6,7,3,0,0,0,0,0,0,0,0,0
7099,near,3,4,1,0,0,0,0,0,0,0,0,0
7100,exact,6,7,2,0,0,0,0,0,0,0,0,0
7101,near,5,6,2,0,0,0,0,0,0,0,0,0
7103,exact,2,3,1,0,0,0,0,0,0,0,0,0
7104,near,5,6,1,0,0,0,0,0,0,0,0,0
7105,far,8,17,5,0,0,0,0,0,0,0,0,0
7106,exact,3,4,1,0,0,0,0,0,0,0,0,0
7107,exact,7,10,2,0,0,0,0,0,0,0,0,0
7108,near,9,27,16,0,0,0,0,0,0,0,0,0
7109,far,6,7,4,0,0,0,0,0,0,0,0,0
7110,exact,5,5,1,0,0,0,0,0,0,0,0,0
7111,near,2,3,1,0,0,0,0,0,0,0,0,0
7112,near,9,89,15,1,3,5,2,4,5,3,3,6
7113,exact,9,35,5,0,0,0,0,0,0,0,0,0
7114,exact,2,3,1,0,0,0,0,0,0,0,0,0
7115,near,6,7,3,0,0,0,0,0,0,0,0,0
7116,exact,7,10,6,0,0,0,0,0,0,0,0,0
7117,far,7,10,3,0,0,0,0,0,0,0,0,0
7118,exact,2,3,4,0,0,0,0,0,0,0,0,0
7119,near,1,2,2,0,0,0,0,0,0,0,0,0
7121,exact,2,3,2,0,0,0,0,0,0,0,0,0
7122,near,9,203,104,12,10,14,17,8,19,17,12,13
7123,far,3,4,2,0,0,0,0,0,0,0,0,0
7124,exact,8,17,7,0,0,0,0,0,0,0,0,0
7125,near,6,8,2,0,0,0,0,0,0,0,0,0
7126,near,6,7,3,0,0,0,0,0,0,0,0,0
7127,exact,7,10,2,0,0,0,0,0,0,0,0,0
7128,exact,8,13,6,0,0,0,0,0,0,0,0,0
7129,near,5,6,1,0,0,0,0,0,0,0,0,0
7130,near,2,3,3,0,0,0,0,0,0,0,0,0
7131,exact,2,3,1,0,0,0,0,0,0,0,0,0
7132,near,2,3,3,0,0,0,0,0,0,0,0,0
7134,exact,8,15,8,0,0,0,0,0,0,0,0,0
7135,exact,8,14,5,0,0,0,0,0,0,0,0,0
7137,near,5,6,3,0,0,0,0,0,0,0,0,0
7138,far,9,88,15,3,1,1,3,1,1,4,2,1
7139,far,5,5,2,0,0,0,0,0,0,0,0,0
7140,exact,2,3,2,1,1,0,1,1,1,0,0,0
7141,exact,3,4,1,0,0,0,0,0,0,0,0,0
7142,exact,7,9,1,0,0,0,0,0,0,0,0,0
7143,exact,8,15,5,0,0,0,0,0,0,0,0,0
7144,near,8,15,2,0,0,0,0,0,0,0,0,0
7145,near,9,31,13,0,0,0,0,0,0,0,0,0
7146,exact,1,2,2,0,0,0,0,0,0,0,0,0
7147,near,9,38,9,1,0,0,1,0,1,0,0,1
7148,exact,6,7,3,0,0,0,0,0,0,0,0,0
7149,near,9,38,11,2,2,3,2,3,3,2,2,2
7150,exact,8,15,5,1,1,1,1,1,1,1,1,1
7151,near,3,4,3,0,0,0,0,0,0,0,0,0
7154,exact,1,2,1,0,0,0,0,0,0,0,0,0
7155,exact,2,3,3,0,0,0,0,0,0,0,0,0
7156,exact,7,12,3,0,0,0,0,0,0,0,0,0
7158,exact,2,3,4,0,0,0,0,0,0,0,0,0
7159,exact,9,24,6,0,0,0,0,0,0,0,0,0
7160,near,3,4,3,0,0,0,0,0,0,0,0,0
7161,exact,3,4,1,0,0,0,0,0,0,0,0,0
7162,near,5,5,2,0,0,0,0,0,0,0,0,0
7163,far,5,6,2,0,0,0,0,0,0,0,0,0
7164,near,5,6,1,0,0,0,0,0,0,0,0,0
7165,exact,3,4,3,0,0,0,0,0,0,0,0,0
7166,near,9,51,13,0,1,1,2,1,0,0,1,1
7167,exact,0,1,1,0,0,0,0,0,0,0,0,0
7168,far,6,8,2,0,0,0,0,0,0,0,0,0
7169,near,2,3,2,0,0,0,0,0,0,0,0,0
7170,exact,9,23,6,0,1,0,1,1,1,0,0,0
7171,exact,5,5,1,0,0,0,0,0,0,0,0,0
7172,near,2,3,4,0,0,0,0,0,0,0,0,0
7173,exact,0,0,5,0,0,0,0,0,0,0,0,0
7174,near,5,6,1,0,0,0,0,0,0,0,0,0
7175,exact,0,1,3,0,0,0,0,0,0,0,0,0
7176,exact,2,3,1,0,0,0,0,0,0,0,0,0
7177,far,6,7,1,0,0,0,0,0,0,0,0,0
7178,exact,3,4,3,0,0,0,0,0,0,0,0,0
7179,near,5,6,1,0,0,0,0,0,0,0,0,0
7180,near,3,4,1,0,0,0,0,0,0,0,0,0
7181,near,7,9,3,0,0,0,0,0,0,0,0,0
7183,near,9,29,5,0,0,0,0,0,0,0,0,0
7185,near,5,6,1,0,0,0,0,0,0,0,0,0
7186,exact,7,10,1,0,0,0,0,0,0,0,0,0
7188,exact,1,2,2,0,0,0,0,0,0,0,0,0
7189,near,5,5,2,0,0,0,0,0,0,0,0,0
7190,exact,2,3,3,0,0,0,0,0,0,0,0,0
7191,exact,9,32,10,0,2,0,0,1,0,0,0,0
7192,far,3,4,1,0,0,0,0,0,0,0,0,0
7196,near,1,2,1,0,0,0,0,0,0,0,0,0
7197,far,2,3,2,0,0,0,0,0,0,0,0,0
7198,near,7,9,6,0,0,0,0,0,0,0,0,0
7199,exact,8,16,7,0,0,0,0,0,0,0,0,0
7200,exact,3,4,2,0,0,0,0,0,0,0,0,0
7201,exact,5,6,3,0,0,0,0,0,0,0,0,0
7202,exact,1,2,4,0,0,0,0,0,0,0,0,0
7203,exact,8,20,13,0,0,0,0,0,0,0,0,0
7204,exact,5,5,1,0,0,0,0,0,0,0,0,0
7205,near,0,1,1,0,0,0,0,0,0,0,0,0
7206,near,5,5,1,0,0,0,0,0,0,0,0,0
7207,exact,8,14,3,0,0,0,0,0,0,0,0,0
7208,far,0,0,3,0,0,0,0,0,0,0,0,0
7209,exact,0,1,1,0,0,0,0,0,0,0,0,0
7210,exact,5,5,5,0,0,0,0,0,0,0,0,0
7212,exact,0,1,1,0,0,0,0,0,0,0,0,0
7213,near,8,14,8,1,1,1,1,0,0,1,1,0
7214,exact,0,1,2,0,0,0,0,0,0,0,0,0
7215,near,1,2,2,0,0,0,0,0,0,0,0,0
7216,exact,9,27,14,0,0,0,0,0,0,0,0,0
7217,exact,7,9,5,0,0,0,0,0,0,0,0,0
7218,near,5,5,1,0,0,0,0,0,0,0,0,0
7219,exact,9,38,26,0,1,0,0,1,0,0,0,0
7220,exact,9,51,15,0,0,1,0,0,1,1,0,0
7221,near,8,14,5,0,0,0,0,0,0,0,0,0
7223,exact,9,26,12,0,0,0,0,0,0,0,0,0
7225,near,2,3,1,0,0,0,0,0,0,0,0,0
7226,exact,2,3,2,0,0,0,0,0,0,0,0,0
7227,exact,9,23,10,0,0,0,0,0,0,0,0,0
7228,exact,1,2,2,0,0,0,0,0,0,0,0,0
7229,exact,5,5,1,0,0,0,0,0,0,0,0,0
7230,exact,1,2,2,1,0,1,0,0,1,0,0,1
7231,near,9,27,3,2,2,2,2,2,2,2,2,2
7234,exact,6,8,2,0,0,0,0,0,0,0,0,0
7235,far,9,31,14,1,1,1,1,1,1,1,1,1
7236,near,6,7,2,0,0,0,0,0,0,0,0,0
7237,near,5,6,3,0,0,0,0,0,0,0,0,0
7238,far,9,64,24,2,4,1,2,1,1,3,1,1
7239,far,5,6,4,0,0,0,0,0,0,0,0,0
7241,exact,2,3,2,0,0,0,0,0,0,0,0,0
7242,exact,6,7,1,0,0,0,0,0,0,0,0,0
7243,exact,5,6,2,0,0,0,0,0,0,0,0,0
7244,exact,0,1,2,0,0,0,0,0,0,0,0,0
7245,near,1,2,2,0,0,0,0,0,0,0,0,0
7247,exact,3,4,2,0,0,0,0,0,0,0,0,0
7248,near,7,10,4,0,0,0,0,0,0,0,0,0
7249,exact,7,10,4,0,0,0,0,0,0,0,0,0
7250,exact,3,4,2,0,0,0,0,0,0,0,0,0
7251,exact,1,2,1,0,0,0,0,0,0,0,0,0
7253,near,2,3,1,0,0,0,0,0,0,0,0,0
7254,near,1,2,2,0,0,0,0,0,0,0,0,0
7255,exact,2,3,2,0,0,0,0,0,0,0,0,0
7256,near,6,7,6,0,0,0,0,0,0,0,0,0
7258,near,6,8,5,0,0,0,0,0,0,0,0,0
7259,near,3,4,1,0,0,0,0,0,0,0,0,0
7260,exact,9,23,19,0,0,0,0,0,0,0,0,0
7261,near,8,21,7,0,0,0,0,0,0,0,0,0
7262,far,0,1,2,0,0,0,0,0,0,0,0,0
7263,near,8,17,5,0,0,0,0,0,0,0,0,0
7265,near,1,2,2,0,0,0,0,0,0,0,0,0
7266,far,5,5,4,0,0,0,0,0,0,0,0,0
7268,near,7,12,8,0,0,0,0,0,0,0,0,0
7269,near,2,3,2,0,0,0,0,0,0,0,0,0
7270,near,9,33,8,1,1,1,1,2,1,1,1,1
7271,near,6,7,2,0,0,0,0,0,0,0,0,0
7272,near,5,6,1,0,0,0,0,0,0,0,0,0
7273,exact,3,4,1,0,0,0,0,0,0,0,0,0
7274,exact,7,9,4,0,0,0,0,0,0,0,0,0
7275,exact,9,25,11,1,0,0,0,0,0,1,0,0
7276,near,8,14,4,0,0,0,0,0,0,0,0,0
7277,exact,1,2,1,0,0,0,0,0,0,0,0,0
7278,exact,1,2,2,0,0,0,0,0,0,0,0,0
7279,exact,2,3,2,0,0,0,0,0,0,0,0,0
7280,exact,8,18,8,0,0,0,0,0,0,0,0,0
7282,near,5,6,3,0,0,0,0,0,0,0,0,0
7283,exact,6,7,5,0,0,0,0,0,0,0,0,0
7284,near,2,3,1,0,0,0,0,0,0,0,0,0
7285,exact,6,8,3,0,0,0,0,0,0,0,0,0
7286,near,3,4,4,0,0,0,0,0,0,0,0,0
7287,exact,7,12,4,0,0,0,0,0,0,0,0,0
7288,near,6,7,2,0,0,0,0,0,0,0,0,0
7289,exact,5,6,3,0,0,0,0,0,0,0,0,0
7290,exact,1,2,2,0,0,0,0,0,0,0,0,0
7291,near,9,26,8,0,0,0,0,0,1,0,0,0
7293,exact,5,6,7,0,0,0,0,0,0,0,0,0
7294,exact,0,1,3,0,0,0,0,0,0,0,0,0
7295,near,3,4,1,0,0,0,0,0,0,0,0,0
7296,exact,9,23,6,0,0,0,0,0,0,0,0,0
7298,exact,9,39,18,1,0,0,0,0,0,0,0,0
7299,near,8,18,2,1,1,1,0,1,0,0,0,0
7300,near,5,6,6,0,0,0,0,0,0,0,0,0
7301,exact,1,2,2,0,0,0,0,0,0,0,0,0
7302,exact,3,4,1,0,0,0,0,0,0,0,0,0
7303,exact,5,6,2,0,0,0,0,0,0,0,0,0
7304,exact,8,18,10,2,1,1,2,1,2,1,0,1
7305,near,7,10,2,0,0,0,0,0,0,0,0,0
7306,near,9,23,9,0,0,0,0,0,0,0,0,0
7307,exact,5,5,1,0,0,0,0,0,0,0,0,0
7308,near,8,16,6,0,0,0,0,0,0,0,0,0
7309,exact,6,7,6,0,0,0,0,0,0,0,0,0
7310,exact,3,4,1,0,0,0,0,0,0,0,0,0
7313,near,2,3,3,0,0,0,0,0,0,0,0,0
7314,exact,6,7,1,0,0,0,0,0,0,0,0,0
7315,exact,3,4,1,0,0,0,0,0,0,0,0,0
7316,exact,2,3,1,0,0,0,0,0,0,0,0,0
7317,exact,7,10,6,0,0,0,0,0,0,0,0,0
7318,exact,1,2,1,0,0,0,0,0,0,0,0,0
7319,exact,8,15,4,0,0,0,0,0,0,0,0,0
7321,far,9,23,4,0,0,0,0,1,0,0,0,0
7322,exact,5,5,1,0,0,0,0,0,0,0,0,0
7323,exact,3,4,2,0,0,0,0,0,0,0,0,0
7324,near,1,2,1,0,0,0,0,0,0,0,0,0
7325,near,9,47,14,3,6,7,6,6,6,7,7,8
7326,near,5,5,2,0,0,0,0,0,0,0,0,0
7327,near,2,3,5,0,0,0,0,0,0,0,0,0
7328,far,9,49,18,2,1,1,3,2,3,1,1,2
7329,near,9,77,14,4,5,5,6,3,7,5,7,6
7330,exact,8,13,4,0,0,1,1,0,1,1,0,1
7331,exact,5,6,9,0,0,0,0,0,0,0,0,0
7332,far,3,4,2,0,0,0,0,0,0,0,0,0
7333,near,2,3,4,0,0,0,0,0,0,0,0,0
7334,exact,2,3,1,0,0,0,0,0,0,0,0,0
7335,near,2,3,2,0,0,0,0,0,0,0,0,0
7336,near,9,22,3,1,1,0,1,1,0,1,0,0
7338,exact,9,47,35,0,0,0,1,1,0,0,0,0
7339,near,7,12,8,0,0,0,0,0,0,0,0,0
7340,exact,3,4,1,0,0,0,0,0,0,0,0,0
7341,near,5,5,2,1,0,0,1,0,0,0,0,0
7342,near,5,5,1,0,0,0,0,0,0,0,0,0
7343,exact,6,8,4,0,0,0,0,0,0,0,0,0
7344,near,0,1,3,0,0,0,0,0,0,0,0,0
7345,exact,8,16,3,0,1,1,0,1,0,0,0,0
7346,far,0,1,3,0,0,0,0,0,0,0,0,0
7347,near,9,139,33,12,11,10,12,12,9,20,15,11
7348,exact,9,97,44,3,5,3,7,8,4,2,6,3
7349,exact,2,3,1,0,0,0,0,0,0,0,0,0
7350,near,0,1,3,0,0,0,0,0,0,0,0,0
7351,near,3,4,2,0,0,0,0,0,0,0,0,0
7352,near,2,3,2,0,0,0,0,0,0,0,0,0
7353,exact,7,9,3,0,0,0,0,0,0,0,0,0
7354,exact,8,13,4,0,0,0,0,0,0,0,0,0
7355,exact,8,17,6,0,0,0,0,0,0,0,0,0
7356,near,9,30,4,0,0,0,0,0,0,0,0,0
7357,near,3,4,3,0,1,0,0,0,1,0,1,1
7358,exact,8,14,2,0,0,0,0,0,0,0,0,0
7359,near,3,4,2,0,0,0,0,0,0,0,0,0
7360,exact,1,2,3,0,0,0,0,0,0,0,0,0
7361,near,5,5,1,0,0,0,0,0,0,0,0,0
7362,exact,2,3,3,0,0,0,0,0,0,0,0,0
7363,near,7,10,5,2,2,2,2,2,2,2,2,2
7364,exact,1,2,1,0,0,0,0,0,0,0,0,0
7365,exact,3,4,2,0,0,0,0,0,0,0,0,0
7366,exact,7,9,1,0,0,0,0,0,0,0,0,0
7367,exact,6,7,3,0,0,0,0,0,0,0,0,0
7369,near,5,6,2,0,0,0,0,0,0,0,0,0
7370,exact,8,20,17,1,1,1,1,0,1,1,1,1
7372,exact,7,10,3,0,0,0,0,0,0,0,0,0
7373,exact,6,7,5,0,0,0,0,0,0,0,0,0
7375,near,7,12,3,0,0,0,0,0,0,0,0,0
7376,near,8,16,1,0,0,0,0,0,0,0,0,0
7377,exact,1,2,1,0,0,0,0,0,0,0,0,0
7378,exact,5,6,3,0,0,0,0,0,0,0,0,0
7379,near,2,3,1,0,0,0,0,0,0,0,0,0
7380,far,2,3,3,0,0,0,0,0,0,0,0,0
7381,near,3,4,2,0,0,0,0,0,0,0,0,0
7382,exact,2,3,2,0,0,0,0,0,0,0,0,0
7383,far,2,3,1,0,0,0,0,0,0,0,0,0
7384,exact,5,5,1,0,0,0,0,0,0,0,0,0
7385,exact,9,22,6,0,0,0,0,0,0,0,0,0
7386,exact,8,19,12,2,1,2,2,1,1,2,1,1
7387,exact,7,11,4,0,0,0,0,0,0,0,0,0
7388,exact,9,46,20,0,0,0,0,2,0,0,0,0
7389,far,7,12,3,0,0,0,0,0,0,0,0,0
7390,exact,9,34,8,0,0,0,0,0,0,0,0,0
7392,near,6,8,6,0,0,0,0,0,0,0,0,0
7393,far,3,4,1,0,0,0,0,0,0,0,0,0
7396,far,3,4,4,0,0,0,0,0,0,0,0,0
7397,exact,5,6,2,0,0,0,0,0,0,0,0,0
7398,exact,8,18,3,0,0,0,0,0,0,0,0,0
7399,exact,2,3,2,0,0,0,0,0,0,0,0,0
7401,exact,2,3,1,0,0,0,0,0,0,0,0,0
7402,near,6,8,3,0,0,0,0,0,0,0,0,0
7403,near,1,2,2,0,0,0,0,0,0,0,0,0
7404,exact,6,7,4,0,0,0,0,0,0,0,0,0
7406,exact,5,5,1,0,0,0,0,0,0,0,0,0
7407,near,9,55,21,2,1,0,2,2,1,0,2,2
7408,exact,8,13,3,0,0,0,0,0,0,0,0,0
7409,near,9,25,12,1,1,0,1,1,1,0,0,0
7411,exact,6,8,1,0,0,0,0,0,0,0,0,0
7412,near,6,8,3,1,1,1,1,1,1,1,0,1
7414,exact,9,31,12,6,7,7,7,7,7,7,7,7
7415,near,8,21,11,0,1,0,0,0,0,0,1,0
7416,near,8,14,3,0,0,0,0,0,0,0,0,0
7418,near,7,12,7,0,0,0,0,0,0,0,0,0
7419,near,9,35,10,0,0,0,0,0,0,0,0,0
7420,exact,3,4,1,0,0,0,0,0,0,0,0,0
7421,exact,8,18,8,0,0,0,0,0,0,0,0,0
7422,near,1,2,3,0,0,0,0,0,0,0,0,0
7424,near,5,6,1,0,0,0,0,0,0,0,0,0
7425,near,9,39,11,0,0,0,0,0,0,0,0,0
7426,exact,7,12,8,0,0,0,0,0,0,0,0,0
7427,exact,7,9,2,0,0,0,0,0,0,0,0,0
7428,near,6,8,2,0,0,0,0,0,0,0,0,0
7429,near,2,3,2,0,0,0,0,0,0,0,0,0
7430,exact,1,2,2,0,0,0,0,0,0,0,0,0
7431,exact,8,18,2,0,0,0,0,0,0,0,0,0
7432,exact,7,10,3,0,0,0,0,0,0,0,0,0
7433,exact,8,17,6,2,2,1,2,2,2,2,2,0
7434,exact,1,2,1,0,0,0,0,0,0,0,0,0
7435,far,7,10,4,0,0,0,0,0,0,0,0,0
7436,exact,3,4,1,0,0,0,0,0,0,0,0,0
7437,far,7,10,2,0,0,0,0,0,0,0,0,0
7438,exact,3,4,2,0,0,0,0,0,0,0,0,0
7439,exact,5,5,2,0,0,0,0,0,0,0,0,0
7440,near,6,7,5,0,0,0,0,0,0,0,0,0
7441,near,3,4,3,0,0,0,0,0,0,0,0,0
7442,far,2,3,1,0,0,0,0,0,0,0,0,0
7443,far,5,6,1,0,0,0,0,0,0,0,0,0
7444,near,5,6,3,0,0,0,0,0,0,0,0,0
7445,exact,3,4,4,0,0,0,0,0,0,0,0,0
7446,exact,1,2,1,0,0,0,0,0,0,0,0,0
7447,exact,5,5,2,0,1,0,0,0,0,1,1,0
7448,exact,7,10,8,0,0,0,0,0,0,0,0,0
7449,exact,9,81,37,2,4,3,1,3,6,3,2,3
7450,exact,9,27,12,1,0,1,3,1,0,1,0,1
7451,exact,7,10,1,0,0,0,0,0,0,0,0,0
7452,far,5,5,4,0,0,0,0,0,0,0,0,0
7453,near,9,26,7,0,0,0,0,0,0,0,0,0
7454,near,1,2,1,0,0,0,0,0,0,0,0,0
7456,near,1,2,2,0,0,0,0,0,0,0,0,0
7457,exact,9,22,8,0,1,1,0,0,0,0,0,0
7458,near,2,3,1,0,0,0,0,0,0,0,0,0
7460,near,2,3,1,0,0,0,0,0,0,0,0,0
7461,exact,0,1,2,0,0,0,0,0,0,0,0,0
7462,exact,5,6,4,0,0,0,0,0,0,0,0,0
7464,near,5,5,1,0,0,0,0,0,0,0,0,0
7465,near,9,35,21,0,0,0,1,0,0,0,0,0
7466,near,6,7,2,0,0,0,0,0,0,0,0,0
7467,exact,5,6,3,0,0,0,0,0,0,0,0,0
7468,exact,2,3,2,0,0,0,0,0,0,0,0,0
7469,exact,1,2,2,0,0,0,0,0,0,0,0,0
7470,near,2,3,1,0,0,0,0,0,0,0,0,0
7471,exact,7,9,1,0,0,0,0,0,0,0,0,0
7472,near,2,3,1,0,0,0,0,0,0,0,0,0
7473,near,2,3,2,0,0,0,0,0,0,0,0,0
7474,near,2,3,3,0,0,0,0,0,0,0,0,0
7475,near,5,6,1,0,0,0,0,0,0,0,0,0
7476,near,5,6,1,0,0,0,0,0,0,0,0,0
7477,near,6,7,4,0,0,0,0,0,0,0,0,0
7479,exact,6,7,2,0,0,0,0,0,0,0,0,0
7480,exact,7,12,4,0,0,0,0,0,0,0,0,0
7481,exact,3,4,1,0,0,0,0,0,0,0,0,0
7483,exact,8,15,6,0,0,0,0,0,0,0,0,0
7484,near,7,10,4,0,0,0,0,0,0,0,0,0
7485,exact,8,16,3,0,0,0,0,0,0,0,0,0
7486,exact,6,7,1,0,0,0,0,0,0,0,0,0
7487,exact,6,7,1,0,0,0,0,0,0,0,0,0
7488,exact,1,2,1,0,0,0,0,0,0,0,0,0
7489,far,3,4,2,0,0,0,0,0,0,0,0,0
7490,far,6,8,6,0,0,0,0,0,0,0,0,0
7491,near,8,16,7,0,0,0,0,0,0,0,0,0
7492,exact,8,21,1,0,0,0,0,0,0,0,0,0
7493,near,5,5,1,0,0,0,0,0,0,0,0,0
7494,exact,9,40,16,0,0,1,0,0,0,0,0,1
7495,exact,3,4,2,0,0,0,0,0,0,0,0,0
7496,near,2,3,3,0,0,0,0,0,0,0,0,0
7497,exact,6,8,2,0,0,0,0,0,0,0,0,0
7498,near,9,25,5,0,0,0,0,0,0,0,0,0
7500,far,5,5,2,0,0,0,0,0,0,0,0,0
7501,exact,9,44,16,1,0,1,1,1,2,1,0,2
7502,exact,1,2,2,0,0,0,0,0,0,0,0,0
7503,near,7,11,2,0,0,0,0,0,0,0,0,0
7504,exact,9,29,6,1,1,1,1,1,1,1,1,1
7505,near,2,3,1,0,0,0,0,0,0,0,0,0
7506,near,7,12,1,0,0,0,0,0,0,0,0,0
7507,exact,9,39,24,1,1,2,1,1,1,1,1,2
7508,exact,6,7,6,0,0,0,0,0,0,0,0,0
7509,exact,3,4,2,0,0,0,0,0,0,0,0,0
7510,far,7,11,4,0,0,0,0,0,0,0,0,0
7511,exact,6,8,1,0,0,0,0,0,0,0,0,0
7512,near,5,5,6,0,0,0,0,0,0,0,0,0
7513,exact,5,6,6,0,0,0,0,0,0,0,0,0
7514,exact,9,34,15,0,0,0,0,0,0,0,0,0
7515,far,8,17,12,2,2,2,2,2,2,2,2,2
7516,exact,5,5,3,0,0,0,0,0,0,0,0,0
7517,exact,8,13,3,0,0,0,0,0,0,0,0,0
7518,near,2,3,2,1,0,1,1,1,1,1,0,1
7519,exact,9,26,10,0,0,0,0,0,0,0,0,0
7522,exact,5,5,1,0,0,0,0,0,0,0,0,0
7523,far,5,6,2,0,0,0,0,0,0,0,0,0
7524,near,8,14,1,0,0,0,0,0,0,0,0,0
7526,exact,5,5,1,1,1,1,1,1,1,1,1,1
7527,exact,8,20,1,0,0,0,0,0,0,0,0,0
7528,exact,8,14,4,0,0,0,0,0,0,0,0,0
7529,exact,5,6,4,0,0,0,0,0,0,0,0,0
7530,far,9,79,31,0,2,3,1,0,1,1,1,0
7531,far,2,3,2,0,0,0,0,0,0,0,0,0
7532,exact,7,10,3,0,0,0,0,0,0,0,0,0
7533,far,8,13,5,0,0,0,0,0,0,0,0,0
7534,near,7,12,3,0,0,0,0,0,0,0,0,0
7535,exact,7,9,1,0,0,0,0,0,0,0,0,0
7536,exact,5,6,1,0,0,0,0,0,0,0,0,0
7537,near,8,16,9,0,0,0,0,0,0,0,0,0
7538,exact,5,6,3,0,0,0,0,0,0,0,0,0
7539,exact,2,3,2,0,0,0,0,0,0,0,0,0
7540,exact,1,2,1,0,0,0,0,0,0,0,0,0
7541,far,7,11,4,0,0,0,0,0,0,0,0,0
7542,near,1,2,3,0,0,0,0,0,0,0,0,0
7543,near,3,4,1,0,0,0,0,0,0,0,0,0
7544,near,2,3,3,0,0,0,0,0,0,0,0,0
7546,near,9,51,20,0,1,0,0,0,0,0,0,0
7547,near,3,4,4,0,0,0,0,0,0,0,0,0
7548,near,8,15,9,0,0,0,0,0,0,0,0,0
7549,exact,9,23,9,1,1,2,3,3,2,1,1,2
7550,exact,5,6,1,0,0,0,0,0,0,0,0,0
7551,near,3,4,4,0,0,0,0,0,0,0,0,0
7552,exact,7,11,4,0,0,0,0,0,0,0,0,0
7553,exact,5,5,1,0,0,0,0,0,0,0,0,0
7554,exact,0,1,3,0,0,0,0,0,0,0,0,0
7555,exact,7,9,1,0,0,0,0,0,0,0,0,0
7556,exact,6,7,2,0,0,0,0,0,0,0,0,0
7557,exact,2,3,2,0,0,0,0,0,0,0,0,0
7558,near,7,9,6,0,0,0,0,0,0,0,0,0
7559,exact,2,3,3,0,0,0,0,0,0,0,0,0
7560,near,5,6,2,0,0,0,0,0,0,0,0,0
7561,exact,5,6,1,0,0,0,0,0,0,0,0,0
7562,near,5,5,1,0,0,0,0,0,0,0,0,0
7563,near,6,8,8,0,0,0,0,0,0,0,0,0
7564,exact,7,9,5,0,0,0,0,0,0,0,0,0
7565,near,3,4,1,0,0,0,0,0,0,0,0,0
7566,near,3,4,2,0,0,0,0,0,0,0,0,0
7567,exact,0,1,2,0,0,0,0,0,0,0,0,0
7568,near,1,2,1,0,0,0,0,0,0,0,0,0
7569,near,8,14,9,0,0,0,0,0,0,0,0,1
7571,exact,7,9,2,0,0,0,0,0,0,0,0,0
7573,far,2,3,2,0,0,0,0,0,0,0,0,0
7574,near,8,15,3,0,0,0,0,0,0,0,0,0
7575,near,6,7,1,0,0,0,0,0,0,0,0,0
7576,exact,2,3,2,0,0,0,0,0,0,0,0,0
7578,exact,7,11,4,0,0,0,0,0,0,0,0,0
7579,far,3,4,2,0,0,0,0,0,0,0,0,0
7580,exact,1,2,2,0,0,0,0,0,0,0,0,0
7582,exact,5,5,2,0,0,0,0,0,0,0,0,0
7583,exact,7,9,5,0,0,0,0,0,0,0,0,0
7584,near,5,6,2,0,0,0,0,0,0,0,0,0
7585,near,7,11,2,0,0,0,0,0,0,0,0,0
7586,exact,9,40,15,0,0,0,1,0,1,0,0,1
7588,exact,7,10,4,0,0,0,0,0,0,0,0,0
7589,exact,6,8,6,0,0,0,0,0,0,0,0,0
7590,far,1,2,3,0,0,0,0,0,0,0,0,0
7591,exact,5,6,2,0,0,0,0,0,0,0,0,0
7592,exact,2,3,3,0,0,0,0,0,0,0,0,0
7593,exact,5,5,2,0,0,0,0,0,0,0,0,0
7594,exact,6,7,1,0,0,0,0,0,0,0,0,0
7595,near,5,6,2,0,0,0,0,0,0,0,0,0
7596,exact,9,63,17,1,0,1,1,0,1,1,0,0
7597,exact,5,6,1,0,0,0,0,0,0,0,0,0
7599,near,7,10,3,0,0,0,0,0,0,0,0,0
7600,exact,1,2,2,0,0,0,0,0,0,0,0,0
7601,near,3,4,4,0,0,0,0,0,0,0,0,0
7602,near,1,2,3,0,0,0,0,0,0,0,0,0
7603,near,9,38,21,0,0,0,0,0,0,0,0,0
7604,exact,6,7,2,0,0,0,0,0,0,0,0,0
7605,near,1,2,2,0,0,0,0,0,0,0,0,0
7606,near,6,8,1,0,0,0,0,0,0,0,0,0
7607,exact,3,4,3,0,0,0,0,0,0,0,0,0
7608,near,1,2,1,0,0,0,0,0,0,0,0,0
7609,exact,3,4,6,0,0,0,0,0,0,0,0,0
7611,exact,7,9,4,1,0,1,1,0,0,1,0,1
7613,near,9,71,38,2,1,2,1,1,6,2,2,1
7614,exact,0,1,4,0,0,0,0,0,0,0,0,0
7615,exact,0,1,3,0,0,0,0,0,0,0,0,0
7616,near,2,3,1,0,0,0,0,0,0,0,0,0
7617,near,2,3,2,0,0,0,0,0,0,0,0,0
7618,exact,8,20,5,0,0,0,0,0,0,0,0,0
7619,near,5,6,1,0,0,0,0,0,0,0,0,0
7620,exact,7,11,2,0,0,0,0,0,0,0,0,0
7621,exact,2,3,1,0,0,0,0,0,0,0,0,0
7622,exact,8,13,3,0,0,0,0,0,0,0,0,0
7623,far,5,5,4,0,0,0,0,0,0,0,0,0
7624,exact,2,3,1,0,0,0,0,0,0,0,0,0
7625,near,2,3,2,0,0,0,0,0,0,0,0,0
7626,exact,5,6,3,0,0,0,0,0,0,0,0,0
7627,exact,2,3,1,0,0,0,0,0,0,0,0,0
7628,exact,5,6,2,0,0,0,0,0,0,0,0,0
7630,exact,5,5,3,0,0,0,0,0,0,0,0,0
7631,near,5,5,1,0,0,0,0,0,0,0,0,0
7632,near,9,43,8,4,4,4,4,3,4,4,4,4
7633,exact,5,6,2,0,0,0,0,0,0,0,0,0
7634,exact,5,6,3,0,0,0,0,0,0,0,0,0
7635,exact,1,2,2,0,0,0,0,0,0,0,0,0
7636,near,9,37,11,0,0,1,0,0,0,0,0,1
7637,near,6,7,2,0,0,0,0,0,0,0,0,0
7638,exact,8,13,8,0,1,0,0,1,0,0,1,0
7639,far,7,11,5,0,0,0,0,0,0,0,0,0
7640,near,8,21,15,0,0,0,0,0,0,1,0,0
7641,exact,9,32,17,0,0,0,0,2,0,0,0,0
7642,near,3,4,3,0,0,0,0,0,0,0,0,0
7644,near,7,11,1,0,0,0,0,0,0,0,0,0
7645,exact,9,39,20,0,0,0,0,0,0,0,0,0
7646,near,5,6,1,0,0,0,0,0,0,0,0,0
7647,near,8,20,14,0,0,0,0,0,0,0,0,1
7648,near,8,17,9,0,0,0,0,0,0,0,0,0
7649,near,6,7,4,1,1,1,0,0,1,0,0,0
7650,far,6,7,3,0,0,0,0,0,0,0,0,0
7651,exact,5,6,2,0,0,0,0,0,0,0,0,0
7652,exact,5,5,1,0,0,0,0,0,0,0,0,0
7653,near,1,2,4,0,0,0,0,0,0,0,0,0
7655,near,2,3,1,0,0,0,0,0,0,0,0,0
7656,exact,9,46,12,6,4,1,4,3,1,4,3,1
7657,far,9,45,19,0,0,0,0,0,0,0,0,0
7659,exact,3,4,1,0,0,0,0,0,0,0,0,0
7660,near,1,2,2,0,0,0,0,0,0,0,0,0
7661,exact,5,6,3,0,0,0,0,0,0,0,0,0
7662,far,5,6,4,0,0,0,1,0,0,0,0,1
7663,exact,3,4,1,0,0,0,0,0,0,0,0,0
7664,near,7,10,5,0,0,0,0,0,0,0,0,0
7665,near,9,34,13,0,0,0,1,0,0,0,0,0
7666,near,0,1,1,0,0,0,0,0,0,0,0,0
7667,exact,5,5,3,0,0,0,0,0,0,0,0,0
7668,near,8,15,7,0,0,1,0,0,0,0,0,0
7669,exact,1,2,3,0,0,0,0,0,0,0,0,0
7671,exact,6,7,3,0,0,0,0,0,0,0,0,0
7672,far,3,4,3,0,0,0,0,0,0,0,0,0
7673,exact,1,2,3,0,0,0,0,0,0,0,0,0
7674,near,9,41,9,0,0,0,0,0,0,0,0,0
7677,near,8,21,9,0,1,0,0,1,0,0,0,0
7678,exact,3,4,1,0,0,0,0,0,0,0,0,0
7679,near,2,3,1,0,0,0,0,0,0,0,0,0
7680,exact,5,5,1,0,0,0,0,0,0,0,0,0
7681,near,3,4,1,0,0,0,0,0,0,0,0,0
7682,exact,6,7,2,0,0,0,0,0,0,0,0,0
7683,exact,9,24,13,1,1,1,1,1,1,1,1,1
7684,near,8,16,6,0,0,0,0,0,0,0,0,0
7685,exact,5,5,3,0,0,0,0,0,0,0,0,0
7686,exact,8,17,7,1,1,1,1,1,1,1,1,1
7687,exact,3,4,2,0,0,0,0,0,0,0,0,0
7688,far,0,1,3,0,0,0,1,0,0,0,0,0
7689,near,0,1,2,0,0,0,0,0,0,0,0,0
7690,far,7,9,3,0,0,0,0,0,0,0,0,0
7691,exact,1,2,1,0,0,0,0,0,0,0,0,0
7692,exact,1,2,1,0,0,0,0,0,0,0,0,0
7693,exact,5,5,1,0,0,0,0,0,0,0,0,0
7694,near,9,36,10,2,0,1,2,1,1,2,0,0
7695,exact,5,5,1,0,0,0,0,0,0,0,0,0
7696,exact,9,131,55,1,4,3,2,5,2,3,4,3
7697,far,8,16,13,0,0,0,0,0,0,0,0,0
7698,exact,6,7,2,0,0,0,0,0,0,0,0,0
7699,exact,5,6,5,0,0,0,0,0,0,0,0,0
7700,near,3,4,2,0,0,0,0,0,0,0,0,0
7701,exact,8,13,3,1,0,1,1,0,1,0,0,0
7702,near,5,5,3,0,0,0,0,0,0,0,0,0
7703,near,3,4,3,2,2,1,1,1,1,2,2,2
7704,exact,1,2,2,0,0,0,0,0,0,0,0,0
7705,exact,9,39,14,0,0,0,0,1,0,0,1,0
7706,exact,3,4,1,0,0,0,0,0,0,0,0,0
7707,near,9,70,29,0,0,3,0,1,3,1,2,1
7708,exact,5,6,2,0,1,0,1,1,0,0,1,0
7709,exact,3,4,1,0,0,0,0,0,0,0,0,0
7710,near,6,7,2,0,0,0,0,0,0,0,0,0
7711,near,1,2,3,0,0,0,0,0,0,0,0,0
7712,near,7,12,9,0,0,0,0,0,0,0,0,0
7713,exact,3,4,2,0,0,0,0,0,0,0,0,0
7715,near,6,8,3,0,0,0,0,0,0,0,0,0
7716,exact,5,6,6,0,0,0,0,0,0,0,0,0
7717,near,1,2,1,0,0,0,0,0,0,0,0,0
7718,exact,6,7,1,0,0,0,0,0,0,0,0,0
7719,exact,3,4,1,0,0,0,0,0,0,0,0,0
7720,exact,2,3,2,0,0,0,0,0,0,0,0,0
7721,near,7,12,4,0,0,0,0,0,0,0,0,0
7722,near,7,10,3,0,0,0,0,1,0,0,0,0
7723,exact,5,5,1,0,0,0,0,0,0,0,0,0
7724,exact,1,2,3,0,0,0,0,0,0,0,0,0
7725,exact,1,2,2,0,0,0,0,0,0,0,0,0
7726,far,2,3,3,0,0,0,0,0,0,0,0,0
7727,near,8,13,4,0,0,0,0,0,0,0,0,0
7728,exact,9,33,8,1,1,0,1,1,0,0,1,0
7729,near,9,22,4,0,0,0,0,0,0,0,0,0
7730,exact,7,12,3,0,0,0,0,0,0,0,0,0
7731,near,8,15,2,0,0,0,0,0,0,0,0,0
7732,near,1,2,2,0,0,0,0,0,0,0,0,0
7734,exact,2,3,1,0,0,0,0,0,0,0,0,0
7735,near,5,5,2,0,0,0,0,0,0,0,0,0
7736,exact,9,34,12,4,4,2,4,4,2,5,4,2
7737,near,1,2,3,0,0,0,0,0,0,0,0,0
7739,exact,5,6,4,0,0,0,0,0,0,0,0,0
7740,exact,5,6,2,0,0,0,0,0,0,0,0,0
7741,exact,5,6,2,0,0,0,0,0,0,0,0,0
7742,near,8,19,1,0,0,0,0,0,0,0,0,0
7743,exact,2,3,1,0,0,0,0,0,0,0,0,0
7744,near,2,3,1,0,0,0,0,0,0,0,0,0
7746,exact,5,5,1,0,0,0,0,0,0,0,0,0
7747,exact,6,8,1,0,0,0,0,0,0,0,0,0
7748,exact,1,2,3,0,0,0,0,0,0,0,0,0
7749,near,8,19,10,0,0,0,1,1,0,0,0,0
7750,near,1,2,4,1,1,0,1,0,0,0,0,0
7751,near,5,5,5,0,0,0,0,0,0,0,0,0
7752,far,7,9,4,0,0,0,0,0,0,0,0,0
7753,far,7,12,1,0,0,0,0,0,0,0,0,0
7754,exact,8,14,12,0,0,0,0,0,0,0,0,0
7755,near,6,7,3,0,0,0,0,0,0,0,0,0
7756,exact,9,114,42,8,6,9,7,5,7,6,7,7
7757,exact,3,4,1,0,0,0,0,0,0,0,0,0
7758,exact,7,10,4,0,0,0,0,0,0,0,0,0
7759,exact,0,1,2,0,0,0,0,0,0,0,0,0
7760,near,6,7,4,0,0,0,0,0,0,0,0,0
7761,far,1,2,1,0,0,0,0,0,0,0,0,0
7762,exact,7,10,3,0,0,0,0,0,0,0,0,0
7763,near,5,6,8,0,0,0,0,0,0,0,0,0
7764,near,7,9,1,0,0,0,0,0,0,0,0,0
7765,near,6,8,5,0,0,0,0,0,0,0,0,0
7766,far,7,11,5,0,0,1,0,0,0,0,0,0
7769,near,3,4,1,0,0,0,0,0,0,0,0,0
7770,exact,2,3,2,0,0,0,0,0,0,0,0,0
7771,exact,0,1,5,0,0,0,0,0,0,0,0,0
7772,exact,2,3,1,1,0,1,1,0,1,0,0,0
7773,exact,9,59,17,13,13,14,13,13,14,14,14,14
7774,near,5,5,1,0,0,0,0,0,0,0,0,0
7775,exact,6,7,1,0,0,0,0,0,0,0,0,0
7776,far,9,89,31,0,1,1,2,2,2,0,2,1
7777,near,5,6,3,0,0,0,0,0,0,0,0,0
7779,exact,8,13,3,0,0,0,0,0,0,0,0,0
7780,exact,7,12,3,0,0,0,0,0,0,0,0,0
7781,exact,7,11,1,0,0,0,0,0,0,0,0,0
7782,near,9,29,7,0,0,0,0,0,0,0,0,0
7783,near,2,3,2,0,0,0,0,0,0,0,0,0
7784,near,5,6,1,0,0,0,0,0,0,0,0,0
7785,exact,3,4,2,0,0,0,0,0,0,0,0,0
7786,exact,3,4,3,0,0,0,0,0,0,0,0,0
7787,exact,3,4,2,0,0,0,0,0,0,0,0,0
7788,exact,2,3,1,0,0,0,0,0,0,0,0,0
7789,near,2,3,1,0,0,0,0,0,0,0,0,0
7790,exact,8,20,6,0,0,0,0,0,1,0,0,0
7791,near,3,4,1,0,0,0,0,0,0,0,0,0
7792,near,2,3,2,0,0,0,0,0,0,0,0,0
7793,near,0,1,3,0,0,0,0,0,0,0,0,0
7795,exact,9,30,7,0,0,1,0,0,0,0,0,1
7796,exact,5,5,2,0,0,0,0,0,0,0,0,0
7797,near,1,2,2,0,0,0,0,0,0,0,0,0
7798,near,7,9,3,0,0,0,0,0,0,0,0,0
7799,near,6,8,2,0,1,1,0,1,1,1,1,1
7800,far,0,1,3,0,0,0,0,0,0,0,0,0
7801,exact,8,16,5,0,0,0,0,0,0,0,0,0
7802,near,6,8,5,0,0,0,0,0,0,0,0,0
7803,far,5,5,1,0,0,0,0,0,0,0,0,0
7804,exact,2,3,3,0,0,0,0,0,0,0,0,0
7805,exact,5,6,3,0,0,0,0,0,0,0,0,0
7806,near,6,7,10,0,0,0,0,0,0,0,0,0
7807,exact,3,4,1,0,0,0,0,0,0,0,0,0
7808,exact,5,5,3,1,1,1,1,1,1,1,1,1
7810,exact,9,50,19,1,0,0,0,0,1,1,0,0
7811,exact,6,8,5,0,0,0,0,0,0,0,0,0
7812,far,9,42,8,0,0,0,0,0,0,0,0,0
7813,near,6,8,2,0,0,0,0,0,0,0,0,0
7814,exact,8,15,3,0,0,0,0,0,0,0,0,0
7815,far,7,9,1,0,0,0,0,0,0,0,0,0
7817,exact,8,19,5,0,0,0,0,0,0,0,0,0
7818,exact,6,7,5,0,0,0,0,0,0,0,0,0
7819,far,1,2,3,0,0,0,0,0,0,0,0,0
7820,near,3,4,2,0,0,0,0,0,0,0,0,0
7821,near,8,13,7,0,0,0,0,0,0,0,0,0
7822,exact,6,7,3,0,0,0,0,0,0,0,0,0
7823,near,9,57,17,0,1,0,0,0,1,0,1,0
7824,near,5,5,2,0,0,0,0,0,0,0,0,0
7825,far,3,4,1,0,0,0,0,0,0,0,0,0
7826,near,1,2,1,0,0,0,0,0,0,0,0,0
7827,exact,1,2,1,0,0,0,0,0,0,0,0,0
7828,exact,6,8,3,0,0,0,0,0,0,0,0,0
7829,near,7,11,4,0,0,0,0,0,0,0,0,0
7830,exact,5,5,2,0,0,0,0,0,0,0,0,0
7831,exact,9,22,11,0,0,0,1,0,0,0,0,0
7832,near,5,6,6,0,0,0,0,0,0,0,0,0
7833,near,8,17,8,0,0,0,0,0,1,0,0,0
7835,near,5,5,4,0,0,0,0,0,0,1,0,0
7836,exact,5,5,3,0,0,0,0,0,0,0,0,0
7837,near,2,3,1,0,0,0,0,0,0,0,0,0
7838,near,1,2,3,0,0,0,0,0,0,0,0,0
7839,near,6,7,1,0,0,0,0,0,0,0,0,0
7840,exact,8,19,8,1,1,1,1,1,1,0,0,1
7842,far,6,7,2,0,0,0,0,0,0,0,0,0
7843,exact,5,5,1,0,0,0,0,0,0,0,0,0
7844,near,1,2,3,0,0,0,0,0,0,0,0,0
7846,exact,2,3,1,0,0,0,0,0,0,0,0,0
7847,exact,5,6,1,0,0,0,0,0,0,0,0,0
7848,exact,9,22,11,0,0,0,0,0,0,0,0,0
7849,exact,3,4,1,0,0,0,0,0,0,0,0,0
7850,near,7,10,2,0,0,0,0,0,0,0,0,0
7851,near,2,3,3,0,0,0,0,0,0,0,0,0
7852,near,7,11,9,0,0,0,0,0,0,0,0,0
7854,near,1,2,9,0,0,0,0,0,0,0,0,0
7855,exact,3,4,1,0,0,0,0,0,0,0,0,0
7856,exact,6,8,2,0,0,0,0,0,0,0,0,0
7857,near,2,3,1,0,0,0,0,0,0,0,0,0
7858,exact,1,2,2,0,0,0,0,0,0,0,0,0
7859,near,2,3,2,0,0,0,0,0,0,0,0,0
7860,exact,9,35,14,0,0,0,0,0,0,0,0,0
7861,near,8,13,4,0,0,0,0,0,0,0,0,0
7862,exact,7,10,5,1,1,1,0,1,1,0,0,0
7864,exact,0,1,4,0,0,0,0,0,0,0,0,0
7865,near,2,3,1,0,0,0,0,0,0,0,0,0
7866,near,5,5,1,0,0,0,0,0,0,0,0,0
7867,far,9,60,19,1,0,1,1,0,1,0,0,2
7868,exact,2,3,1,0,0,0,0,0,0,0,0,0
7870,exact,1,2,2,0,0,0,0,0,0,0,0,0
7871,near,3,4,1,0,0,0,0,0,0,0,0,0
7872,near,1,2,2,0,0,0,0,0,0,0,0,0
7873,far,8,19,5,0,0,0,0,0,0,0,0,0
7874,exact,3,4,1,0,0,0,0,0,0,0,0,0
7875,exact,2,3,1,0,0,0,0,0,0,0,0,0
7876,near,9,54,17,0,0,0,0,0,0,0,0,0
7877,near,7,9,2,0,0,0,0,0,0,0,0,0
7878,exact,8,17,4,1,1,1,1,1,1,1,1,1
7879,near,5,6,2,1,1,1,1,1,1,1,0,1
7880,exact,6,7,1,0,0,0,0,0,0,0,0,0
7881,exact,5,5,1,0,0,0,0,0,0,0,0,0
7882,near,7,9,4,0,0,0,0,0,0,0,0,0
7883,exact,2,3,1,0,0,0,0,0,0,0,0,0
7884,near,6,8,1,0,0,0,0,0,0,0,0,0
7885,near,3,4,4,0,0,0,0,0,0,0,0,0
7886,near,8,18,10,0,2,0,1,2,0,1,1,0
7887,near,7,12,7,0,0,0,0,0,0,1,0,0
7889,near,2,3,1,0,0,0,0,0,0,0,0,0
7892,near,7,10,10,0,0,1,0,0,1,0,0,0
7893,near,5,6,3,0,0,0,0,0,0,0,0,0
7894,near,5,6,1,0,0,0,0,0,0,0,0,0
7895,exact,1,2,2,0,0,0,0,0,0,0,0,0
7896,exact,7,12,7,0,0,0,0,0,0,0,1,0
7897,exact,8,16,6,0,0,0,0,0,0,0,0,0
7898,exact,8,18,4,0,0,0,0,0,0,0,0,0
7901,near,1,2,4,0,0,0,0,0,0,0,0,0
7902,near,5,6,2,0,0,0,0,0,0,0,0,0
7903,near,8,17,12,1,0,0,1,0,0,1,0,1
7904,near,6,7,1,0,0,0,0,0,0,0,0,0
7905,near,2,3,1,0,0,0,0,0,0,0,0,0
7907,exact,2,3,2,0,0,0,0,0,0,0,0,0
7908,near,9,56,10,2,2,2,2,2,2,2,2,2
7909,near,6,7,5,0,0,0,0,0,0,0,0,0
7911,exact,9,29,32,0,2,2,2,2,4,0,0,0
7913,exact,9,23,5,0,0,0,0,0,0,0,0,0
7914,near,2,3,2,0,0,0,0,0,0,0,0,0
7915,near,8,19,7,0,0,0,0,0,0,0,0,0
7916,near,5,5,3,0,1,0,0,0,0,0,1,0
7918,near,3,4,2,0,0,0,0,0,0,0,0,0
7919,near,7,9,5,0,0,0,0,0,0,0,0,0
7921,exact,8,14,2,0,0,0,0,0,0,0,0,0
7923,exact,7,11,1,0,0,0,0,0,0,0,0,0
7924,near,5,6,3,0,0,0,0,0,0,0,0,0
7925,exact,3,4,1,0,0,0,0,0,0,0,0,0
7926,near,2,3,1,0,0,0,0,0,0,0,0,0
7927,far,7,12,6,0,0,0,0,0,0,0,0,0
7929,near,7,11,5,0,0,0,0,0,0,0,0,0
7930,exact,8,14,6,2,2,2,2,1,2,2,1,2
7931,exact,3,4,1,0,0,0,0,0,0,0,0,0
7932,exact,5,5,1,0,0,0,0,0,0,0,0,0
7933,exact,2,3,1,0,0,0,0,0,0,0,0,0
7934,exact,8,19,9,0,0,0,0,0,0,0,0,0
7935,near,7,11,5,0,0,1,0,0,2,0,0,1
7936,exact,2,3,1,0,0,0,0,0,0,0,0,0
7937,near,5,5,2,0,0,0,0,0,0,0,0,0
7938,far,7,11,3,0,0,0,0,0,0,0,0,0
7939,exact,6,8,2,0,0,0,0,0,0,0,0,0
7940,far,2,3,1,0,0,0,0,0,0,0,0,0
7941,near,8,20,4,3,3,4,4,3,4,4,4,4
7942,exact,2,3,4,0,0,0,0,0,0,0,0,0
7944,exact,8,15,3,1,1,1,1,1,1,1,0,0
7945,far,6,7,2,0,0,0,0,0,0,0,0,0
7946,exact,6,8,3,0,0,0,0,0,0,0,0,0
7947,exact,3,4,5,0,0,0,0,0,0,0,0,0
7948,exact,5,5,1,0,0,0,0,0,0,0,0,0
7949,near,1,2,1,0,0,0,0,0,0,0,0,0
7950,far,5,5,5,0,0,0,0,0,0,0,0,0
7951,exact,9,24,8,0,0,0,0,0,0,0,0,0
7952,exact,9,22,7,0,0,0,0,0,0,0,0,0
7953,exact,5,5,2,0,0,0,0,0,0,0,0,0
7955,exact,9,34,14,1,1,1,1,1,2,1,1,1
7956,near,5,6,2,0,0,0,0,0,0,0,0,0
7957,near,5,6,3,0,0,0,0,0,0,0,0,0
7958,near,2,3,2,0,0,0,0,0,0,0,0,0
7959,near,9,154,80,4,10,5,6,8,6,6,7,7
7960,exact,8,20,8,0,0,0,0,0,0,0,0,0
7962,exact,8,15,2,0,0,0,0,0,0,0,0,0
7963,near,3,4,4,0,0,0,0,0,0,0,0,0
7965,exact,6,8,2,0,1,0,0,0,0,0,1,0
7966,exact,5,5,2,0,0,0,0,0,0,0,0,0
7967,near,9,22,7,0,0,0,0,0,0,0,0,0
7969,exact,5,5,2,0,1,0,0,1,0,0,1,0
7970,near,6,8,6,2,1,1,2,1,1,2,2,0
7971,exact,8,15,3,0,0,0,0,0,0,0,0,0
7972,far,9,46,7,3,3,3,3,3,3,3,3,3
7973,exact,1,2,4,0,0,0,0,0,0,0,0,0
7974,exact,8,16,6,0,0,0,0,0,0,0,0,0
7975,exact,1,2,1,0,0,0,0,0,0,0,0,0
7976,exact,5,5,1,0,0,0,0,0,0,0,0,0
7977,exact,7,9,1,1,1,1,1,1,1,1,1,1
7978,exact,7,12,2,0,0,0,0,0,0,0,0,0
7979,near,9,87,35,0,1,2,3,2,1,0,0,1
7980,far,8,17,7,0,0,0,0,0,0,0,0,0
7981,exact,7,11,1,0,0,0,0,0,0,0,0,0
7982,exact,5,5,4,0,0,0,0,0,0,0,0,0
7983,exact,6,7,6,0,0,0,0,0,0,0,0,0
7984,exact,5,6,2,0,0,0,0,0,0,0,0,0
7985,exact,5,5,1,0,0,0,0,0,0,0,0,0
7986,exact,8,19,11,1,0,0,1,1,1,0,0,0
7987,near,2,3,2,0,0,0,0,0,0,0,0,0
7988,exact,5,6,1,0,0,0,0,0,0,0,0,0
7990,exact,5,6,3,0,0,0,0,0,0,0,0,0
7991,exact,7,9,2,0,0,0,0,0,0,0,0,0
7992,exact,9,47,15,1,0,1,1,0,1,1,0,1
7993,near,5,6,4,0,0,0,0,0,0,0,0,0
7994,exact,8,13,8,0,0,0,0,0,0,0,0,0
7995,near,8,17,7,0,0,0,0,0,0,0,0,0
7996,near,5,5,1,0,0,0,0,0,0,0,0,0
7997,far,6,7,1,0,0,0,0,0,0,0,0,0
7998,exact,5,5,3,0,0,0,0,0,0,0,0,0
7999,near,6,8,3,0,1,0,0,0,0,0,0,0
8000,far,9,23,10,0,0,0,0,0,0,0,0,0
8001,exact,8,13,5,0,0,0,0,0,0,0,0,0
8002,far,5,5,1,0,0,0,0,0,0,0,0,0
8003,near,0,1,2,0,0,0,0,0,0,0,0,0
8004,exact,9,24,8,0,1,0,0,0,0,0,0,1
8005,near,6,7,4,0,0,0,0,0,0,0,0,0
8006,near,1,2,1,0,0,0,0,0,0,0,0,0
8007,near,9,51,22,0,0,0,0,0,0,0,0,1
8008,exact,2,3,2,0,0,0,0,0,0,0,0,0
8009,exact,5,5,1,0,0,0,0,0,0,0,0,0
8010,exact,7,10,3,0,0,0,0,0,0,0,0,0
8012,exact,6,7,2,0,0,0,0,0,0,0,0,0
8013,far,5,6,3,0,0,0,0,0,0,0,0,0
8015,exact,1,2,3,0,0,0,0,0,0,0,0,0
8016,near,9,36,2,2,2,2,2,2,2,2,2,2
8017,near,9,33,13,4,7,4,4,6,4,5,9,3
8018,exact,1,2,3,0,0,0,0,0,0,0,0,0
8019,near,8,16,2,1,1,0,1,1,1,1,1,1
8020,exact,8,13,7,0,0,0,0,0,0,0,0,0
8021,exact,5,6,1,0,0,0,0,0,0,0,0,0
8022,exact,7,11,5,0,0,0,0,0,0,0,0,0
8023,exact,6,8,1,0,0,0,0,0,0,0,0,0
8024,near,6,7,6,0,0,0,0,0,0,0,0,0
8025,near,0,1,1,0,0,0,0,0,0,0,0,0
8026,near,9,37,13,1,1,1,1,1,0,1,2,1
8027,exact,3,4,4,0,0,0,0,0,0,0,0,0
8029,exact,9,27,11,0,0,0,0,0,0,0,0,0
8030,near,9,129,72,4,4,3,5,6,3,6,8,3
8031,exact,9,76,36,0,0,2,1,0,3,0,1,1
8032,near,6,7,2,0,0,0,0,0,0,0,0,0
8033,exact,8,17,9,0,0,0,0,0,0,0,0,0
8034,exact,8,17,8,0,0,0,0,0,0,0,0,0
8035,near,0,0,3,0,0,0,0,0,0,0,0,0
8036,near,5,5,1,0,0,0,0,0,0,0,0,0
8037,exact,2,3,1,0,0,0,0,0,0,0,0,0
8038,near,8,16,5,0,0,0,0,0,0,0,0,0
8039,exact,2,3,2,0,0,0,0,0,0,0,0,0
8040,exact,1,2,2,0,0,0,0,0,0,0,0,0
8041,exact,7,9,7,0,0,0,0,0,0,0,0,0
8042,exact,7,10,4,0,0,0,0,0,0,0,0,0
8043,exact,5,5,2,0,0,0,0,0,0,0,0,0
8044,exact,0,1,2,0,0,0,0,0,0,0,0,0
8045,exact,7,11,6,0,0,0,0,0,0,0,0,0
8046,near,1,2,2,0,0,0,0,0,0,0,0,0
8047,exact,7,12,2,0,0,0,0,0,0,0,0,0
8048,far,3,4,4,0,0,0,0,0,0,0,0,0
8049,exact,3,4,3,0,0,0,0,0,0,0,0,0
8050,exact,2,3,3,0,0,0,0,0,0,0,0,0
8051,near,5,6,4,0,0,0,0,0,0,0,0,0
8052,near,5,5,1,0,0,0,0,0,0,0,0,0
8053,exact,9,29,8,0,1,0,0,1,0,0,0,0
8054,exact,7,9,2,0,0,0,0,0,0,0,0,0
8055,near,1,2,4,0,0,0,0,0,0,0,0,0
8056,far,5,6,5,0,0,0,0,0,0,0,0,0
8057,exact,6,8,5,0,0,0,0,0,0,0,0,0
8058,exact,8,18,6,0,0,0,0,0,0,0,0,0
8059,near,7,11,1,0,0,0,0,0,0,0,0,0
8060,exact,9,24,8,0,0,0,0,0,0,0,0,0
8061,near,7,9,7,0,0,0,0,0,0,0,0,0
8062,exact,3,4,3,0,0,0,0,0,0,0,0,0
8063,exact,7,10,3,0,0,0,0,0,0,0,0,0
8065,exact,9,23,16,2,4,2,2,2,2,2,2,2
8066,exact,1,2,1,0,0,0,0,0,0,0,0,0
8067,exact,5,6,5,0,0,1,1,0,1,0,1,1
8068,exact,1,2,3,0,0,0,0,0,0,0,0,0
8069,exact,1,2,2,0,0,0,0,0,0,0,0,0
8070,exact,1,2,1,0,0,0,0,0,0,0,0,0
8071,exact,3,4,2,0,0,0,0,1,0,0,0,0
8072,near,7,11,3,0,0,0,0,0,0,0,0,0
8073,near,7,11,2,0,0,0,0,0,0,0,0,0
8074,exact,8,13,1,0,0,0,0,0,0,0,0,0
8075,near,2,3,1,0,0,0,0,0,0,0,0,0
8076,near,7,11,3,0,0,0,0,0,0,0,0,0
8077,near,3,4,2,0,0,0,0,0,0,0,0,0
8078,exact,3,4,1,0,0,0,0,0,0,0,0,0
8080,exact,6,7,4,0,0,0,0,0,0,0,0,0
8081,exact,2,3,2,0,0,0,0,0,0,0,0,0
8083,near,7,11,3,0,0,0,0,0,0,0,0,0
8084,near,3,4,1,0,0,0,0,0,0,0,0,0
8085,far,7,12,1,0,0,0,0,0,0,0,0,0
8086,far,7,10,3,0,0,0,0,0,0,0,0,0
8087,exact,6,8,2,0,0,0,0,0,0,0,0,0
8089,near,3,4,5,0,0,0,0,0,0,0,0,0
8090,exact,0,1,2,0,0,0,0,0,0,0,0,0
8091,near,9,64,18,3,1,1,2,0,0,0,2,0
8092,near,9,22,7,0,0,0,0,0,0,0,0,0
8093,exact,3,4,2,0,0,0,0,0,0,0,0,0
8094,near,8,14,5,0,0,0,0,0,0,0,0,0
8095,exact,7,12,5,0,0,0,0,0,0,0,0,0
8096,exact,6,8,5,0,0,0,0,0,0,0,0,0
8097,near,9,22,7,0,0,0,0,0,0,0,0,0
8098,near,8,15,12,0,0,0,0,0,0,0,0,0
8099,near,7,10,6,0,0,0,0,0,0,0,0,0
8100,near,9,30,8,0,0,0,0,0,0,0,0,0
8101,near,9,23,9,0,0,0,0,0,0,0,0,0
8104,exact,3,4,2,0,0,0,0,0,0,0,0,0
8105,exact,7,11,4,0,0,0,0,0,0,0,0,0
8106,exact,5,5,1,0,0,0,0,0,0,0,0,0
8107,exact,1,2,1,0,0,0,0,0,0,0,0,0
8108,near,9,42,10,0,1,0,1,0,0,0,0,0
8109,near,7,9,3,0,1,1,0,1,1,0,0,1
8110,exact,7,10,3,0,0,0,0,0,0,0,0,0
8111,exact,8,15,4,0,0,0,0,0,0,0,0,0
8112,far,6,7,3,0,0,0,0,0,0,0,0,0
8113,exact,1,2,1,0,0,0,0,0,0,0,0,0
8114,exact,5,5,3,0,0,0,0,0,0,0,0,0
8115,near,0,1,3,0,0,0,0,0,0,0,0,0
8117,exact,2,3,1,0,0,0,0,0,0,0,0,0
8118,exact,3,4,2,0,0,0,0,0,0,0,0,0
8120,near,6,7,1,0,0,0,0,0,0,0,0,0
8121,near,2,3,2,0,0,0,0,0,0,0,0,0
8122,near,7,11,6,0,0,0,0,0,0,0,0,0
8123,exact,1,2,1,0,0,0,0,0,0,0,0,0
8124,exact,7,10,3,1,1,0,1,1,1,1,1,1
8125,exact,3,4,3,0,0,0,0,0,0,0,0,0
8126,exact,9,34,9,0,0,0,0,0,2,0,0,0
8127,near,7,9,7,0,0,0,0,0,0,0,0,0
8128,exact,5,5,3,0,0,0,0,0,0,0,0,0
8129,exact,6,8,2,0,0,0,0,0,0,0,0,0
8130,far,9,43,23,0,0,1,0,0,0,0,0,0
8131,near,7,11,6,0,0,0,0,0,0,0,0,0
8132,exact,7,12,5,2,2,2,2,2,2,1,1,2
8136,exact,1,2,3,0,0,0,0,0,0,0,0,0
8137,exact,1,2,1,0,0,0,0,0,0,0,0,0
8139,exact,0,0,2,0,0,0,0,0,0,0,0,0
8140,exact,5,5,2,0,0,0,0,0,0,0,0,0
8141,near,2,3,1,0,0,0,0,0,0,0,0,0
8142,far,8,14,2,0,0,0,0,0,0,0,0,0
8143,exact,6,8,4,0,0,0,0,0,0,0,0,0
8145,near,5,5,3,0,0,0,0,0,0,0,0,0
8146,near,1,2,2,0,0,0,0,0,0,0,0,0
8147,near,5,6,2,0,0,0,0,0,0,0,0,0
8148,exact,3,4,2,0,0,0,0,0,0,0,0,0
8149,exact,3,4,1,0,0,0,0,0,0,0,0,0
8150,far,2,3,2,0,0,0,0,0,0,0,0,0
8153,near,7,10,2,0,0,0,0,0,0,0,0,0
8154,far,6,8,2,0,0,0,0,0,0,0,0,0
8155,exact,5,6,2,0,0,0,0,0,0,0,0,0
8156,near,5,5,2,0,0,0,0,0,0,0,0,0
8158,exact,8,18,1,0,0,0,0,0,0,0,0,0
8159,exact,8,14,3,0,0,0,0,0,0,0,0,0
8160,exact,3,4,1,0,0,0,0,0,0,0,0,0
8161,far,1,2,2,0,0,0,0,0,0,0,0,0
8162,exact,8,16,5,0,0,0,0,0,0,0,0,0
8163,exact,6,7,2,0,0,0,0,0,0,0,0,0
8164,exact,9,25,9,0,0,0,1,0,0,0,0,0
8165,exact,2,3,4,0,0,0,0,0,0,0,0,0
8166,exact,2,3,2,0,0,0,0,0,0,0,0,0
8167,exact,6,8,2,0,0,0,0,0,0,0,0,0
8168,exact,0,1,4,0,0,0,0,0,0,0,0,0
8169,exact,0,1,4,0,0,0,0,0,0,0,0,0
8170,exact,2,3,1,0,1,0,0,1,1,0,1,0
8171,exact,2,3,2,0,0,0,0,0,0,0,0,0
8172,near,6,7,1,0,0,0,0,0,0,0,0,0
8173,far,3,4,8,0,0,0,0,0,0,0,0,0
8174,exact,9,52,21,0,1,0,0,1,0,0,1,0
8175,near,5,6,1,0,1,0,0,1,0,0,1,0
8176,near,9,60,17,2,0,0,0,0,0,3,0,1
8178,exact,2,3,2,0,0,0,0,0,0,0,0,0
8179,near,8,17,10,0,0,0,1,0,0,0,0,0
8180,near,2,3,2,0,0,0,0,0,0,0,0,0
8181,exact,5,6,2,0,0,0,0,0,0,0,0,0
8182,near,7,12,10,3,3,3,3,3,3,3,3,3
8183,exact,3,4,2,0,0,0,0,0,0,0,0,0
8184,exact,7,12,6,0,0,0,0,0,0,0,0,0
8185,exact,5,5,1,0,0,0,0,0,0,0,0,0
8186,exact,5,6,1,0,0,0,0,0,0,0,0,0
8187,exact,9,46,16,1,0,0,0,0,0,0,0,0
8188,near,9,51,18,0,0,0,0,0,0,0,0,0
8189,near,1,2,3,0,0,0,0,0,0,0,0,0
8191,exact,5,5,4,0,0,0,0,0,0,0,0,0
8192,near,2,3,3,0,0,0,0,0,0,0,0,0
8193,near,2,3,1,0,0,0,0,0,0,0,0,0
8194,near,1,2,1,0,0,0,0,0,0,0,0,0
8195,exact,8,19,7,0,0,0,0,0,0,0,0,0
8196,exact,2,3,1,0,0,0,0,0,0,0,0,0
8197,exact,1,2,2,0,0,0,0,0,0,0,0,0
8198,near,7,9,1,0,0,0,0,0,0,0,0,0
8199,far,7,9,4,0,0,0,0,0,0,0,0,0
8200,exact,8,14,4,0,0,0,0,0,0,0,0,0
8201,exact,2,3,1,0,0,0,0,0,0,0,0,0
8202,near,7,10,5,0,0,0,0,0,0,0,0,0
8203,near,2,3,1,0,0,0,0,0,0,0,0,0
8204,exact,3,4,1,0,0,0,0,0,0,0,0,0
8205,near,7,9,1,0,0,0,0,0,0,0,0,0
8206,exact,9,32,13,1,1,1,1,1,1,1,1,1
8207,exact,5,5,4,0,0,0,0,0,0,0,0,0
8208,exact,2,3,2,0,0,0,0,0,0,0,0,0
8209,near,3,4,1,0,0,0,0,0,0,0,0,0
8210,near,8,18,2,0,0,0,0,0,0,0,0,0
8211,exact,5,5,3,0,0,0,0,0,0,0,0,0
8212,near,7,12,2,0,0,0,0,0,0,0,0,0
8213,exact,8,17,6,0,0,0,0,0,0,0,0,0
8214,exact,7,12,6,0,0,0,0,0,0,1,0,0
8215,exact,7,12,2,0,0,0,0,0,0,0,0,0
8216,near,1,2,2,0,0,0,0,0,0,0,0,0
8218,near,3,4,2,0,0,0,0,0,0,0,0,0
8220,near,2,3,2,0,0,0,0,0,0,0,0,0
8221,exact,6,7,4,0,0,0,0,0,0,0,0,0
8222,far,3,4,4,0,0,0,0,0,0,0,0,0
8223,exact,5,5,3,0,0,0,0,0,0,0,0,0
8224,near,1,2,2,0,0,0,0,0,0,0,0,0
8226,exact,5,5,1,0,0,0,0,0,0,0,0,0
8227,near,1,2,1,0,0,0,0,0,0,0,0,0
8228,near,8,20,7,1,1,1,1,1,1,1,1,1
8229,far,8,14,12,2,1,0,2,1,0,2,0,2
8230,far,3,4,2,0,0,0,0,0,0,0,0,0
8231,near,3,4,3,0,0,0,0,0,0,0,0,0
8232,exact,9,36,12,0,0,0,0,0,0,0,0,0
8233,near,0,1,2,0,0,0,0,0,0,0,0,0
8234,exact,5,6,10,0,0,0,0,0,0,0,0,0
8235,near,5,6,2,0,0,0,0,0,0,0,0,0
8236,near,8,21,11,0,0,0,0,0,0,0,0,0
8237,far,2,3,1,0,0,0,0,0,0,0,0,0
8238,exact,6,8,4,0,0,0,0,0,0,0,0,0
8239,near,7,9,4,0,0,0,0,0,0,0,0,0
8240,exact,2,3,1,0,0,0,0,0,0,0,0,0
8241,near,1,2,2,0,0,0,0,0,0,0,0,0
8242,near,3,4,5,0,0,0,0,0,0,0,0,0
8243,near,9,26,5,0,0,0,0,0,0,0,0,0
8244,exact,6,7,3,1,0,1,1,1,1,1,1,1
8245,exact,5,6,1,0,0,0,0,0,0,0,0,0
8246,exact,6,8,1,0,0,0,0,0,0,0,0,0
8248,near,8,20,6,0,2,1,1,1,0,1,2,1
8249,near,6,8,3,0,0,0,0,0,0,0,0,0
8250,far,8,14,6,0,0,0,0,1,0,0,1,0
8252,near,9,26,7,1,1,1,1,1,2,1,0,1
8253,exact,7,10,1,0,0,0,0,0,0,0,0,0
8255,exact,7,11,2,0,0,0,0,0,0,0,0,0
8257,far,7,10,5,0,0,0,0,0,0,0,0,0
8258,near,7,10,1,0,0,0,0,0,0,0,0,0
8259,exact,2,3,1,0,0,0,0,0,0,0,0,0
8261,near,9,38,9,0,0,0,0,0,0,0,0,0
8262,exact,7,10,2,0,0,0,0,0,0,0,0,0
8263,exact,6,7,2,0,0,0,0,0,0,0,0,0
8264,exact,2,3,2,0,0,0,0,0,0,0,0,0
8265,exact,9,47,27,1,1,2,2,1,2,1,0,2
8266,exact,8,21,1,0,0,0,0,0,0,0,0,0
8267,exact,5,5,3,0,0,0,0,0,0,0,0,0
8268,near,3,4,1,0,0,0,0,0,0,0,0,0
8269,near,5,6,4,0,0,0,0,0,0,0,0,0
8270,far,0,1,1,0,0,0,0,0,0,0,0,0
8271,exact,3,4,3,0,0,0,0,0,0,0,0,0
8273,near,2,3,1,1,0,0,1,0,0,0,0,0
8274,exact,9,65,49,1,0,0,2,0,0,0,0,0
8275,exact,3,4,3,0,0,0,0,0,0,0,0,0
8276,exact,9,31,15,0,0,1,0,1,1,0,0,1
8277,far,1,2,4,0,0,0,0,0,0,0,0,0
8278,near,5,6,3,0,0,0,0,0,0,0,0,0
8279,exact,9,29,6,0,0,0,0,0,0,0,0,0
8280,near,5,5,2,0,0,0,0,0,0,0,0,0
8281,near,6,8,2,0,0,0,0,0,0,0,0,0
8282,near,8,19,4,0,0,0,0,0,0,0,0,0
8283,exact,2,3,2,0,0,0,0,0,0,0,0,0
8284,near,5,5,2,0,0,0,0,0,0,0,0,0
8285,near,3,4,1,0,0,0,0,0,0,0,0,0
8286,exact,5,5,3,0,0,0,0,0,0,0,0,0
8287,exact,5,5,2,0,0,0,0,0,0,0,0,0
8290,far,6,7,2,0,0,0,0,0,0,0,0,0
8291,near,0,0,2,0,0,0,0,0,0,0,0,0
8292,exact,3,4,4,0,0,0,0,0,0,0,0,0
8293,near,5,5,4,0,0,0,0,0,0,0,0,0
8294,exact,9,29,12,1,0,0,1,0,0,0,0,0
8295,near,1,2,3,0,0,0,0,0,0,0,0,0
8296,exact,9,23,8,0,0,0,0,0,0,0,0,0
8297,exact,2,3,2,0,0,0,0,0,0,0,0,0
8298,exact,0,1,3,0,0,0,0,0,0,0,0,0
8299,exact,3,4,2,0,0,0,1,0,0,0,0,0
8301,far,2,3,1,0,0,0,0,0,0,0,0,0
8303,exact,3,4,3,0,0,0,0,0,0,0,0,0
8304,exact,7,9,3,0,0,0,0,0,0,0,0,0
8305,near,1,2,3,0,0,0,0,0,0,0,0,0
8307,exact,7,9,4,0,0,0,0,0,0,0,0,0
8310,exact,5,6,8,0,0,0,0,0,0,0,0,0
8311,exact,1,2,4,0,0,0,0,0,0,0,0,0
8312,exact,7,11,2,0,0,0,0,0,0,0,0,0
8313,exact,1,2,4,0,0,0,0,0,0,0,0,0
8314,near,2,3,1,0,0,0,0,0,0,0,0,0
8315,exact,8,21,16,0,0,0,0,0,0,0,0,0
8316,exact,1,2,3,0,0,0,0,0,0,0,0,0
8317,exact,3,4,2,0,0,0,0,0,0,0,0,0
8318,near,3,4,2,0,0,0,0,0,0,0,0,0
8319,near,1,2,3,0,0,0,0,0,0,0,0,0
8320,exact,3,4,2,0,0,0,0,0,0,0,0,0
8321,far,2,3,1,0,0,0,0,0,0,0,0,0
8322,near,2,3,2,0,0,0,0,0,0,0,0,0
8323,near,0,1,2,0,0,0,0,0,0,0,0,0
8324,exact,6,7,3,0,0,0,0,0,0,0,0,0
8325,near,3,4,1,0,0,0,0,0,0,0,0,0
8326,near,5,6,5,0,0,0,0,0,0,0,0,0
8327,near,8,13,6,0,0,0,0,0,0,0,0,0
8328,near,9,29,10,0,0,0,0,0,0,0,0,0
8329,near,7,10,1,0,0,0,0,0,0,0,0,0
8330,far,7,10,5,0,0,0,0,0,0,0,0,0
8332,near,5,6,2,0,0,0,0,0,0,0,0,0
8333,exact,9,31,12,2,2,1,2,1,1,2,2,1
8334,far,6,8,1,0,0,0,0,0,0,0,0,0
8335,far,8,20,4,0,0,0,0,0,0,0,0,0
8336,near,7,11,1,0,0,0,0,0,0,0,0,0
8337,far,5,5,3,0,0,0,0,0,0,0,0,0
8338,near,9,24,4,0,0,0,0,0,0,0,0,0
8339,near,7,9,4,0,0,0,0,0,0,0,0,0
8340,near,6,8,4,0,0,0,0,0,0,0,0,0
8341,near,5,5,2,0,0,0,0,0,0,0,0,0
8342,exact,3,4,1,0,0,0,0,0,0,0,0,0
8343,exact,3,4,2,0,0,0,0,0,0,0,0,0
8344,exact,9,56,18,0,0,0,0,0,0,0,0,0
8345,near,2,3,2,0,0,0,0,0,0,0,0,0
8347,exact,2,3,2,0,0,0,0,0,0,0,0,0
8349,near,5,6,1,0,0,0,0,0,0,0,0,0
8350,exact,7,9,1,0,0,0,0,0,0,0,0,0
8351,near,7,11,4,0,0,0,0,0,0,0,0,0
8352,far,8,13,4,0,0,0,0,0,0,0,0,0
8353,exact,7,11,1,0,0,0,0,0,0,0,0,0
8354,near,8,17,1,0,0,0,0,0,0,0,0,0
8355,exact,3,4,1,0,0,0,0,0,0,0,0,0
8356,near,0,0,1,0,0,0,0,0,0,0,0,0
8357,near,5,5,1,0,0,0,0,0,0,0,0,0
8358,far,5,5,1,0,0,0,0,0,0,0,0,0
8359,near,8,15,5,0,0,0,0,0,0,0,0,0
8360,near,3,4,2,0,0,0,0,0,0,0,0,0
8361,near,9,25,7,0,0,0,0,0,0,0,0,0
8362,near,9,144,77,4,4,4,6,6,5,7,4,4
8363,exact,7,9,1,0,0,0,0,0,0,0,0,0
8364,near,6,8,2,0,0,0,0,0,0,0,0,0
8365,exact,5,6,1,0,0,0,0,0,0,0,0,0
8366,near,8,16,3,0,0,0,0,0,0,0,0,0
8367,near,5,5,1,0,0,0,0,0,0,0,0,0
8368,exact,1,2,3,0,0,0,0,0,0,0,0,0
8369,far,5,6,5,0,0,0,0,0,0,0,0,0
8371,exact,5,5,2,0,0,0,0,0,0,0,0,0
8372,near,5,6,3,0,0,0,0,0,0,0,0,0
8373,exact,9,31,19,0,0,0,0,0,0,0,0,0
8374,exact,0,1,3,0,0,0,0,0,0,0,0,0
8375,exact,7,11,5,0,0,0,0,0,0,0,0,0
8376,exact,2,3,1,0,0,0,0,0,0,0,0,0
8377,exact,1,2,2,0,0,0,0,0,0,0,0,0
8378,exact,6,8,3,0,0,0,0,0,0,0,0,0
8379,near,3,4,2,0,0,0,0,0,0,0,0,0
8381,near,5,5,1,1,1,1,1,1,1,1,1,1
8382,near,6,8,1,0,0,0,0,0,0,0,0,0
8383,exact,5,5,2,0,0,0,0,0,0,0,0,0
8384,near,8,21,7,0,0,0,0,0,0,0,0,0
8385,near,0,1,1,0,0,0,0,0,0,0,0,0
8386,exact,5,5,1,0,0,0,0,0,0,0,0,0
8387,exact,8,17,3,0,0,0,0,0,0,0,0,0
8388,near,3,4,6,0,0,0,0,0,0,0,0,0
8389,exact,7,12,3,0,0,0,0,0,0,0,0,0
8392,exact,8,19,5,0,0,0,0,0,0,0,0,0
8393,exact,5,5,2,0,0,0,0,0,0,0,0,0
8394,exact,8,15,8,3,1,1,3,1,1,1,0,2
8395,near,5,6,1,0,0,0,0,0,0,0,0,0
8396,near,8,17,1,0,0,0,0,0,0,0,0,0
8397,near,5,5,3,0,0,0,0,0,0,0,0,0
8399,near,9,22,4,0,0,0,0,0,0,0,0,0
8400,exact,6,8,3,0,0,0,0,0,0,0,0,0
8401,near,7,9,3,0,0,0,0,0,0,0,0,0
8402,exact,7,11,4,0,0,0,0,0,0,0,0,0
8403,far,7,12,7,0,0,0,0,0,0,0,0,0
8404,exact,5,6,1,0,0,0,0,0,0,0,0,0
8405,exact,9,64,28,0,1,1,1,0,0,1,1,1
8406,exact,6,8,4,0,0,0,0,0,0,0,0,0
8408,near,5,5,4,0,0,0,0,1,0,0,1,0
8409,near,6,8,2,0,0,0,0,0,0,0,0,0
8410,far,3,4,3,0,0,0,0,0,0,0,0,0
8411,exact,2,3,1,0,0,0,0,0,0,0,0,0
8412,exact,5,5,1,0,0,0,0,0,0,0,0,0
8413,near,0,0,4,0,0,0,0,0,0,0,0,0
8414,far,5,5,4,0,0,0,0,0,0,0,0,0
8415,exact,8,14,5,1,0,0,2,0,0,1,0,0
8416,near,6,7,2,0,0,0,0,0,0,0,0,0
8417,near,3,4,1,0,0,0,0,0,0,0,0,0
8419,near,1,2,1,0,0,0,0,0,0,0,0,0
8420,exact,5,6,2,0,0,0,0,0,0,0,0,0
8421,near,8,14,7,0,0,0,0,0,0,0,0,0
8422,exact,2,3,1,0,0,0,0,0,0,0,0,0
8423,far,2,3,1,0,0,0,0,0,0,0,0,0
8424,exact,7,10,1,0,0,0,0,0,0,0,0,0
8426,near,8,15,4,3,3,3,3,1,3,3,3,3
8427,near,8,17,1,0,0,0,0,0,0,0,0,0
8428,near,5,5,2,0,0,0,0,0,0,0,0,0
8429,far,2,3,1,0,0,0,0,0,0,0,0,0
8430,near,1,2,1,0,0,0,0,0,0,0,0,0
8431,exact,3,4,2,0,0,0,0,0,0,0,0,0
8432,far,5,5,2,0,0,0,0,0,0,0,0,0
8433,exact,6,8,3,1,1,0,0,0,0,0,1,0
8435,near,6,7,2,0,0,0,0,0,0,0,0,0
8437,exact,3,4,2,0,0,0,0,0,0,0,0,0
8438,exact,5,6,2,0,0,0,0,0,0,0,0,0
8439,exact,1,2,1,0,0,0,0,0,0,0,0,0
8441,near,3,4,1,0,0,0,0,0,0,0,0,0
8442,near,5,6,4,1,0,0,0,0,0,0,0,0
8443,far,1,2,2,0,0,0,0,0,0,0,0,0
8446,exact,5,5,2,0,0,0,0,0,0,0,0,0
8447,near,8,13,6,0,0,0,0,0,0,0,0,0
8448,far,6,8,4,0,0,0,0,0,0,0,0,0
8449,far,9,43,16,0,0,0,0,0,0,0,0,1
8450,near,9,41,19,1,3,2,1,2,2,1,2,2
8451,near,9,44,15,0,0,0,0,0,0,0,0,0
8452,near,3,4,2,0,0,0,0,0,0,0,0,0
8453,near,6,8,6,0,0,0,0,0,0,0,0,0
8454,exact,5,5,3,1,1,1,1,1,1,1,1,1
8455,far,9,78,34,1,1,2,3,1,2,1,2,1
8456,exact,8,14,6,0,0,0,0,0,0,0,0,0
8457,near,9,44,15,3,4,4,3,4,4,4,4,5
8459,near,8,19,3,0,0,0,0,0,0,0,0,0
8460,exact,7,11,5,0,0,0,0,0,0,0,0,0
8461,exact,5,5,2,0,0,0,0,0,0,0,0,0
8462,near,3,4,1,0,0,0,0,0,0,0,0,0
8463,near,2,3,1,0,0,0,0,0,0,0,0,0
8464,near,0,1,3,0,0,0,0,0,0,0,0,0
8467,exact,1,2,1,0,0,0,0,0,0,0,0,0
8468,far,6,7,3,0,0,0,0,0,0,0,0,0
8469,far,2,3,1,0,0,0,0,0,0,0,0,0
8470,exact,3,4,3,0,0,0,0,0,0,0,0,0
8472,near,8,13,3,0,0,0,0,0,0,0,0,0
8473,exact,5,6,1,0,0,0,0,0,0,0,0,0
8474,far,5,5,4,0,0,0,0,0,0,0,0,0
8477,near,2,3,1,0,0,0,0,0,0,0,0,0
8478,far,3,4,2,0,0,0,0,0,0,0,0,0
8480,exact,8,16,7,0,0,0,0,0,0,0,0,0
8481,near,1,2,2,0,0,0,0,0,0,0,0,0
8482,exact,7,10,2,0,0,0,0,0,0,0,0,0
8483,near,3,4,1,0,0,0,0,0,0,0,0,0
8484,near,2,3,1,0,0,0,0,0,0,0,0,0
8485,exact,8,15,6,1,0,0,1,0,0,0,0,0
8486,near,6,8,4,0,0,0,0,0,0,0,0,0
8487,near,1,2,2,0,0,0,0,0,0,0,0,0
8488,near,9,28,17,0,0,0,0,0,1,0,0,0
8489,exact,5,5,1,0,0,0,0,0,0,0,0,0
8490,exact,2,3,1,0,0,0,0,0,0,0,0,0
8491,exact,6,8,9,0,0,0,0,0,0,0,0,0
8492,far,9,37,16,1,1,0,0,2,0,1,1,0
8493,far,9,35,7,6,7,7,7,7,7,7,7,7
8494,exact,5,5,3,0,0,0,0,0,0,0,0,0
8495,far,1,2,1,0,0,0,0,0,0,0,0,0
8496,exact,9,35,26,2,0,0,0,0,0,0,0,0
8497,exact,0,0,1,0,0,0,0,0,0,0,0,0
8498,near,6,7,2,0,0,0,0,0,0,0,0,0
8499,far,3,4,1,0,0,0,0,0,0,0,0,0
8500,exact,3,4,2,0,0,0,0,0,0,0,0,0
8501,exact,8,19,5,0,0,0,0,0,0,0,0,0
8502,far,1,2,3,0,0,0,0,0,0,0,0,0
8503,exact,9,50,8,0,0,0,0,1,0,0,0,0
8504,exact,7,11,3,0,0,0,0,0,0,0,0,0
8505,exact,3,4,5,0,0,0,0,0,0,0,0,0
8506,near,5,5,1,0,0,0,0,0,0,0,0,0
8507,near,3,4,2,0,0,0,0,0,0,0,0,0
8508,far,2,3,2,0,0,0,0,0,0,0,0,0
8509,near,8,20,6,0,0,0,0,0,0,0,0,0
8510,near,9,37,18,1,1,1,2,1,1,2,0,0
8511,exact,1,2,5,0,0,0,0,0,0,0,0,0
8512,exact,1,2,2,0,0,0,0,0,0,0,0,0
8513,exact,8,18,1,0,0,0,0,0,0,0,0,0
8514,far,9,30,17,3,4,4,5,4,6,3,1,4
8515,exact,1,2,3,0,0,0,0,0,0,0,0,0
8516,exact,9,28,8,2,4,3,1,4,3,1,3,3
8517,near,5,6,4,0,0,0,0,0,0,0,0,0
8518,exact,6,8,4,0,0,0,0,0,0,0,0,0
8521,exact,3,4,1,0,0,0,0,0,0,0,0,0
8522,exact,0,1,3,0,0,0,0,0,0,0,0,0
8524,exact,9,34,19,0,0,0,0,1,0,0,0,0
8525,near,9,38,2,0,0,0,0,0,0,0,0,0
8526,exact,7,9,1,0,0,0,0,0,0,0,0,0
8527,near,5,5,1,0,0,0,0,0,0,0,0,0
8528,exact,8,14,3,0,0,0,0,1,0,0,1,1
8529,exact,8,19,14,0,0,0,0,0,0,0,0,0
8530,exact,7,12,3,0,0,0,0,0,0,0,0,0
8531,exact,6,8,4,0,0,0,0,0,0,0,0,0
8532,exact,3,4,2,0,0,0,0,0,0,0,0,0
8533,exact,7,10,3,0,0,0,0,0,0,0,0,0
8535,near,2,3,1,0,0,0,0,0,0,0,0,0
8536,near,8,21,11,5,3,5,5,5,5,5,3,4
8538,exact,7,11,5,0,0,0,0,0,0,0,0,0
8539,exact,3,4,1,0,0,0,0,0,0,0,0,0
8541,exact,3,4,1,0,0,0,0,0,0,0,0,0
8542,exact,8,15,2,0,0,0,0,0,0,0,0,0
8543,near,3,4,7,0,0,0,0,0,0,0,0,0
8544,exact,3,4,1,0,0,0,0,0,0,0,0,0
8545,near,1,2,1,0,0,0,0,0,0,0,0,0
8546,near,2,3,3,0,0,0,0,0,0,0,0,0
8547,far,8,20,8,0,0,0,0,0,0,0,0,0
8548,exact,3,4,2,0,0,0,0,0,0,0,0,0
8549,near,8,19,4,0,0,0,0,0,0,0,0,0
8552,exact,6,8,3,0,0,0,0,0,0,0,0,0
8553,far,8,16,3,0,0,0,0,1,0,0,0,0
8554,near,6,7,3,0,0,0,0,0,0,0,0,0
8555,near,1,2,2,0,0,0,0,0,0,0,0,0
8556,near,6,7,3,0,1,0,0,1,0,0,1,0
8557,near,8,16,7,0,0,0,0,0,0,0,0,0
8559,exact,8,15,10,0,0,0,0,0,0,0,0,0
8561,exact,5,5,1,0,0,0,0,0,0,0,0,0
8562,near,8,13,1,0,0,0,0,0,0,0,0,0
8563,far,9,38,16,0,0,1,0,0,0,0,0,0
8564,near,6,7,2,0,0,0,0,0,0,0,0,0
8565,near,3,4,1,0,0,0,0,0,0,0,0,0
8566,exact,1,2,3,0,0,0,0,0,0,0,0,0
8567,exact,1,2,1,0,0,0,0,0,0,0,0,0
8568,exact,8,15,10,0,0,0,0,0,0,0,0,0
8569,far,5,5,1,0,0,0,0,0,0,0,0,0
8570,near,6,7,1,0,0,0,0,0,0,0,0,0
8571,exact,3,4,1,0,0,0,0,0,0,0,0,0
8572,near,8,17,5,0,0,0,0,0,1,0,0,0
8573,far,3,4,2,0,0,0,0,0,0,0,0,0
8574,near,6,8,3,0,0,0,0,0,0,0,0,0
8576,exact,8,17,10,0,0,0,0,0,0,0,0,0
8577,near,1,2,2,0,0,0,0,0,0,0,0,0
8578,far,9,26,18,0,0,0,1,0,0,0,0,0
8579,exact,3,4,2,0,0,0,0,0,0,0,0,0
8581,exact,3,4,3,0,0,0,0,0,0,0,0,0
8582,exact,2,3,2,0,0,0,0,0,0,0,0,0
8583,near,7,11,5,0,0,0,0,0,0,0,0,0
8584,exact,0,1,1,0,0,0,0,0,0,0,0,0
8585,near,6,7,1,0,0,0,0,0,0,0,0,0
8586,far,5,5,2,0,0,0,0,0,0,0,0,0
8587,near,0,1,1,0,0,0,0,0,0,0,0,0
8588,far,5,6,1,0,0,0,0,0,0,0,0,0
8589,exact,2,3,3,0,0,0,0,0,0,0,0,0
8590,exact,7,9,3,0,0,0,0,0,0,0,0,0
8591,exact,7,11,8,0,0,0,0,0,0,0,0,0
8592,exact,1,2,2,0,0,0,0,0,0,0,0,0
8593,exact,7,9,3,1,1,1,1,1,1,1,1,1
8594,near,7,10,5,0,0,0,0,0,0,0,0,1
8595,far,8,13,5,0,0,0,0,0,0,0,0,0
8596,far,9,37,26,0,1,1,1,1,2,2,1,1
8598,exact,0,0,5,0,0,0,0,0,0,0,0,0
8599,near,5,6,1,0,0,0,0,0,0,0,0,0
8600,near,6,8,3,0,0,0,0,0,0,0,0,0
8601,exact,7,9,1,0,0,0,0,0,0,0,0,0
8602,near,9,53,16,0,0,0,0,0,0,0,0,0
8603,exact,2,3,1,0,0,0,0,0,0,0,0,0
8607,near,7,12,4,0,0,0,0,0,0,0,0,0
8608,near,0,1,2,0,0,0,0,0,0,0,0,0
8609,exact,9,48,25,1,3,3,1,2,2,1,2,1
8610,exact,5,5,3,1,0,0,0,0,0,0,0,0
8611,exact,1,2,2,0,0,0,0,0,0,0,0,0
8612,exact,8,19,7,0,0,0,0,0,0,0,0,0
8613,exact,5,5,1,0,0,0,0,0,0,0,0,0
8614,exact,7,10,2,0,0,0,0,0,0,0,0,0
8615,far,9,22,5,2,2,2,2,2,2,2,2,2
8616,exact,8,15,4,0,0,0,0,0,0,0,0,0
8617,exact,9,26,5,0,0,0,0,0,0,0,1,0
8618,exact,7,10,1,0,0,0,0,0,0,0,0,0
8620,near,2,3,1,0,0,0,0,0,0,0,0,0
8623,near,9,48,24,1,2,0,1,2,1,1,1,0
8624,near,3,4,1,0,0,0,0,0,0,0,0,0
8625,exact,7,9,4,0,0,0,0,0,0,0,0,0
8626,near,9,23,8,1,1,1,1,1,1,1,1,1
8627,exact,3,4,2,0,0,0,0,0,0,0,0,0
8628,exact,9,26,9,0,0,0,0,0,0,0,1,0
8629,near,6,8,1,0,0,0,0,0,0,0,0,0
8630,exact,1,2,2,0,0,0,0,0,0,0,0,0
8631,near,8,19,4,0,0,0,0,0,0,0,0,0
8632,near,5,5,2,0,0,0,0,0,0,0,0,0
8634,near,8,16,6,0,0,0,0,0,0,0,0,0
8635,far,2,3,1,0,0,0,0,0,0,0,0,0
8636,far,6,7,2,0,0,0,0,0,0,0,0,0
8637,near,9,35,11,2,1,2,1,1,2,2,1,1
8638,exact,3,4,1,0,0,0,0,0,0,0,0,0
8639,exact,0,1,1,0,0,0,0,0,0,0,0,0
8641,exact,2,3,1,0,0,0,0,0,0,0,0,0
8642,exact,5,6,1,0,0,0,0,0,0,0,0,0
8643,near,8,15,5,0,0,0,0,0,0,0,0,0
8644,far,5,6,6,0,0,0,0,0,0,0,0,0
8645,exact,6,7,4,0,0,0,0,0,0,0,0,0
8646,exact,1,2,2,0,0,0,0,0,0,0,0,0
8648,near,9,31,10,0,0,0,0,0,0,0,0,0
8649,exact,1,2,3,0,0,0,0,0,0,0,0,0
8650,near,6,7,3,0,0,0,0,0,0,0,0,0
8651,near,3,4,1,0,0,0,0,0,0,0,0,0
8652,near,1,2,2,0,0,0,0,0,0,0,0,0
8653,near,8,13,4,0,0,0,0,0,0,0,0,0
8654,near,5,5,1,0,0,0,0,0,0,0,0,0
8655,exact,8,17,10,0,0,0,0,0,0,0,0,0
8657,near,5,5,1,0,0,0,0,0,0,0,0,0
8658,exact,8,17,6,0,0,0,0,0,0,0,0,0
8659,near,6,7,3,0,0,0,0,0,0,0,0,0
8660,exact,2,3,1,0,0,0,0,0,0,0,0,0
8661,exact,9,23,8,0,0,0,0,0,0,0,0,0
8662,exact,5,5,1,0,0,0,0,0,0,0,0,0
8663,exact,0,1,1,0,0,0,0,0,0,0,0,0
8664,exact,8,18,4,0,0,0,0,0,0,0,0,0
8665,near,2,3,4,0,0,0,0,0,0,0,0,0
8666,near,2,3,1,0,0,0,0,0,0,0,0,0
8667,near,7,10,1,0,0,0,0,0,0,0,0,0
8668,exact,1,2,1,0,0,0,0,0,0,0,0,0
8670,near,5,6,1,0,0,0,0,0,0,0,0,0
8672,far,7,12,9,0,0,0,0,0,0,0,0,0
8673,exact,6,8,2,0,0,0,0,0,0,0,0,0
8674,exact,3,4,2,0,0,0,0,0,0,0,0,0
8675,exact,8,16,9,0,0,0,0,0,0,0,0,0
8676,near,3,4,4,0,0,0,0,0,0,0,0,0
8677,near,9,46,25,0,0,0,1,1,0,0,0,0
8679,exact,9,49,25,0,0,0,0,0,0,0,1,0
8681,exact,7,12,7,0,0,0,0,0,0,0,0,0
8682,near,6,8,3,0,0,0,0,0,0,0,0,0
8683,near,1,2,1,0,0,0,0,0,0,0,0,0
8684,exact,7,9,3,0,0,0,0,0,0,0,0,0
8685,exact,8,18,2,0,0,0,0,0,0,0,0,0
8687,near,3,4,1,0,0,0,0,0,0,0,0,0
8688,near,7,9,6,0,0,0,0,0,0,0,0,0
8689,exact,7,9,2,0,0,0,0,0,0,0,0,0
8690,near,7,11,4,0,0,0,0,0,0,0,0,0
8691,near,2,3,2,0,0,0,0,0,0,0,0,0
8692,exact,8,16,8,0,0,0,0,0,0,0,0,0
8693,exact,5,5,3,0,0,0,0,0,0,0,0,0
8694,near,5,5,2,0,0,0,0,0,0,0,0,0
8696,far,8,13,4,0,0,0,0,0,0,0,0,0
8698,far,6,8,3,0,0,0,0,0,0,0,0,0
8699,far,2,3,2,1,1,1,0,1,1,1,1,1
8700,far,5,6,3,0,0,0,0,0,0,0,0,0
8701,exact,2,3,4,0,0,0,0,0,0,0,0,0
8702,near,7,11,4,0,0,0,0,1,0,0,0,0
8703,near,3,4,1,0,0,0,0,0,0,0,0,0
8704,exact,5,5,1,0,0,0,0,0,0,0,0,0
8705,exact,2,3,3,0,0,0,0,0,0,0,0,0
8706,exact,7,9,4,0,0,0,0,0,0,0,0,0
8707,near,0,0,6,0,0,0,0,0,0,0,0,0
8709,far,7,11,8,0,0,0,0,0,0,0,0,0
8710,near,3,4,1,0,0,0,0,0,0,0,0,0
8711,exact,1,2,2,0,0,0,0,0,0,0,0,0
8712,near,1,2,3,0,0,0,0,0,0,0,0,0
8713,near,2,3,1,0,0,0,0,0,0,0,0,0
8714,near,7,10,2,0,0,0,0,0,0,0,0,0
8715,near,1,2,3,0,0,0,0,0,0,0,0,0
8716,near,5,6,2,0,0,0,0,0,0,0,0,0
8717,exact,7,12,1,0,0,0,0,0,0,0,0,0
8719,exact,1,2,4,0,0,0,0,0,0,0,0,0
8720,near,5,5,5,0,0,0,0,0,0,0,0,0
8721,near,9,39,13,2,0,0,0,1,0,0,1,0
8722,exact,8,15,3,0,0,0,0,0,0,0,0,0
8723,near,5,5,1,0,0,0,0,0,0,0,0,0
8724,far,5,6,2,0,0,0,0,0,0,0,0,0
8725,exact,5,5,1,0,0,0,0,0,0,0,0,0
8727,exact,8,14,7,0,0,0,0,0,0,0,0,0
8728,exact,6,8,1,0,0,0,0,0,0,0,0,0
8731,exact,2,3,2,0,0,0,0,0,0,0,0,0
8732,near,7,12,3,0,0,0,0,0,0,0,0,0
8733,near,9,22,6,0,0,0,0,0,0,0,0,0
8734,exact,5,5,3,0,0,0,0,0,0,0,0,0
8735,near,5,6,2,0,0,0,0,0,0,0,0,0
8736,exact,6,7,4,0,0,0,0,0,0,0,0,0
8737,far,9,86,37,0,4,3,1,2,2,1,1,2
8738,near,0,1,1,0,0,0,0,0,0,0,0,0
8739,near,3,4,1,0,0,0,0,0,0,0,0,0
8740,exact,5,5,1,0,0,0,0,0,0,0,0,0
8741,near,8,16,15,1,0,0,1,1,1,1,0,0
8742,exact,9,27,14,1,1,1,1,1,1,1,0,1
8743,near,8,15,6,0,0,0,0,0,0,0,0,0
8744,exact,7,9,3,0,0,0,0,0,0,0,0,0
8745,near,8,13,3,0,0,0,0,0,0,0,0,0
8746,exact,8,16,3,0,0,0,0,0,0,0,0,0
8747,exact,5,6,3,0,0,0,0,0,0,0,0,0
8748,exact,3,4,1,0,0,0,0,0,0,0,0,0
8749,exact,9,22,9,1,1,1,1,1,1,1,1,1
8750,exact,1,2,1,0,0,0,0,0,0,0,0,0
8751,far,8,18,4,0,0,0,0,0,0,0,0,0
8752,exact,2,3,2,0,0,0,0,0,0,0,0,0
8753,exact,6,7,2,0,0,0,0,0,0,0,0,0
8754,exact,9,34,5,2,2,2,2,2,2,2,2,2
8755,near,6,8,5,0,0,0,0,0,0,0,0,0
8756,near,7,9,2,0,0,0,0,0,0,0,0,0
8757,near,8,18,7,1,0,0,1,0,0,0,0,0
8758,near,7,11,1,0,0,0,0,0,0,0,0,0
8759,exact,0,1,2,0,0,0,0,0,0,0,0,0
8761,exact,7,10,1,0,0,0,0,0,0,0,0,0
8762,exact,6,7,8,1,1,1,1,0,1,0,1,1
8763,exact,7,10,1,0,0,0,0,0,0,0,0,0
8764,near,8,21,8,1,0,1,1,0,1,0,0,1
8765,exact,3,4,4,0,0,0,0,0,0,0,0,0
8766,exact,8,20,6,1,0,1,1,1,1,1,0,1
8767,exact,5,5,3,0,0,0,0,0,0,0,0,0
8768,near,7,12,1,0,0,0,0,0,0,0,0,0
8769,near,3,4,2,0,0,0,0,0,0,0,0,0
8771,near,5,6,2,0,0,0,0,0,0,0,0,0
8772,exact,2,3,1,0,0,0,0,0,0,0,0,0
8774,exact,2,3,1,0,0,0,0,0,0,0,0,0
8775,near,3,4,1,0,0,0,0,0,0,0,0,0
8776,exact,5,5,1,0,0,0,0,0,0,0,0,0
8777,exact,3,4,3,0,0,0,0,0,0,0,0,0
8778,near,6,8,3,0,0,0,0,0,0,0,0,0
8779,near,5,5,5,0,0,0,0,0,0,0,0,0
8780,exact,5,5,5,0,0,0,0,0,0,0,0,0
8781,exact,8,17,5,0,0,0,0,0,0,0,0,0
8782,exact,6,7,5,1,1,1,1,1,1,1,1,0
8783,near,5,6,2,0,0,0,0,0,0,0,0,0
8784,exact,2,3,2,0,0,0,0,0,0,0,0,0
8785,far,3,4,1,0,0,0,0,0,0,0,0,0
8786,near,5,6,8,0,0,0,0,0,0,0,0,0
8787,far,9,31,14,1,2,1,0,2,2,0,1,1
8788,exact,8,15,5,0,0,0,0,0,0,0,0,0
8789,exact,5,6,2,0,0,0,0,0,0,0,0,0
8790,near,9,26,10,0,0,0,0,0,0,0,0,0
8791,exact,3,4,3,1,1,1,1,1,1,1,1,0
8792,near,0,1,3,0,0,0,0,0,0,0,0,0
8794,exact,5,5,4,0,0,0,0,0,0,0,0,0
8795,far,9,24,3,3,3,3,3,3,3,2,3,3
8796,near,3,4,2,0,0,0,0,0,0,0,0,0
8798,near,6,8,3,0,0,0,0,0,0,0,0,0
8799,exact,9,25,26,1,0,0,0,0,0,1,0,0
8800,exact,5,6,1,0,0,0,0,0,0,0,0,0
8801,exact,2,3,2,0,0,0,0,0,0,0,0,0
8802,exact,5,5,1,0,0,0,0,0,0,0,0,0
8803,far,2,3,1,1,0,0,1,0,1,0,0,0
8804,exact,1,2,2,0,0,0,0,0,0,0,0,0
8805,exact,9,49,15,0,0,1,0,0,0,0,0,1
8806,exact,5,5,2,0,0,0,0,0,0,0,0,0
8807,near,7,11,7,0,0,0,0,0,0,0,1,0
8808,near,8,15,3,0,0,0,0,0,0,0,0,0
8810,exact,7,10,2,0,0,0,0,0,0,0,0,0
8811,exact,5,5,4,0,0,0,0,0,0,0,0,0
8812,exact,9,24,3,0,0,0,0,1,0,0,0,0
8813,exact,8,13,4,0,0,0,0,0,0,0,0,0
8814,far,1,2,3,0,0,0,0,0,0,0,0,0
8815,near,3,4,2,0,0,0,0,0,0,0,0,0
8816,exact,2,3,3,0,0,0,0,0,0,0,0,0
8817,exact,8,17,7,0,0,0,0,0,0,0,0,0
8818,exact,3,4,1,0,0,0,0,0,0,0,0,0
8819,near,0,1,2,0,0,0,0,0,0,0,0,0
8820,near,5,5,1,0,0,0,0,0,0,0,0,0
8821,far,0,1,3,0,0,0,0,0,0,0,0,0
8822,near,2,3,1,0,0,0,0,0,0,0,0,0
8823,exact,6,7,3,0,0,0,0,0,0,0,0,0
8824,near,7,9,2,0,0,0,0,0,0,0,0,0
8825,exact,8,14,5,0,0,0,0,0,0,0,0,0
8826,exact,6,7,10,0,0,0,0,0,0,0,0,0
8827,exact,8,16,4,0,0,0,0,0,0,0,0,0
8828,near,7,10,5,0,0,0,0,0,0,0,0,0
8829,exact,0,1,2,0,0,0,0,0,0,0,0,0
8831,near,6,7,1,0,0,0,0,0,0,0,0,0
8833,exact,8,14,6,0,0,0,0,0,0,0,0,0
8834,near,8,15,3,0,0,0,0,0,0,0,0,0
8835,exact,5,6,4,0,0,0,0,0,0,0,0,0
8836,near,3,4,1,0,0,0,0,0,0,0,0,0
8837,exact,7,11,5,0,0,0,0,0,0,0,0,0
8838,exact,1,2,3,0,0,0,0,0,0,0,0,0
8839,near,9,26,10,2,1,1,0,0,1,1,1,1
8840,exact,9,25,6,0,0,0,0,0,0,0,0,0
8842,near,5,6,2,0,0,0,0,0,0,0,0,0
8843,near,3,4,2,1,1,1,1,1,0,1,1,1
8844,near,1,2,3,0,0,0,0,0,0,0,0,0
8845,near,2,3,1,0,0,0,0,0,0,0,0,0
8846,exact,3,4,1,0,0,0,0,0,0,0,0,0
8847,far,6,7,2,0,0,0,0,0,0,0,0,0
8848,near,7,9,11,0,0,0,0,0,0,0,0,0
8849,exact,8,13,4,0,0,0,0,0,0,0,0,0
8850,near,9,63,18,1,2,0,1,2,1,1,2,0
8851,exact,5,6,1,0,0,0,0,0,0,0,0,0
8852,exact,1,2,2,0,0,0,0,0,0,0,0,0
8854,exact,8,20,7,0,0,0,0,0,1,0,0,0
8855,exact,5,5,5,0,0,0,0,0,0,0,0,0
8856,near,7,9,1,0,0,0,0,0,0,0,0,0
8857,near,6,7,2,0,0,0,0,0,0,0,0,0
8858,far,6,8,6,0,0,0,0,1,0,0,0,0
8859,exact,3,4,2,0,0,0,0,0,0,0,0,0
8860,exact,7,10,2,0,0,0,0,0,0,0,0,0
8861,exact,5,6,2,0,0,0,0,0,0,0,0,0
8862,far,1,2,5,0,0,0,0,0,0,0,0,0
8863,exact,3,4,2,0,0,0,0,0,0,0,0,0
8864,near,9,72,36,1,0,1,1,0,1,0,0,3
8865,near,5,5,3,0,0,0,0,0,0,0,0,0
8866,near,9,34,21,0,0,0,0,1,0,1,0,1
8868,near,7,9,4,0,0,0,0,0,0,0,0,0
8869,exact,9,23,10,0,0,0,0,0,0,0,0,0
8870,exact,3,4,1,0,0,0,0,0,0,0,0,0
8871,near,5,5,3,0,0,0,0,0,0,0,0,0
8872,exact,5,6,4,0,0,0,0,0,0,0,0,0
8873,far,6,7,2,0,0,0,0,0,0,0,0,0
8874,exact,8,14,6,0,0,0,0,0,0,0,0,0
8875,exact,3,4,1,0,0,0,0,0,0,0,0,0
8876,exact,3,4,1,0,0,0,0,0,0,0,0,0
8877,far,5,5,5,0,0,0,0,0,0,0,0,0
8879,exact,5,6,3,0,0,0,0,0,0,0,0,0
8880,near,5,6,1,0,0,0,0,0,0,0,0,0
8881,exact,3,4,4,0,0,0,0,0,0,0,0,0
8882,exact,1,2,5,0,0,0,0,0,0,0,0,0
8883,exact,9,31,11,0,0,0,0,0,0,0,0,0
8884,far,1,2,1,0,0,0,0,0,0,0,0,0
8885,exact,8,15,4,0,0,0,0,0,0,0,0,0
8886,near,7,11,1,0,0,0,0,0,0,0,0,0
8887,far,2,3,1,0,0,0,0,0,0,0,0,0
8888,exact,5,6,3,0,0,0,0,0,0,0,0,0
8889,exact,8,15,2,0,0,0,0,0,0,0,0,0
8890,near,6,7,3,0,0,0,0,0,0,0,0,0
8891,far,2,3,3,0,0,0,0,0,0,0,0,0
8893,near,9,22,7,0,0,0,0,0,0,0,0,0
8894,exact,9,31,11,0,0,1,2,0,1,0,0,0
8895,exact,2,3,2,0,0,0,0,0,0,0,0,0
8896,exact,2,3,2,0,0,0,0,0,0,0,0,0
8897,far,0,1,2,0,0,0,0,0,0,0,0,0
8898,exact,9,24,10,0,0,0,0,0,0,0,0,0
8899,exact,7,10,2,0,0,0,0,0,0,0,0,0
8900,exact,5,6,3,0,0,0,0,0,0,0,0,0
8901,exact,0,1,4,0,0,0,0,0,0,0,0,0
8902,exact,3,4,1,0,0,0,0,0,0,0,0,0
8903,exact,3,4,3,0,0,0,0,0,0,0,0,0
8905,exact,3,4,2,0,0,0,0,0,0,0,0,0
8906,near,2,3,2,0,0,0,0,0,0,0,0,0
8907,near,2,3,1,0,0,0,0,0,0,0,0,0
8908,exact,9,22,7,0,0,0,0,0,0,0,0,0
8909,exact,3,4,2,0,0,0,0,0,0,0,0,0
8910,exact,2,3,2,0,0,0,0,0,0,0,0,0
8911,near,9,54,12,5,1,3,5,2,3,2,1,3
8912,exact,6,7,2,0,0,0,0,0,0,0,0,0
8913,near,3,4,2,0,0,0,0,0,0,0,0,0
8914,exact,0,1,2,0,0,0,0,0,0,0,0,0
8915,near,3,4,1,0,0,0,0,0,0,0,0,0
8916,exact,3,4,2,0,0,0,0,0,0,0,0,0
8918,far,7,9,4,0,0,0,0,0,0,0,0,0
8919,exact,7,11,6,0,0,0,0,0,0,0,0,0
8920,far,9,36,7,0,0,0,0,0,0,0,0,0
8921,near,0,1,1,0,0,0,0,0,0,0,0,0
8922,exact,5,5,1,0,0,1,0,0,1,0,0,1
8923,exact,2,3,1,0,0,0,0,0,0,0,0,0
8924,near,2,3,1,0,0,0,0,0,0,0,0,0
8925,exact,3,4,1,0,0,0,0,0,0,0,0,0
8926,exact,3,4,2,0,0,0,0,0,0,0,0,0
8927,exact,6,7,1,0,0,0,0,0,0,0,0,0
8928,near,7,11,1,0,0,0,0,0,0,0,0,0
8929,exact,1,2,2,0,0,0,0,0,0,0,0,0
8930,near,5,5,1,0,0,0,0,0,0,0,0,0
8932,near,6,7,4,0,0,0,0,0,0,0,0,0
8933,near,9,41,19,1,1,1,1,1,1,1,1,1
8934,near,2,3,3,0,0,0,0,0,0,0,0,0
8935,exact,7,9,2,0,0,0,0,0,0,0,0,0
8936,near,7,9,2,0,0,0,0,0,0,0,0,0
8937,exact,7,10,4,0,0,0,0,0,0,0,0,0
8938,near,0,1,3,0,0,0,0,0,0,0,0,0
8939,near,8,19,4,0,0,0,0,0,0,0,0,0
8940,exact,9,33,4,0,0,0,0,0,0,0,0,0
8941,near,7,10,1,0,0,0,0,0,0,0,0,0
8942,near,5,5,1,0,0,0,0,0,0,0,0,0
8943,exact,8,15,3,0,0,0,0,0,0,0,0,0
8944,near,3,4,1,0,0,0,0,0,0,0,0,0
8945,near,7,12,9,1,1,0,1,1,0,1,1,1
8946,exact,1,2,5,0,0,0,0,0,0,0,0,0
8948,near,7,12,8,0,0,0,0,0,0,0,0,0
8950,exact,3,4,2,0,0,0,0,0,0,0,0,0
8951,near,5,5,2,0,0,0,0,0,0,0,0,0
8952,exact,8,20,5,0,0,0,0,0,0,0,0,0
8953,near,5,6,2,1,1,1,1,1,1,1,1,1
8954,far,9,27,8,0,0,0,0,0,0,0,0,0
8956,exact,3,4,2,0,0,0,0,0,0,0,0,0
8957,near,7,10,5,0,0,0,0,0,0,0,0,0
8958,exact,9,23,11,0,0,0,0,0,0,0,0,0
8959,exact,3,4,1,0,0,0,0,0,0,0,0,0
8960,far,7,12,2,1,1,1,1,1,1,1,1,1
8961,exact,6,8,6,0,0,0,0,0,0,0,0,0
8962,exact,8,14,7,0,0,0,0,0,0,0,0,0
8964,near,0,1,4,0,0,0,0,0,0,0,0,0
8965,exact,6,7,4,0,0,0,0,0,0,0,0,0
8968,exact,6,7,1,0,0,0,0,0,0,0,0,0
8969,exact,5,6,3,0,0,0,0,0,0,0,0,0
8970,exact,3,4,1,0,0,0,0,0,0,0,0,0
8971,exact,2,3,2,0,0,0,0,0,0,0,0,0
8972,exact,5,6,1,0,0,0,0,0,0,0,0,0
8973,near,9,40,28,0,0,1,0,0,1,0,2,0
8974,near,8,16,7,0,0,0,0,0,0,0,0,0
8975,far,6,7,2,1,1,1,1,1,1,1,1,1
8977,exact,7,11,4,0,0,0,0,0,0,0,0,0
8978,exact,2,3,1,0,0,0,0,0,0,0,0,0
8979,far,9,26,10,5,5,5,6,5,6,4,5,4
8980,exact,6,7,3,0,1,1,0,0,0,0,0,0
8981,exact,8,15,5,0,0,0,0,0,0,0,0,0
8982,exact,1,2,3,0,0,0,0,0,0,0,0,0
8983,exact,5,6,2,0,0,0,0,0,0,0,0,0
8984,exact,1,2,1,0,0,0,0,0,0,0,0,0
8985,exact,3,4,1,0,0,0,0,0,0,0,0,0
8986,exact,5,5,3,0,0,0,0,0,0,0,0,0
8987,exact,9,29,11,0,0,0,1,0,0,0,0,0
8988,exact,5,5,1,0,0,0,0,0,0,0,0,0
8990,exact,6,7,1,0,0,0,0,0,0,0,0,0
8991,exact,3,4,1,0,0,0,0,0,0,0,0,0
8992,near,3,4,1,0,0,0,0,0,0,0,0,0
8993,near,2,3,1,0,0,0,0,0,0,0,0,0
8994,near,8,14,3,0,0,0,0,0,0,0,0,0
8995,exact,1,2,2,0,0,0,0,0,0,0,0,0
8996,near,1,2,2,0,0,0,0,0,0,0,0,0
8997,near,1,2,2,0,0,0,0,0,0,0,0,0
8998,near,2,3,4,0,0,0,0,0,0,0,0,0
8999,near,8,19,4,0,0,0,0,0,0,0,0,0
9000,near,3,4,2,0,0,0,0,0,0,0,0,0
9001,near,2,3,4,0,0,0,0,0,0,0,0,0
9003,exact,2,3,1,0,0,0,0,0,0,0,0,0
9004,near,3,4,3,0,0,0,0,0,0,0,0,0
9005,near,8,14,4,0,0,0,0,0,0,0,0,0
9006,near,6,7,1,0,0,0,0,0,0,0,0,0
9008,near,9,71,22,0,1,2,0,1,2,0,0,3
9010,exact,2,3,2,0,0,0,0,0,0,0,0,0
9011,near,2,3,2,0,0,0,0,0,0,0,0,0
9012,near,3,4,2,0,0,0,0,0,0,0,0,0
9013,exact,2,3,1,0,0,0,0,0,0,0,0,0
9014,near,1,2,3,0,0,0,0,0,0,0,0,0
9015,exact,1,2,3,0,0,0,0,0,0,0,0,0
9016,exact,2,3,5,0,0,0,0,0,0,0,0,0
9017,exact,7,12,3,0,0,0,0,0,0,0,0,0
9018,near,9,30,9,1,1,1,0,1,1,1,1,0
9019,far,2,3,1,0,0,0,0,0,0,0,0,0
9020,exact,3,4,1,0,0,0,0,0,0,0,0,0
9021,near,3,4,2,0,0,0,0,0,0,0,0,0
9022,near,6,8,4,0,0,0,0,0,0,0,0,0
9023,exact,7,10,2,0,0,0,0,0,0,0,0,0
9024,near,8,13,1,0,0,0,0,0,0,0,0,0
9025,exact,3,4,1,0,0,0,0,0,0,0,0,0
9026,far,8,15,8,0,0,0,0,0,0,0,0,0
9029,near,5,6,1,0,0,0,0,0,0,0,0,0
9030,near,5,5,4,0,0,0,0,0,0,0,0,0
9031,exact,9,87,33,1,1,0,1,1,0,0,0,0
9032,near,1,2,3,0,0,0,0,0,0,0,0,0
9033,near,9,56,22,0,2,1,2,1,0,0,0,0
9034,near,6,7,2,0,0,0,0,0,0,0,0,0
9035,near,6,8,1,0,0,0,0,0,0,0,0,0
9036,exact,7,9,6,0,0,0,0,0,0,0,0,0
9038,near,1,2,1,0,0,0,0,0,0,0,0,0
9039,far,5,5,5,0,0,0,0,0,0,0,0,0
9040,exact,2,3,3,0,0,0,0,0,0,0,0,0
9044,far,7,9,9,3,2,4,1,1,4,2,2,3
9045,exact,1,2,1,0,0,0,0,0,0,0,0,0
9046,exact,8,14,4,0,0,0,0,0,0,0,0,0
9047,exact,3,4,2,0,0,0,0,0,0,0,0,0
9048,far,5,5,1,0,0,0,0,0,0,0,0,0
9049,near,2,3,2,0,0,0,0,0,0,0,0,0
9050,exact,6,8,2,0,0,0,0,0,0,0,0,0
9051,far,9,44,16,0,0,0,0,0,0,0,0,0
9052,near,8,15,1,0,0,0,0,0,0,0,0,0
9053,exact,8,16,3,0,0,0,0,0,0,0,0,0
9054,near,3,4,4,0,0,0,0,0,0,0,0,0
9055,exact,9,24,8,0,0,0,0,1,2,0,0,0
9057,near,0,1,1,0,0,0,0,0,0,0,0,0
9059,near,5,5,1,0,0,0,0,0,0,0,0,0
9060,near,7,10,5,0,0,0,0,0,0,0,0,0
9061,exact,5,6,6,0,0,0,0,0,0,0,0,0
9062,near,9,50,19,0,0,0,0,2,1,0,0,0
9063,exact,6,7,4,0,0,0,0,0,0,0,0,0
9064,exact,9,43,27,0,0,0,1,1,2,0,0,0
9065,exact,6,7,2,0,0,0,0,0,0,0,0,0
9066,far,3,4,1,0,0,0,0,0,0,0,0,0
9067,near,3,4,4,0,0,0,0,0,0,0,0,0
9068,near,2,3,1,0,0,0,0,0,0,0,0,0
9069,exact,2,3,2,0,0,0,0,0,0,0,0,0
9070,exact,8,19,8,1,0,0,1,1,1,0,0,0
9071,near,6,7,4,0,0,0,0,0,0,0,0,0
9072,exact,3,4,1,0,0,0,0,0,0,0,0,0
9073,near,8,15,5,1,1,1,2,1,1,1,1,1
9074,exact,7,11,6,0,0,0,0,0,0,0,0,0
9075,exact,5,5,2,1,1,1,1,1,1,1,0,1
9076,near,7,11,6,0,0,0,0,0,0,0,0,0
9077,exact,7,9,3,0,0,0,0,0,0,0,0,0
9078,far,6,8,3,0,0,0,0,0,0,0,0,0
9079,exact,9,35,11,0,0,0,0,0,0,0,0,0
9080,far,5,6,3,0,0,0,0,0,0,0,0,0
9081,exact,2,3,2,0,0,0,0,0,0,0,0,0
9082,exact,2,3,3,0,0,0,0,0,0,0,0,0
9083,exact,9,23,8,5,5,5,5,5,5,5,5,5
9084,exact,7,9,3,0,0,0,0,0,0,0,0,0
9085,near,9,22,8,0,0,0,0,0,0,0,0,0
9086,exact,1,2,1,0,0,0,0,0,0,0,0,0
9087,near,7,9,1,0,0,0,0,0,0,0,0,0
9088,near,7,12,12,0,0,0,0,0,0,0,0,0
9089,near,8,15,7,0,0,0,0,0,0,0,0,0
9091,near,5,6,3,0,0,0,0,0,0,0,0,0
9092,near,9,62,15,3,2,5,1,7,4,2,4,6
9093,exact,9,164,63,6,5,3,7,6,6,5,5,4
9094,near,6,7,1,0,0,0,0,0,0,0,0,0
9095,exact,3,4,1,0,0,0,0,0,0,0,0,0
9096,exact,6,7,1,0,0,0,0,0,0,0,0,0
9097,exact,9,36,15,7,9,6,7,8,7,6,9,6
9098,exact,5,5,2,0,0,0,0,0,0,0,0,0
9099,exact,2,3,4,0,0,0,0,0,0,0,0,0
9100,near,6,8,2,0,0,0,0,0,0,0,0,0
9101,near,5,5,2,0,0,0,0,0,0,0,0,0
9102,exact,2,3,1,0,0,0,0,0,0,0,0,0
9103,near,2,3,1,0,0,0,0,0,0,0,0,0
9104,near,9,89,25,4,3,4,3,6,5,4,4,5
9105,exact,7,12,5,2,2,0,2,2,2,2,2,1
9106,near,0,1,2,0,0,0,0,0,0,0,0,0
9107,exact,3,4,2,0,0,0,0,0,0,0,0,0
9108,exact,1,2,2,0,0,0,0,0,0,0,0,0
9110,near,5,6,3,0,0,0,0,0,0,0,0,0
9111,near,3,4,1,0,0,0,0,0,0,0,0,0
9112,exact,0,1,2,0,0,0,0,0,0,0,0,0
9113,exact,5,6,1,0,0,0,0,0,0,0,0,0
9114,exact,5,6,3,0,0,0,0,0,0,0,0,0
9116,exact,5,5,2,0,0,0,0,0,0,0,0,0
9117,exact,5,5,3,0,0,0,0,0,0,0,0,0
9118,exact,7,9,4,0,0,0,0,0,0,0,0,0
9119,exact,2,3,2,0,0,0,0,0,0,0,0,0
9120,near,6,7,3,0,0,0,0,0,0,0,0,0
9121,exact,2,3,1,0,0,0,0,0,0,0,0,0
9122,exact,2,3,2,0,0,0,0,0,0,0,0,0
9123,far,7,11,3,0,0,0,0,0,0,0,0,0
9124,exact,9,62,22,1,1,0,2,2,0,0,1,0
9125,exact,3,4,1,0,0,0,0,0,0,0,0,0
9126,near,8,15,7,0,0,0,0,0,0,1,0,0
9127,exact,0,1,1,0,0,0,0,0,0,0,0,0
9128,near,0,1,1,0,0,0,0,0,0,0,0,0
9129,exact,8,13,1,0,0,0,0,0,0,0,0,0
9130,near,5,5,1,0,1,0,0,1,0,0,1,0
9131,near,2,3,1,0,0,0,0,0,0,0,0,0
9132,exact,2,3,2,0,0,0,0,0,0,0,0,0
9133,near,2,3,2,0,0,0,0,0,0,0,0,0
9134,exact,1,2,1,0,0,0,0,0,0,0,0,0
9135,exact,5,5,2,0,0,0,0,0,0,0,0,0
9136,exact,3,4,3,0,0,0,0,0,0,0,0,0
9137,near,3,4,2,0,0,0,0,0,0,0,0,0
9139,near,5,6,1,0,0,0,0,0,0,0,0,0
9140,exact,2,3,3,0,0,0,0,0,0,0,0,0
9141,near,8,16,11,1,1,0,0,1,1,1,1,0
9142,far,9,27,9,0,1,1,1,1,1,1,1,1
9143,exact,2,3,1,0,0,0,0,0,0,0,0,0
9144,exact,2,3,1,0,0,0,0,0,0,0,0,0
9146,near,0,1,4,0,0,0,0,0,0,0,0,0
9147,near,3,4,2,0,0,0,0,0,0,0,0,0
9148,exact,9,76,21,1,0,1,1,0,2,0,1,3
9149,far,3,4,1,0,0,0,0,0,0,0,0,0
9150,exact,5,6,1,0,0,0,0,0,0,0,0,0
9151,near,9,39,6,0,0,0,0,0,0,0,0,0
9152,exact,2,3,1,0,0,0,0,0,0,0,0,0
9153,exact,5,5,4,0,0,0,0,0,0,0,0,0
9154,near,2,3,3,0,0,0,0,0,0,0,0,0
9155,near,2,3,2,0,0,0,0,0,0,0,0,0
9156,exact,6,7,3,0,0,0,0,0,0,0,0,0
9157,near,3,4,1,0,0,0,0,0,0,0,0,0
9158,near,2,3,1,0,0,0,0,0,0,0,0,0
9159,exact,7,10,3,0,0,0,0,0,0,0,0,0
9160,near,5,5,2,0,0,0,0,0,0,0,0,0
9161,exact,5,5,1,0,0,0,0,0,0,0,0,0
9162,near,2,3,5,0,0,0,0,0,0,0,0,0
9163,exact,1,2,1,0,0,0,0,0,0,0,0,0
9164,exact,7,12,2,0,0,0,0,0,0,0,0,0
9165,near,5,5,2,0,0,0,0,0,0,0,0,0
9166,exact,3,4,2,0,0,0,0,0,0,0,0,0
9167,near,5,5,5,0,0,0,0,0,0,0,0,0
9168,exact,9,39,12,1,0,0,0,1,0,0,0,0
9169,exact,5,5,3,0,0,0,0,0,0,0,0,0
9171,near,8,17,9,0,0,0,0,0,0,0,0,0
9173,exact,1,2,7,0,0,0,0,0,0,0,0,0
9174,exact,5,6,5,0,0,0,0,0,0,0,0,0
9175,near,6,8,2,0,0,0,0,0,0,0,0,0
9176,far,7,10,4,0,0,0,0,0,0,0,0,0
9177,near,2,3,3,0,0,0,0,0,0,0,0,0
9178,near,8,19,2,0,0,0,0,0,0,0,0,0
9179,exact,3,4,1,0,0,0,0,0,0,0,0,0
9180,near,3,4,4,0,0,0,0,0,0,0,0,0
9181,exact,0,1,3,0,0,0,0,0,0,0,0,0
9182,exact,1,2,2,0,0,0,1,0,0,0,0,1
9183,exact,3,4,2,0,0,0,0,0,0,0,0,0
9184,exact,6,8,4,0,0,0,0,0,0,0,0,0
9185,exact,2,3,4,0,0,0,0,0,0,0,0,0
9186,near,6,8,5,0,0,0,0,0,0,0,0,0
9187,near,5,5,2,0,0,0,0,0,0,0,0,0
9188,far,2,3,1,0,0,0,0,0,0,0,0,0
9189,exact,5,6,2,0,0,0,0,0,0,0,0,0
9191,near,8,16,9,0,0,0,0,0,0,0,0,0
9192,near,9,41,13,0,0,0,0,0,0,0,0,1
9193,exact,3,4,1,0,0,0,0,0,0,0,0,0
9195,near,8,18,4,0,0,0,0,0,0,0,0,0
9197,near,8,17,5,0,0,0,0,0,0,0,0,0
9198,near,2,3,2,0,0,0,0,0,0,0,0,0
9199,exact,2,3,1,0,0,0,0,0,0,0,0,0
9200,far,1,2,5,0,0,0,0,0,0,0,0,0
9201,near,3,4,1,0,0,0,0,0,0,0,0,0
9202,exact,2,3,1,0,0,0,0,0,0,0,0,0
9203,near,8,17,15,1,1,1,2,1,1,0,1,1
9204,exact,6,8,5,0,0,0,0,0,0,0,0,0
9205,near,7,12,6,0,0,0,0,0,0,0,0,0
9206,exact,2,3,1,0,0,0,0,0,0,0,0,0
9207,exact,5,5,4,0,0,0,0,0,0,0,0,0
9208,exact,9,30,14,0,0,0,0,0,0,0,0,0
9209,exact,5,6,3,1,0,0,0,0,0,0,0,0
9211,exact,2,3,2,0,0,0,0,0,0,0,0,0
9212,near,2,3,3,0,0,0,0,0,0,0,0,0
9215,exact,1,2,1,0,0,0,0,0,0,0,0,0
9217,near,2,3,4,0,0,0,0,0,0,0,0,0
9218,exact,1,2,3,0,0,0,0,0,0,0,0,0
9219,exact,9,79,37,3,0,3,4,2,3,3,1,1
9220,exact,9,92,15,5,4,2,4,6,1,4,8,2
9221,near,9,59,29,2,3,1,1,0,1,1,1,1
9222,exact,9,31,9,0,0,0,0,0,0,0,0,0
9223,near,2,3,2,0,0,0,0,0,0,0,0,0
9224,exact,9,68,18,1,0,0,0,0,0,0,1,0
9225,exact,1,2,1,0,0,0,0,0,0,0,0,0
9226,exact,8,14,5,0,0,0,0,0,0,0,0,0
9227,near,8,14,7,0,0,1,0,0,0,0,0,1
9228,near,5,6,2,0,0,0,0,0,0,0,0,0
9229,exact,6,7,2,0,0,0,0,0,0,0,0,0
9230,near,7,10,4,0,0,0,0,0,0,0,0,0
9231,near,7,9,5,0,0,0,0,0,0,0,0,0
9232,near,8,14,5,0,0,0,0,0,0,0,0,0
9233,near,3,4,2,0,0,0,0,0,0,0,0,0
9235,exact,3,4,1,0,0,0,0,0,0,0,0,0
9236,far,1,2,4,0,0,0,0,0,0,0,0,0
9237,near,1,2,3,0,0,0,0,0,0,0,0,0
9238,near,3,4,3,0,0,0,0,0,0,0,0,0
9239,exact,2,3,1,0,0,0,0,0,0,0,0,0
9240,exact,5,6,2,0,0,0,0,0,0,0,0,0
9241,near,2,3,1,0,0,0,0,0,0,0,0,0
9243,exact,9,32,8,0,0,0,0,0,0,0,0,0
9244,far,8,17,5,0,0,0,0,0,0,0,0,0
9245,near,2,3,2,0,0,0,0,0,0,0,0,0
9246,far,8,13,3,1,0,2,1,1,1,1,1,3
9247,near,3,4,3,0,0,0,0,0,0,0,0,0
9248,far,9,23,4,0,0,0,0,0,0,0,0,0
9249,exact,5,5,3,0,0,0,0,0,0,0,0,0
9250,exact,1,2,5,0,0,0,0,0,0,0,0,0
9251,near,6,8,5,0,0,0,0,0,0,0,0,0
9252,exact,5,6,1,0,0,0,0,0,0,0,0,0
9253,far,3,4,1,0,0,0,0,0,0,0,0,0
9254,exact,0,0,2,0,0,0,0,0,0,0,0,0
9255,far,7,9,2,0,0,0,0,0,0,0,0,0
9257,exact,6,8,7,1,1,1,1,1,1,1,1,1
9258,far,8,15,1,0,0,0,0,0,0,0,0,0
9260,exact,6,7,1,0,0,0,0,0,0,0,0,0
9261,near,9,30,14,0,0,0,0,0,0,0,0,1
9262,near,5,6,3,0,0,0,0,0,0,0,0,0
9263,near,6,8,2,0,0,0,0,0,0,0,0,0
9264,exact,8,15,2,0,0,0,0,0,0,0,0,0
9265,near,8,19,5,0,0,0,0,0,0,0,0,0
9266,exact,7,9,3,0,0,0,0,0,0,0,0,0
9267,exact,3,4,1,0,0,0,0,0,0,0,0,0
9268,exact,8,14,3,0,0,0,0,0,0,0,0,0
9269,exact,3,4,3,0,0,0,0,0,0,0,0,0
9270,near,1,2,1,0,0,0,0,0,0,0,0,0
9271,far,5,5,2,0,0,0,0,0,0,0,0,0
9272,near,9,25,12,0,0,1,0,0,0,0,0,0
9274,near,1,2,1,0,0,0,0,0,0,0,0,0
9275,near,8,14,5,0,0,0,0,0,0,0,0,0
9276,near,7,11,7,0,0,0,0,0,0,0,0,0
9277,near,8,15,9,0,0,0,0,0,0,0,0,0
9278,exact,3,4,1,0,0,0,0,0,0,0,0,0
9279,exact,0,1,3,0,0,0,0,0,0,0,0,0
9280,exact,2,3,3,0,0,0,0,0,0,0,0,0
9281,exact,0,1,2,0,0,0,0,0,0,0,0,0
9282,near,6,7,3,0,0,0,0,0,0,0,0,0
9283,exact,1,2,2,0,0,0,0,0,0,0,0,0
9284,exact,8,14,2,0,0,0,0,0,0,0,0,0
9285,exact,6,7,7,0,0,0,0,0,0,0,0,0
9287,near,2,3,4,0,0,0,0,0,0,0,0,0
9288,far,5,6,1,0,0,0,0,0,0,0,0,0
9289,near,3,4,2,0,0,0,0,0,0,0,0,0
9290,exact,9,27,10,0,0,0,0,0,0,0,0,0
9291,near,2,3,1,0,0,0,0,0,0,0,0,0
9293,exact,8,16,2,0,0,0,0,0,0,0,0,0
9294,near,7,9,3,0,0,0,0,0,0,0,0,0
9296,exact,2,3,1,0,0,0,0,0,0,0,0,0
9297,near,2,3,1,0,0,0,0,0,0,0,0,0
9298,near,1,2,3,0,0,0,0,0,0,0,0,0
9299,exact,2,3,2,0,0,0,0,0,0,0,0,0
9300,exact,5,6,3,0,0,0,0,0,0,0,0,0
9301,exact,3,4,3,0,0,0,0,0,0,0,0,0
9302,near,1,2,3,0,0,0,0,0,0,0,0,0
9303,near,7,11,3,0,0,0,0,0,0,0,0,0
9304,exact,5,6,4,0,0,0,0,0,0,0,0,0
9305,exact,9,69,7,1,1,1,1,1,1,1,1,2
9306,exact,3,4,3,0,0,0,0,0,0,0,0,0
9307,exact,9,46,14,3,4,6,3,7,5,3,7,7
9308,near,0,1,2,0,0,0,0,0,0,0,0,0
9310,far,2,3,1,0,0,0,0,0,0,0,0,0
9311,near,2,3,2,0,0,0,0,0,0,0,0,0
9312,exact,1,2,2,0,0,0,0,0,0,0,0,0
9313,exact,2,3,1,0,0,0,0,0,0,0,0,0
9314,near,2,3,5,0,0,0,0,0,0,0,0,0
9315,near,2,3,2,0,0,0,0,0,0,0,0,0
9316,exact,0,1,1,0,0,0,0,0,0,0,0,0
9318,far,5,5,1,0,0,0,0,0,0,0,0,0
9319,exact,9,37,11,0,0,0,0,0,1,0,0,0
9320,exact,9,34,11,1,1,0,2,1,0,1,0,0
9321,near,9,38,17,0,0,0,0,0,0,0,0,0
9322,exact,3,4,1,0,0,0,0,0,0,0,0,0
9323,exact,8,13,6,0,0,0,0,0,0,0,0,0
9324,far,7,9,3,0,0,0,0,0,0,0,0,0
9325,exact,5,6,2,0,0,0,0,0,0,0,0,0
9326,exact,1,2,2,0,0,0,0,0,0,0,0,0
9327,exact,1,2,2,0,0,0,0,0,0,0,0,0
9328,far,3,4,1,0,0,0,0,0,0,0,0,0
9329,near,5,5,3,0,0,0,0,0,0,0,0,0
9330,far,7,9,4,0,0,0,0,0,0,0,0,0
9331,near,8,19,3,0,0,0,0,0,0,0,0,0
9332,exact,8,14,7,0,0,0,0,0,0,0,0,0
9333,near,3,4,1,0,0,0,0,0,0,0,0,0
9335,exact,7,9,3,0,0,0,0,0,0,0,0,0
9337,near,2,3,3,0,0,0,0,0,0,0,0,0
9338,near,8,14,8,0,0,0,0,0,0,0,0,0
9339,near,9,31,14,0,0,0,1,1,1,0,0,1
9340,near,5,5,2,0,0,0,0,0,0,0,0,0
9341,near,7,9,6,0,1,0,0,1,0,0,1,0
9342,exact,3,4,4,0,0,0,0,0,0,0,0,0
9343,exact,8,18,2,0,0,0,0,0,0,0,0,0
9344,exact,8,15,6,0,0,0,0,0,0,0,0,0
9346,exact,8,15,1,0,0,0,0,0,0,0,0,0
9347,near,5,6,4,2,2,2,2,2,2,2,2,2
9348,exact,2,3,1,0,0,0,0,0,0,0,0,0
9349,near,5,5,3,0,0,0,0,0,0,0,0,0
9350,exact,7,11,4,0,0,0,0,0,0,0,0,0
9351,exact,8,13,7,0,0,0,0,0,0,0,0,0
9352,exact,5,5,1,0,0,0,0,0,0,0,0,0
9353,near,1,2,2,0,0,0,0,0,0,0,0,0
9354,near,5,6,1,0,1,0,1,1,0,0,0,0
9355,exact,3,4,1,0,0,0,0,0,0,0,0,0
9356,exact,2,3,3,0,0,0,0,0,0,0,0,0
9357,far,9,22,10,0,0,0,0,1,0,0,0,0
9358,exact,1,2,5,0,0,0,0,0,0,0,0,0
9359,exact,3,4,1,0,0,0,0,0,0,0,0,0
9360,near,5,6,4,0,0,0,0,0,0,0,0,0
9361,near,2,3,1,0,0,0,0,0,0,0,0,0
9362,exact,7,10,2,0,0,0,0,0,0,0,0,0
9363,far,2,3,2,0,0,0,0,0,0,0,0,0
9364,exact,8,13,6,0,1,1,1,1,0,0,1,1
9365,far,3,4,1,0,0,0,0,0,0,0,0,0
9366,exact,3,4,1,0,0,0,0,0,0,0,0,0
9368,near,7,12,2,0,0,0,0,0,0,0,0,0
9369,near,2,3,2,0,0,0,0,0,0,0,0,0
9370,exact,1,2,1,0,0,0,0,0,0,0,0,0
9371,exact,2,3,1,0,0,0,0,0,0,0,0,0
9372,exact,9,28,10,0,1,0,0,0,0,0,1,0
9373,far,9,78,39,2,6,5,5,6,5,5,5,3
9374,near,8,15,6,0,0,0,0,0,0,0,0,0
9375,far,1,2,3,0,0,0,0,0,0,0,0,0
9377,exact,6,7,2,0,0,0,0,0,0,0,0,0
9378,far,6,8,2,0,0,0,0,0,0,0,0,0
9379,near,8,17,2,0,1,1,1,1,1,1,1,1
9380,exact,8,16,11,1,1,0,1,1,1,1,1,1
9381,exact,9,22,8,0,0,0,0,0,0,0,0,0
9382,near,9,37,20,0,0,0,0,1,1,0,0,0
9383,far,3,4,2,0,0,0,0,0,0,0,0,0
9384,exact,7,12,3,0,0,0,0,0,0,0,0,0
9385,near,6,8,3,0,0,0,0,0,0,0,0,0
9386,near,6,7,2,0,0,0,0,0,0,0,0,0
9387,near,8,16,5,1,0,0,1,0,0,0,0,0
9388,exact,3,4,2,0,0,0,0,0,0,0,0,0
9389,exact,9,36,11,1,1,1,2,1,1,1,1,2
9390,exact,1,2,2,0,0,0,0,0,0,0,0,0
9391,exact,0,1,3,0,0,0,0,0,0,0,0,0
9392,exact,6,8,7,0,0,0,0,0,0,0,0,0
9393,near,9,28,14,1,0,0,1,0,0,0,0,1
9394,exact,0,1,1,0,0,0,0,0,0,0,0,0
9395,exact,2,3,2,0,0,0,0,0,0,0,0,0
9396,near,2,3,2,0,0,0,0,0,0,0,0,0
9397,near,7,12,7,0,0,0,0,0,0,0,0,0
9398,exact,5,6,2,0,0,0,0,0,0,0,0,0
9399,exact,3,4,3,0,0,0,0,0,0,0,0,0
9400,exact,2,3,2,0,0,0,0,0,0,0,0,0
9401,near,0,1,2,0,0,0,0,0,0,0,0,0
9402,near,0,0,3,0,0,0,0,0,0,0,0,0
9403,near,3,4,1,0,0,0,0,0,0,0,0,0
9405,exact,9,35,16,0,0,0,1,0,0,0,0,0
9406,exact,9,62,25,1,0,0,1,0,0,0,1,0
9407,near,2,3,4,0,0,0,0,0,0,0,0,0
9408,exact,9,38,13,1,2,1,1,1,1,0,1,0
9409,exact,5,6,4,0,0,0,0,0,0,0,0,0
9410,near,5,5,3,0,0,0,0,0,0,0,0,0
9411,near,6,7,3,0,0,0,0,0,0,0,0,0
9412,near,5,6,2,0,0,0,0,0,0,0,0,0
9413,exact,3,4,1,0,0,0,0,0,0,0,0,0
9416,exact,6,7,1,0,0,0,0,0,0,0,0,0
9417,exact,2,3,4,0,0,0,0,0,0,0,0,0
9418,exact,7,12,3,0,0,0,0,0,0,0,0,0
9419,exact,2,3,2,0,0,0,0,0,0,0,0,0
9420,far,9,62,7,1,3,1,2,1,1,2,1,0
9421,far,6,8,3,0,0,0,0,0,0,0,0,0
9422,near,6,7,1,0,0,0,0,0,0,0,0,0
9423,exact,0,1,1,0,0,0,0,0,0,0,0,0
9424,exact,2,3,2,0,0,0,0,0,0,0,0,0
9425,exact,7,11,3,0,0,0,0,0,0,0,0,0
9426,exact,3,4,2,0,0,0,0,0,0,0,0,0
9428,far,6,8,7,0,0,0,0,0,0,0,0,0
9429,near,8,18,9,0,0,0,0,0,0,0,0,0
9430,far,7,12,4,0,0,0,0,0,0,0,0,0
9431,far,7,10,4,0,0,0,0,0,0,0,0,0
9432,exact,5,5,3,0,1,0,1,1,0,0,0,0
9433,exact,3,4,1,0,0,0,0,0,0,0,0,0
9434,exact,2,3,1,0,0,0,0,0,0,0,0,0
9435,exact,6,7,2,0,0,0,0,0,0,0,0,0
9436,exact,9,33,6,0,0,0,0,0,0,0,0,0
9437,exact,2,3,1,0,0,0,0,0,0,0,0,0
9438,far,7,9,3,0,0,0,0,0,0,0,0,0
9440,exact,0,1,4,0,0,0,0,0,0,0,0,0
9441,exact,1,2,1,0,0,0,0,0,0,0,0,0
9443,near,8,13,3,0,0,0,0,0,0,0,0,0
9444,near,8,19,2,0,0,0,0,0,0,0,0,0
9445,near,1,2,2,0,0,0,0,0,0,0,0,0
9446,near,7,9,2,0,0,0,0,0,0,0,0,0
9447,near,6,7,3,0,0,0,0,0,0,0,0,0
9448,near,3,4,4,0,0,0,0,0,0,0,0,0
9449,near,3,4,1,0,0,0,0,0,0,0,0,0
9450,exact,3,4,1,0,0,0,0,0,0,0,0,0
9451,far,2,3,2,0,0,0,0,0,0,0,0,0
9452,exact,7,9,5,0,0,0,0,0,0,0,0,0
9453,exact,6,7,2,0,0,0,0,1,0,0,0,0
9454,exact,5,5,1,0,0,0,0,0,0,0,0,0
9455,far,8,13,5,0,0,0,0,0,0,0,0,0
9456,far,8,17,5,0,0,0,0,0,0,0,0,0
9457,near,3,4,2,0,0,0,0,0,0,0,0,0
9458,near,1,2,3,0,0,0,0,0,0,0,0,0
9459,near,3,4,1,0,0,0,0,0,0,0,0,0
9460,near,5,5,1,0,0,0,0,0,0,0,0,0
9461,near,3,4,1,0,0,0,0,0,0,0,0,0
9462,far,0,1,2,0,0,0,0,0,0,0,0,0
9463,near,6,8,7,0,0,0,0,0,0,0,0,0
9464,near,7,11,6,0,0,0,0,0,0,0,0,0
9465,near,3,4,1,0,0,0,0,0,0,0,0,0
9466,exact,9,47,17,0,0,0,0,0,1,0,0,0
9467,exact,9,24,12,0,0,0,0,0,0,0,0,0
9468,exact,8,14,1,0,0,0,0,0,0,0,0,0
9469,near,7,11,4,0,0,0,0,0,0,0,0,0
9470,far,9,22,4,0,0,0,0,0,0,0,0,0
9471,exact,2,3,2,0,0,0,0,0,0,0,0,0
9472,exact,0,1,1,0,0,0,0,0,0,0,0,0
9473,far,5,6,2,0,0,0,0,0,0,0,0,0
9474,near,5,6,7,0,0,0,0,0,0,0,0,0
9475,exact,5,5,1,0,0,0,0,0,0,0,0,0
9476,exact,9,109,47,4,5,6,4,3,4,4,4,4
9477,near,9,26,9,0,0,0,0,0,0,0,0,0
9479,exact,7,9,2,0,0,0,0,0,0,0,0,0
9480,far,0,1,2,0,0,0,0,0,0,0,0,0
9481,exact,5,6,1,0,0,0,0,0,0,0,0,0
9482,far,9,26,12,1,2,2,1,2,1,1,2,2
9483,near,6,7,7,0,1,0,0,0,0,0,0,1
9484,near,7,9,1,0,0,0,0,0,0,0,0,0
9485,near,3,4,1,0,0,0,0,0,0,0,0,0
9486,near,8,13,5,0,0,0,0,0,0,0,0,0
9487,near,5,6,1,0,0,0,0,0,0,0,0,0
9488,near,8,19,7,0,0,0,0,0,0,0,0,0
9489,near,3,4,1,0,0,0,0,0,0,0,0,0
9491,near,3,4,1,0,0,0,0,0,0,0,0,0
9492,exact,5,5,2,0,0,0,0,0,0,0,0,0
9493,exact,3,4,1,0,0,0,0,0,0,0,0,0
9494,exact,2,3,2,0,0,0,0,0,0,0,0,0
9495,near,8,15,3,0,0,0,0,0,0,0,0,0
9496,near,5,6,2,0,0,0,0,0,0,0,0,0
9497,near,6,8,3,0,0,0,0,0,0,0,0,0
9498,exact,1,2,1,0,0,0,0,0,0,0,0,0
9500,exact,2,3,2,0,0,0,0,0,0,0,0,0
9501,exact,5,5,3,0,0,0,0,0,0,0,0,0
9502,exact,5,5,1,0,0,0,0,0,0,0,0,0
9503,near,3,4,4,0,0,0,0,0,0,0,0,0
9504,exact,2,3,2,0,0,0,0,0,0,0,0,0
9505,exact,7,11,2,0,0,0,0,0,0,0,0,0
9507,exact,9,94,41,1,2,0,1,2,0,0,2,1
9508,near,0,1,1,0,0,0,0,0,0,0,0,0
9509,near,9,68,11,2,0,1,3,0,0,2,0,1
9510,exact,8,19,4,0,0,0,0,0,0,0,0,0
9512,exact,5,5,1,0,0,0,0,0,0,0,0,0
9515,exact,0,1,3,0,0,0,0,0,0,0,0,0
9516,exact,6,7,2,0,0,0,0,0,0,0,0,0
9517,exact,6,8,7,0,1,0,0,0,0,1,0,0
9518,exact,3,4,3,0,0,0,0,0,0,0,0,0
9519,near,9,29,4,0,0,0,0,0,0,0,0,0
9520,exact,6,7,2,0,0,0,0,0,0,0,0,0
9521,far,9,56,31,0,3,2,1,3,2,1,1,1
9522,near,8,16,11,2,2,2,2,2,2,2,2,2
9523,exact,2,3,1,0,0,0,0,0,0,0,0,0
9524,exact,7,12,3,0,0,0,0,0,0,0,0,0
9525,exact,2,3,2,0,0,0,0,0,0,0,0,0
9526,far,7,11,4,0,0,0,0,0,0,0,0,0
9528,exact,2,3,3,1,1,1,0,1,1,1,1,1
9529,near,8,16,7,1,1,1,1,1,1,1,1,1
9530,exact,9,26,8,0,0,0,0,0,0,0,0,0
9531,near,5,6,1,0,0,0,0,0,0,0,0,0
9532,near,2,3,1,0,0,0,0,0,0,0,0,0
9534,exact,2,3,2,0,0,0,0,0,0,0,0,0
9536,exact,9,45,24,1,0,0,1,0,0,1,0,0
9537,exact,2,3,1,0,0,0,0,0,0,0,0,0
9538,exact,1,2,3,0,0,0,0,0,0,0,0,0
9540,exact,2,3,2,0,0,0,0,0,0,0,0,0
9541,near,2,3,2,0,0,0,0,0,0,0,0,0
9542,near,2,3,5,0,0,0,0,0,0,0,0,0
9544,exact,2,3,4,0,0,0,0,0,0,0,0,0
9545,exact,5,6,3,0,0,0,0,0,0,0,0,0
9546,exact,5,5,5,2,2,2,2,2,2,2,1,2
9547,exact,7,12,4,0,0,0,0,0,0,0,0,0
9548,far,3,4,1,0,0,0,0,0,0,0,0,0
9549,exact,5,6,1,0,0,0,0,0,0,0,0,0
9550,exact,1,2,2,0,0,0,0,0,0,0,0,0
9551,exact,1,2,1,0,0,0,0,0,0,0,0,0
9552,exact,2,3,2,0,0,0,0,0,0,0,0,0
9553,exact,2,3,1,0,0,0,0,0,0,0,0,0
9554,near,3,4,1,0,0,0,0,0,0,0,0,0
9555,exact,5,6,5,0,0,0,0,0,0,0,0,0
9557,exact,2,3,1,0,0,0,0,0,0,0,0,0
9558,far,1,2,2,0,0,0,0,0,0,0,0,0
9560,near,6,7,5,0,0,0,0,0,0,0,0,0
9561,exact,1,2,1,0,0,0,0,0,0,0,0,0
9562,exact,3,4,2,0,0,0,0,0,0,0,0,0
9563,exact,8,18,11,0,0,0,0,0,0,0,0,0
9564,near,8,19,5,0,0,0,0,0,0,0,0,0
9565,near,3,4,1,0,0,0,0,0,0,0,0,0
9566,exact,6,8,5,0,0,0,0,0,0,0,0,0
9567,near,3,4,1,0,0,0,0,0,0,0,0,0
9568,exact,1,2,1,0,0,0,0,0,0,0,0,0
9570,near,6,7,1,0,0,0,0,0,0,0,0,0
9572,near,7,11,5,0,0,0,0,0,0,0,0,0
9573,near,8,17,2,0,0,0,0,0,0,0,0,0
9574,exact,3,4,1,0,0,0,0,0,0,0,0,0
9575,exact,7,10,11,0,0,0,0,0,0,0,0,0
9576,near,7,10,8,0,0,0,0,0,0,0,0,0
9577,near,5,5,1,0,0,0,0,0,0,0,0,0
9578,exact,9,87,41,3,1,3,4,1,5,2,0,4
9579,near,3,4,4,0,0,0,0,0,0,0,0,0
9580,near,2,3,2,0,0,0,0,0,0,0,0,0
9582,near,9,44,19,1,0,0,1,0,0,0,0,0
9583,exact,5,6,1,0,0,0,0,0,0,0,0,0
9584,far,9,25,7,0,0,0,0,0,0,0,0,0
9585,exact,0,0,2,0,0,0,0,0,0,0,0,0
9587,exact,2,3,2,0,0,0,0,0,0,0,0,0
9588,exact,5,5,1,0,0,0,0,0,0,0,0,0
9589,near,2,3,2,0,0,0,0,0,0,0,0,0
9590,near,3,4,2,0,0,0,0,0,0,0,0,0
9591,near,8,17,7,0,0,0,0,0,0,0,0,0
9592,near,2,3,1,0,0,0,0,0,0,0,0,0
9593,near,1,2,3,0,0,0,0,0,0,0,0,0
9594,near,7,10,5,0,0,0,0,0,0,0,0,0
9595,near,3,4,1,1,1,1,1,1,1,1,1,1
9596,exact,5,5,1,0,0,0,0,0,0,0,0,0
9597,exact,3,4,2,0,0,0,0,0,0,0,0,0
9598,exact,5,6,1,0,0,0,0,0,0,0,0,0
9599,near,9,40,11,1,1,1,1,1,1,1,2,1
9600,near,7,10,7,0,0,0,0,0,0,0,0,0
9601,exact,2,3,1,0,0,0,0,0,0,0,0,0
9602,exact,5,6,2,1,1,0,1,1,1,1,1,0
9603,near,8,18,5,0,0,0,0,0,0,0,0,0
9604,near,3,4,1,0,0,0,0,0,0,0,0,0
9607,far,9,22,9,1,1,1,1,1,1,1,1,1
9608,near,5,5,1,0,0,0,0,0,0,0,0,0
9609,exact,3,4,1,0,0,0,0,0,0,0,0,0
9610,near,8,21,3,1,1,0,0,1,1,1,1,1
9611,near,8,16,4,0,0,0,0,0,0,0,0,0
9612,near,7,9,5,0,0,0,0,0,0,0,0,0
9613,exact,3,4,1,0,0,0,0,0,0,0,0,0
9614,far,3,4,3,0,0,0,0,0,0,0,0,0
9615,exact,5,6,3,0,0,0,0,0,0,0,0,0
9616,near,8,14,3,0,2,1,0,1,1,1,2,1
9617,exact,6,7,1,0,0,0,0,0,0,0,0,0
9619,near,5,5,5,0,0,0,0,0,0,0,0,0
9620,near,5,6,3,0,0,0,0,0,0,0,0,0
9621,near,1,2,1,0,0,0,0,0,0,0,0,0
9622,exact,8,19,13,0,0,0,0,0,0,0,0,0
9623,near,7,9,1,0,0,0,0,0,0,0,0,0
9624,far,5,5,4,0,0,0,0,0,0,0,0,0
9625,exact,8,16,4,0,0,0,0,0,0,0,0,0
9626,exact,2,3,3,0,0,0,0,0,0,0,0,0
9627,exact,7,11,4,0,0,0,0,0,0,0,0,0
9628,exact,5,5,1,0,0,0,0,0,0,0,0,0
9630,exact,1,2,5,0,0,0,0,0,0,0,0,0
9631,near,0,1,2,0,0,0,0,0,0,0,0,0
9632,near,2,3,1,0,0,0,0,0,0,0,0,0
9633,exact,1,2,2,0,0,0,0,0,0,0,0,0
9634,exact,1,2,2,0,0,0,0,0,0,0,0,0
9637,exact,1,2,3,0,0,0,0,0,0,0,0,0
9638,exact,6,7,3,0,0,0,0,0,0,0,0,0
9639,exact,9,114,59,4,1,2,3,0,0,3,2,1
9640,far,6,8,3,0,0,0,0,0,1,0,0,0
9641,near,0,1,1,0,0,0,0,0,0,0,0,0
9642,near,2,3,1,0,0,0,0,0,0,0,0,0
9643,exact,5,5,6,1,1,0,1,1,1,1,1,1
9644,exact,9,38,15,0,0,0,0,0,0,0,0,0
9645,exact,9,27,6,1,0,0,1,0,0,1,1,0
9646,far,8,15,6,0,0,0,0,0,0,0,0,0
9647,near,2,3,3,0,0,0,0,0,0,0,0,0
9648,near,9,81,23,1,2,3,1,1,3,1,0,1
9649,near,1,2,3,0,0,0,0,0,0,0,0,0
9650,far,2,3,1,0,0,0,0,0,0,0,0,0
9651,exact,5,5,3,0,0,0,0,0,0,0,0,0
9652,near,6,8,6,0,0,0,0,0,0,0,0,0
9653,near,2,3,2,0,0,0,0,0,0,0,0,0
9654,near,2,3,1,0,0,0,0,0,0,0,0,0
9655,exact,2,3,1,0,0,0,0,0,0,0,0,0
9656,exact,3,4,1,0,0,0,0,0,0,0,0,0
9657,near,2,3,2,0,0,0,0,0,0,0,0,0
9658,exact,7,12,5,0,0,0,0,0,0,0,0,0
9659,near,7,9,1,0,0,0,0,0,0,0,0,0
9660,exact,6,7,5,0,0,0,0,0,0,0,0,0
9661,exact,5,6,3,0,0,0,0,0,0,0,0,0
9662,exact,6,8,4,0,0,0,0,0,0,0,0,0
9663,near,0,0,2,0,0,0,0,0,0,0,0,0
9664,near,7,10,3,0,0,0,0,0,0,0,0,0
9665,exact,1,2,1,0,0,0,0,0,0,0,0,0
9666,exact,5,6,5,0,0,0,0,0,0,0,0,0
9667,near,2,3,2,0,0,0,0,0,0,0,0,0
9668,far,3,4,2,0,0,0,0,0,0,0,0,0
9669,near,6,7,7,0,0,0,1,1,0,0,0,0
9670,near,7,12,1,0,0,0,0,0,0,0,0,0
9671,near,6,8,4,0,0,0,0,0,0,0,0,0
9672,near,3,4,1,0,0,0,0,0,0,0,0,0
9673,exact,8,14,7,0,0,0,0,0,0,0,0,0
9674,exact,0,1,4,0,0,0,0,0,0,0,0,0
9675,exact,5,5,4,0,0,0,0,0,0,0,0,0
9676,exact,2,3,2,0,0,0,0,0,0,0,0,0
9677,near,7,11,3,0,0,0,0,0,0,0,0,0
9678,near,0,1,5,0,0,0,0,0,0,0,0,0
9679,near,5,5,2,0,0,0,0,0,0,0,0,0
9680,near,6,8,2,0,0,0,0,0,0,0,0,0
9681,exact,8,14,2,0,0,0,0,0,0,0,0,0
9682,exact,8,13,5,0,0,0,0,0,0,0,0,0
9683,near,5,5,4,0,0,0,0,0,0,0,0,0
9684,exact,2,3,1,0,0,0,0,0,0,0,0,0
9685,far,7,9,8,0,0,0,0,0,0,0,0,0
9686,exact,5,5,1,0,0,0,0,0,0,0,0,0
9687,near,8,16,14,5,1,2,3,2,1,2,1,2
9688,near,1,2,4,0,0,0,0,0,0,0,0,0
9690,near,9,64,22,1,0,0,1,0,0,0,0,0
9691,near,3,4,2,0,0,0,0,0,0,0,0,0
9692,near,6,7,2,0,0,0,0,0,0,0,0,0
9693,exact,7,10,7,0,0,0,0,0,0,0,0,0
9694,near,5,5,2,0,0,0,0,0,0,0,0,0
9695,exact,3,4,1,0,0,0,0,0,0,0,0,0
9696,exact,5,5,2,0,0,0,0,0,0,0,0,0
9697,far,1,2,2,0,0,0,0,0,0,0,0,0
9698,exact,1,2,2,0,0,0,0,0,0,0,0,0
9699,exact,9,25,3,0,0,0,0,0,0,0,0,0
9700,near,5,6,2,0,0,0,0,0,0,0,0,0
9701,exact,9,23,8,0,0,0,0,0,0,0,0,0
9702,far,3,4,2,0,0,0,0,0,0,0,0,0
9703,exact,3,4,4,0,0,0,0,0,0,0,0,0
9704,near,7,10,5,2,0,0,1,0,0,0,0,0
9705,exact,6,8,1,0,0,0,0,0,0,0,0,0
9706,near,6,7,2,0,0,0,0,0,0,0,0,0
9707,near,8,15,4,0,0,0,0,0,0,0,0,0
9708,far,6,7,11,0,0,0,0,0,0,0,0,0
9709,exact,9,26,14,0,0,0,1,0,0,1,1,0
9710,far,7,9,2,0,0,0,0,0,0,0,0,0
9712,exact,9,23,5,0,0,0,1,0,0,0,0,0
9713,far,2,3,1,0,0,0,0,0,0,0,0,0
9714,exact,5,6,2,0,0,0,0,0,0,0,0,0
9715,exact,8,19,6,0,0,0,0,0,0,0,0,0
9716,near,5,6,3,0,0,0,0,0,0,0,0,0
9717,exact,8,19,7,0,0,0,0,0,0,0,0,0
9719,near,7,11,1,0,0,0,0,0,0,0,0,0
9720,exact,9,22,8,0,0,0,0,0,0,0,0,0
9721,near,0,1,2,0,0,0,0,0,0,0,0,0
9723,near,2,3,2,0,0,0,0,0,0,0,0,0
9724,near,1,2,2,0,0,0,0,0,0,0,0,0
9725,exact,7,9,3,0,0,0,0,0,0,0,0,0
9726,near,1,2,1,0,0,0,0,0,0,0,0,0
9727,near,2,3,2,0,0,0,0,0,0,0,0,0
9729,exact,7,11,3,0,0,0,0,0,0,0,0,0
9730,near,1,2,2,0,0,0,0,0,0,0,0,0
9731,exact,5,6,1,0,0,0,0,0,0,0,0,0
9732,near,3,4,2,0,0,0,0,0,0,0,0,0
9733,exact,6,7,1,0,0,0,0,0,0,0,0,0
9734,near,9,45,10,10,10,10,10,10,10,10,10,10
9735,far,8,20,8,0,0,0,0,0,0,0,0,0
9736,exact,5,6,3,0,0,0,0,0,0,0,0,0
9737,exact,5,6,5,0,0,0,0,0,0,0,0,0
9738,exact,7,9,3,0,0,0,0,0,0,0,0,0
9739,exact,9,36,16,0,0,0,1,1,1,0,0,0
9740,far,6,7,3,0,0,0,0,0,0,0,0,0
9741,exact,2,3,2,0,0,0,0,0,0,0,0,0
9742,near,5,6,2,0,0,0,0,0,0,0,0,0
9743,near,5,5,2,0,0,0,0,0,0,0,0,0
9744,near,8,13,3,0,0,0,0,0,0,0,0,0
9746,exact,7,10,1,0,0,0,0,0,0,0,0,0
9747,near,1,2,2,0,0,0,0,0,0,0,0,0
9748,near,2,3,1,0,0,0,0,0,0,0,0,0
9749,exact,3,4,1,0,0,0,0,0,0,0,0,0
9750,exact,9,22,5,0,0,0,0,0,0,0,0,0
9753,near,0,1,3,0,0,0,0,0,0,0,0,0
9754,far,8,18,4,0,0,0,0,0,0,0,0,0
9755,exact,6,7,2,0,0,0,0,0,0,0,0,0
9756,near,2,3,2,0,0,0,0,0,0,0,0,0
9757,exact,1,2,1,0,0,0,0,0,0,0,0,0
9758,exact,9,54,35,0,1,1,0,1,2,0,1,0
9759,near,1,2,1,0,0,0,0,0,0,0,0,0
9760,exact,9,35,23,1,2,0,1,2,2,0,0,1
9761,exact,6,8,4,0,0,0,0,0,0,0,0,0
9762,near,9,54,15,1,1,1,1,1,1,1,1,1
9763,far,7,9,6,0,0,0,0,0,0,0,0,0
9764,far,1,2,2,0,0,0,0,0,0,0,0,0
9765,exact,2,3,3,0,0,0,0,0,0,0,0,0
9766,near,5,6,5,0,0,0,0,0,0,0,0,0
9767,exact,8,20,3,0,0,0,0,0,0,0,0,0
9768,exact,5,5,4,0,0,0,0,0,0,0,0,1
9769,near,3,4,1,0,0,0,0,0,0,0,0,0
9770,exact,0,1,2,0,0,0,0,0,0,0,0,0
9771,exact,5,5,1,0,0,0,0,0,0,0,0,0
9772,far,9,28,6,0,0,0,0,0,0,0,0,0
9773,exact,2,3,1,0,0,0,0,0,0,0,0,0
9774,exact,1,2,2,0,0,0,0,0,0,0,0,0
9775,near,8,13,11,1,1,1,1,1,1,1,1,1
9777,exact,9,44,15,2,2,2,2,2,2,2,2,2
9779,near,1,2,3,0,0,0,0,0,0,0,0,0
9780,near,6,8,2,0,0,0,0,0,0,0,0,0
9781,exact,5,6,3,0,0,0,0,0,0,0,0,0
9782,near,2,3,2,0,0,0,0,0,0,0,0,0
9783,exact,0,1,4,0,0,0,0,0,0,0,0,0
9784,near,9,40,18,1,0,0,0,0,0,0,1,1
9785,near,8,15,5,0,0,0,0,0,0,0,0,0
9788,near,1,2,1,0,0,0,0,0,0,0,0,0
9789,exact,8,15,3,0,0,0,0,0,0,0,0,0
9790,near,0,1,3,0,0,0,0,0,0,0,0,0
9792,exact,7,11,4,0,0,0,0,0,0,0,0,0
9793,exact,1,2,2,0,0,0,0,0,0,0,0,0
9795,exact,9,30,9,0,0,0,0,0,0,0,0,1
9796,exact,7,10,7,0,0,0,0,0,0,0,0,0
9797,exact,6,7,3,0,0,0,0,0,0,0,0,0
9798,exact,1,2,1,0,0,0,0,0,0,0,0,0
9802,exact,3,4,1,0,0,0,0,0,0,0,0,0
9803,exact,6,8,2,0,0,0,0,0,0,0,0,0
9804,far,8,19,8,1,1,0,0,0,0,0,0,0
9805,exact,2,3,1,0,0,0,0,0,0,0,0,0
9807,exact,9,27,3,0,0,0,0,0,0,0,1,0
9808,exact,8,20,5,0,0,0,0,0,0,0,0,0
9809,exact,7,9,3,0,0,0,0,0,0,0,0,0
9810,exact,0,1,3,0,0,0,0,0,0,0,0,0
9811,near,2,3,2,0,0,0,0,0,0,0,0,0
9812,exact,7,11,5,0,0,0,0,0,0,0,0,0
9813,near,7,12,2,0,0,0,0,0,0,0,0,0
9814,exact,2,3,4,0,0,0,0,0,0,0,0,0
9815,near,7,9,2,0,0,0,0,0,0,0,0,0
9816,far,2,3,1,0,0,0,0,0,0,0,0,0
9817,exact,3,4,1,0,0,0,0,0,0,0,0,0
9818,exact,2,3,3,0,0,0,0,0,0,0,0,0
9819,near,2,3,1,0,0,0,0,0,0,0,0,0
9820,far,2,3,1,0,0,0,0,0,0,0,0,0
9822,near,2,3,2,0,0,0,0,0,0,0,0,0
9823,near,7,12,5,1,1,2,0,1,1,1,1,1
9824,far,8,18,9,0,0,0,0,0,0,0,0,0
9825,exact,5,5,2,0,0,0,0,0,0,0,0,0
9826,near,2,3,2,0,0,0,0,0,0,0,0,0
9827,exact,7,9,4,0,0,0,0,0,0,0,0,0
9828,near,1,2,2,0,0,0,0,0,0,0,0,0
9829,near,6,7,3,0,0,0,0,0,0,0,0,0
9831,exact,1,2,1,0,0,0,0,0,0,0,0,0
9832,exact,5,6,1,0,0,0,0,0,0,0,0,0
9833,exact,8,17,3,0,0,0,0,0,0,0,0,0
9834,exact,9,56,17,2,2,0,3,1,2,1,1,1
9835,near,2,3,2,0,0,0,0,0,0,0,0,0
9836,near,9,29,10,1,0,0,1,0,0,0,0,0
9837,exact,2,3,1,0,0,0,0,0,0,0,0,0
9838,exact,7,12,1,0,0,0,0,0,0,0,0,0
9839,near,5,6,2,0,0,0,0,0,0,0,0,0
9840,far,5,6,4,0,0,0,0,0,0,0,0,0
9841,exact,1,2,1,0,0,0,0,0,0,0,0,0
9842,near,9,35,8,1,0,0,0,0,0,0,0,0
9845,near,1,2,3,0,0,0,0,0,0,0,0,0
9847,near,5,5,1,0,0,0,0,0,0,0,0,0
9848,near,9,41,15,0,0,0,0,0,0,0,0,0
9849,near,8,16,3,0,0,0,0,0,0,0,0,0
9850,exact,6,7,2,0,0,0,0,0,0,0,0,0
9851,exact,8,15,5,0,0,0,0,1,0,0,0,0
9853,exact,1,2,2,0,0,0,0,0,0,0,0,0
9854,exact,3,4,1,0,0,0,0,0,0,0,0,0
9855,near,6,8,2,0,0,0,0,0,0,0,0,0
9856,exact,7,11,2,0,0,0,0,0,0,0,0,0
9857,exact,7,12,4,0,0,0,0,0,0,0,0,0
9858,near,8,14,2,0,0,0,0,0,0,0,0,0
9859,near,9,32,19,1,0,0,1,0,0,0,0,0
9860,exact,5,5,5,0,0,0,0,0,0,0,0,0
9862,near,1,2,3,0,0,0,0,0,0,0,0,0
9863,far,7,9,7,0,0,0,0,0,0,0,0,0
9864,near,5,5,3,0,0,0,0,0,0,0,0,0
9865,exact,8,15,8,0,0,0,0,0,0,0,0,0
9866,exact,1,2,3,0,0,0,0,0,0,0,0,0
9868,far,0,1,1,0,0,0,0,0,0,0,0,0
9869,exact,5,6,4,0,0,0,0,0,0,0,0,0
9870,exact,8,16,8,0,0,0,0,0,0,0,0,0
9871,near,9,55,16,0,0,0,0,0,0,0,0,0
9872,exact,7,9,4,0,0,0,0,0,0,0,0,0
9874,near,8,14,5,0,0,0,0,0,0,0,0,0
9875,exact,2,3,3,0,0,0,0,0,0,0,0,0
9876,exact,5,6,4,0,0,0,0,0,0,0,0,0
9878,exact,7,10,3,0,0,0,0,0,0,0,0,0
9879,near,2,3,2,0,0,0,0,0,0,0,0,0
9880,near,5,6,1,0,0,0,0,0,0,0,0,0
9881,exact,2,3,2,0,0,0,0,0,0,0,0,0
9882,near,8,15,9,0,0,0,0,0,0,0,0,0
9883,near,9,42,21,3,3,4,3,2,3,2,3,2
9884,near,8,20,8,1,1,1,1,0,1,1,1,1
9885,near,7,9,1,0,0,0,0,0,0,0,0,0
9887,near,1,2,2,0,0,0,0,0,0,0,0,0
9888,exact,7,12,1,0,0,0,0,0,0,0,0,0
9889,near,8,17,5,0,0,0,0,0,0,0,0,0
9891,near,1,2,5,0,0,0,0,0,0,0,0,0
9893,near,2,3,3,0,0,0,0,0,0,0,0,0
9894,near,5,5,2,0,0,0,0,0,0,0,0,0
9895,exact,7,10,2,0,0,0,0,0,0,0,0,0
9896,near,2,3,2,0,0,0,0,0,0,0,0,0
9897,exact,7,10,9,0,0,0,0,0,0,0,0,0
9898,exact,2,3,2,0,0,0,0,0,0,0,0,0
9899,exact,6,8,5,0,0,0,0,0,0,0,0,0
9901,near,9,28,14,0,0,0,0,1,0,0,0,0
9902,exact,8,20,4,3,2,3,2,2,2,1,3,2
9903,exact,5,6,3,0,0,0,0,0,0,0,0,0
9904,exact,5,6,1,0,0,0,0,0,0,0,0,0
9905,near,9,26,6,0,0,0,0,0,0,0,0,0
9906,exact,8,19,6,0,0,0,0,0,0,0,0,0
9907,exact,1,2,3,0,0,0,0,0,0,0,0,0
9909,near,3,4,3,0,0,0,0,0,0,0,0,0
9910,near,9,68,20,2,4,2,2,3,2,1,3,1
9911,exact,3,4,1,0,0,0,0,0,0,0,0,0
9912,exact,8,14,5,0,0,0,0,0,0,0,0,0
9913,near,1,2,2,0,0,0,0,0,0,0,0,0
9915,near,7,9,4,0,0,0,0,0,0,0,0,0
9916,exact,2,3,3,0,0,0,0,0,0,0,0,0
9917,near,2,3,1,0,0,0,0,0,0,0,0,0
9918,exact,5,5,1,0,0,0,0,0,0,0,0,0
9919,near,9,46,18,0,0,0,0,0,1,0,0,0
9920,near,5,5,2,0,0,0,0,0,0,0,0,0
9921,exact,0,0,4,0,0,0,0,0,0,0,0,0
9922,near,1,2,1,0,0,0,0,0,0,0,0,0
9924,near,5,6,5,1,1,1,1,1,1,1,1,1
9925,near,7,10,3,0,1,0,0,1,1,0,1,0
9926,exact,9,22,8,0,0,0,1,1,0,0,0,1
9927,exact,7,11,5,0,0,0,0,0,0,0,0,0
9928,exact,5,5,1,0,0,0,0,0,0,0,0,0
9929,near,2,3,1,0,0,0,0,0,0,0,0,0
9931,exact,9,71,31,1,1,1,2,3,5,3,2,2
9933,exact,7,9,1,0,0,0,0,0,0,0,0,0
9934,near,3,4,1,0,0,0,0,0,0,0,0,0
9935,exact,7,10,2,0,1,0,0,1,1,0,1,0
9936,exact,8,15,3,0,0,0,0,0,0,0,0,0
9937,exact,1,2,2,0,0,0,0,0,0,0,0,0
9938,exact,5,6,3,0,0,0,0,0,0,0,0,0
9940,near,9,30,5,0,1,0,1,1,1,0,1,0
9941,exact,3,4,1,0,0,0,0,0,0,0,0,0
9942,exact,2,3,2,0,0,0,0,0,0,0,0,0
9945,near,5,5,5,0,0,0,0,0,0,0,0,0
9946,near,7,9,2,0,0,0,0,0,0,0,0,0
9947,near,6,7,5,0,0,0,0,0,0,0,0,0
9948,near,9,38,21,1,0,1,1,1,1,1,2,2
9949,near,8,15,8,0,0,0,0,0,0,0,0,0
9951,near,2,3,1,1,1,1,0,1,1,1,1,1
9953,exact,7,12,3,0,0,0,0,0,0,0,0,0
9955,exact,2,3,3,0,0,0,0,0,0,0,0,0
9956,exact,7,10,2,0,0,0,0,0,0,0,0,0
9957,exact,8,15,11,1,1,1,1,0,1,1,1,1
9958,far,6,8,4,0,0,0,0,0,0,0,0,0
9959,exact,1,2,3,0,0,0,0,0,0,0,0,0
9960,far,1,2,3,0,0,0,0,0,0,0,0,0
9961,near,6,7,3,0,0,0,0,0,0,0,0,0
9962,near,5,6,3,0,0,0,0,0,0,0,0,0
9963,near,7,11,3,0,0,0,0,0,0,0,0,0
9964,near,3,4,1,0,0,0,0,0,0,0,0,0
9965,exact,6,7,5,0,1,0,0,1,0,0,0,0
9966,near,9,33,13,1,0,0,0,0,0,1,0,0
9967,near,8,19,11,0,0,1,0,0,0,0,0,0
9968,exact,7,9,4,1,0,1,0,0,0,1,0,1
9969,far,5,5,1,1,1,1,1,0,1,0,1,1
9970,near,1,2,1,0,0,0,0,0,0,0,0,0
9971,exact,3,4,1,0,0,0,0,0,0,0,0,0
9972,far,9,114,27,3,1,1,0,3,0,2,2,2
9973,near,5,6,3,0,0,0,0,0,0,0,0,0
9975,near,1,2,1,0,0,0,0,0,0,0,0,0
9976,near,1,2,3,0,0,0,0,0,0,0,0,0
9977,exact,9,33,4,0,0,0,1,0,0,0,0,0
9978,near,5,5,3,0,0,0,0,0,0,0,0,0
9980,exact,8,19,9,0,0,0,0,0,0,0,0,0
9981,exact,7,11,4,0,0,0,0,0,0,0,0,0
9982,exact,6,7,5,2,2,2,2,2,2,2,2,2
9983,exact,7,9,1,0,0,0,0,0,0,0,0,0
9984,near,0,1,3,0,0,0,0,0,0,0,0,0
9985,near,2,3,2,0,0,0,0,0,0,0,0,0
9986,near,3,4,5,0,0,0,0,0,1,0,0,0
9987,exact,7,10,9,0,0,0,0,1,0,0,0,0
9988,exact,3,4,1,0,0,0,0,0,0,0,0,0
9989,near,5,6,7,0,0,0,0,0,0,0,0,0
9990,exact,1,2,1,0,0,0,0,0,0,0,0,0
9991,far,7,11,2,0,0,0,0,0,0,0,0,0
9992,exact,7,10,3,0,0,0,0,0,0,0,0,0
9994,near,9,22,5,0,0,0,1,0,0,0,0,0
9997,near,7,9,3,0,0,0,0,0,0,0,0,0
9998,exact,5,5,1,0,0,0,0,0,0,0,0,0
10000,exact,6,7,4,0,0,0,0,0,0,0,0,0
10001,exact,3,4,1,0,0,0,0,0,0,0,0,0
10003,exact,5,6,1,0,0,0,0,0,0,0,0,0
10004,exact,2,3,2,0,0,0,0,0,0,0,0,0
10005,near,2,3,4,0,0,0,0,0,0,0,0,0
10006,exact,7,10,3,0,0,0,0,0,0,0,0,0
10007,near,8,13,3,0,0,0,0,0,0,0,0,0
10010,near,1,2,2,0,0,0,0,0,0,0,0,0
10011,near,8,17,9,1,0,0,0,0,1,0,0,0
10012,near,5,6,2,1,1,1,1,1,1,1,1,1
10013,far,9,68,39,0,2,0,0,2,2,1,2,0
10014,exact,6,8,4,0,0,0,0,0,0,0,0,0
10015,exact,2,3,1,0,0,0,0,0,0,0,0,0
10016,exact,8,17,7,0,0,0,0,0,0,0,0,0
10017,exact,6,7,2,0,0,0,0,0,0,0,0,0
10018,far,9,33,10,0,0,0,0,0,0,0,0,0
10019,exact,2,3,1,0,0,0,0,0,0,0,0,0
10020,exact,5,6,1,0,0,0,0,0,0,0,0,0
10021,far,5,6,2,0,0,0,0,0,0,0,0,0
10022,near,2,3,2,0,0,0,0,0,0,0,0,0
10023,near,3,4,1,0,0,0,0,0,0,0,0,0
10024,near,2,3,6,0,0,0,0,0,0,0,0,0
10025,exact,2,3,1,0,0,0,0,0,0,0,0,0
10026,near,0,1,4,0,0,0,0,0,0,0,0,0
10027,exact,0,1,2,0,0,0,0,0,0,0,0,0
10028,near,9,47,24,1,1,1,1,2,1,1,1,1
10029,exact,5,5,2,0,0,0,0,0,0,0,0,0
10030,exact,2,3,2,0,0,0,0,0,0,0,0,0
10031,far,9,29,16,0,0,0,0,0,0,0,1,0
10032,exact,8,14,3,0,0,0,0,0,0,0,0,0
10033,far,3,4,1,0,0,0,0,0,0,0,0,0
10034,far,5,5,1,0,0,0,0,0,0,0,0,0
10035,far,8,13,3,0,0,0,0,0,0,0,0,0
10036,far,2,3,5,0,0,0,0,0,0,0,0,0
10038,exact,9,55,16,2,2,1,3,2,1,3,3,1
10039,exact,5,6,3,0,0,0,0,0,0,0,0,0
10040,near,1,2,3,0,0,0,0,0,0,0,0,0
10041,exact,6,8,5,0,0,0,0,0,0,0,0,0
10042,exact,2,3,4,0,0,0,0,0,0,0,0,0
10043,near,7,11,2,0,0,0,0,0,0,0,0,0
10044,near,7,11,1,0,0,0,0,0,0,0,0,0
10045,far,5,5,5,0,0,0,0,0,0,0,0,0
10046,far,2,3,3,0,0,0,0,0,0,0,0,0
10047,exact,7,11,2,0,0,0,0,0,0,0,0,0
10048,exact,8,13,3,0,0,0,0,0,0,0,0,0
10049,exact,1,2,2,0,0,0,0,0,0,0,0,0
10050,exact,2,3,3,0,0,0,0,0,0,0,0,0
10052,near,1,2,3,0,0,0,0,0,0,0,0,0
10053,exact,9,29,19,1,2,2,2,2,2,1,2,2
10054,near,8,16,11,0,0,0,0,0,0,0,0,0
10055,far,2,3,2,0,0,0,0,0,0,0,0,0
10056,exact,2,3,1,0,0,0,0,0,0,0,0,0
10057,exact,7,11,2,0,0,0,0,0,0,0,0,0
10058,far,3,4,3,0,0,0,0,0,0,0,0,0
10059,exact,7,9,9,0,0,0,0,0,0,0,0,0
10060,exact,2,3,3,0,0,0,0,0,0,0,0,0
10061,near,9,72,25,3,1,2,7,0,3,1,0,2
10062,far,9,25,8,2,2,1,2,2,1,1,2,1
10064,near,3,4,2,0,0,0,0,0,0,0,0,0
10065,exact,1,2,2,0,0,0,0,0,0,0,0,0
10066,exact,3,4,2,0,0,0,0,0,0,0,0,0
10067,exact,8,18,8,0,0,0,0,0,0,0,0,0
10068,exact,0,1,2,0,0,0,0,0,0,0,0,0
10069,exact,6,8,6,0,0,0,0,0,0,0,0,0
10070,exact,7,10,4,0,0,0,0,0,0,0,0,0
10071,near,1,2,1,0,0,0,0,0,0,0,0,0
10072,far,9,72,27,2,2,0,0,0,0,1,1,0
10073,exact,2,3,1,0,0,0,0,0,0,0,0,0
10074,exact,2,3,1,0,0,0,0,0,0,0,0,0
10075,near,9,64,13,3,4,3,3,4,2,2,3,2
10076,near,8,17,6,0,0,0,0,0,0,0,0,0
10077,exact,2,3,1,0,0,0,0,0,0,0,0,0
10078,near,9,38,23,1,1,0,3,1,0,1,0,1
10079,exact,7,10,2,0,0,0,0,0,0,0,0,0
10080,exact,1,2,4,0,0,0,0,0,0,0,0,0
10081,exact,6,7,1,0,0,0,0,0,0,0,0,0
10082,near,6,8,7,0,0,0,0,0,0,0,0,0
10083,exact,2,3,3,0,0,0,0,0,0,0,0,0
10084,far,9,30,28,0,0,0,0,0,0,0,0,0
10086,near,9,25,9,1,1,1,1,1,1,1,1,1
10087,exact,9,50,16,0,0,1,1,0,1,0,0,0
10088,exact,2,3,3,0,0,0,0,0,0,0,0,0
10090,exact,5,6,5,0,0,0,0,0,0,1,0,0
10091,exact,5,5,4,0,0,0,0,0,0,0,0,0
10092,exact,9,28,8,0,0,0,0,0,0,0,0,0
10093,exact,1,2,3,0,0,0,0,0,0,0,0,0
10094,near,5,5,1,1,0,1,1,0,1,1,0,1
10095,exact,8,15,3,0,0,0,0,0,0,0,0,0
10096,near,0,1,2,0,0,0,0,0,0,0,0,0
10098,near,7,9,2,1,1,1,1,1,1,1,1,1
10099,exact,1,2,2,0,0,0,0,0,0,0,0,0
10100,exact,1,2,4,0,0,0,0,0,0,0,0,0
10101,exact,1,2,2,0,0,0,0,0,0,0,0,0
10102,near,7,12,3,0,0,0,0,0,0,0,0,0
10103,near,0,1,1,0,0,0,0,0,0,0,0,0
10104,near,8,20,8,0,0,0,0,0,0,0,0,0
10105,far,1,2,1,0,0,0,0,0,0,0,0,0
10106,exact,6,7,2,0,0,0,0,0,0,0,0,0
10107,near,8,14,5,2,1,2,2,2,2,2,2,2
10108,near,5,5,2,0,0,0,0,0,0,0,0,0
10109,exact,3,4,1,0,0,0,0,0,0,0,0,0
10110,exact,8,20,10,1,1,1,1,1,1,1,1,1
10111,exact,9,30,11,0,0,0,0,0,0,0,0,0
10112,exact,6,8,1,0,0,0,0,0,0,0,0,0
10113,exact,9,79,18,0,4,6,3,3,5,0,2,6
10114,near,5,6,3,0,0,0,0,0,0,0,0,0
10115,far,8,18,1,1,1,0,0,1,1,1,1,1
10116,near,5,6,1,0,0,0,0,1,0,0,0,0
10118,exact,9,44,16,1,0,0,0,0,0,1,0,0
10119,exact,9,109,39,3,1,4,4,0,2,3,0,2
10120,near,7,12,3,0,0,0,0,0,0,0,0,0
10121,exact,5,6,2,0,0,0,0,0,0,0,0,0
10122,exact,6,7,5,0,0,0,0,0,0,0,0,0
10124,near,5,6,2,0,0,0,0,0,0,0,0,0
10125,exact,1,2,2,0,0,0,0,0,0,0,0,0
10126,near,9,72,28,0,1,0,0,2,0,1,2,0
10127,near,2,3,1,0,0,0,0,0,0,0,0,0
10128,exact,7,10,2,0,0,0,0,0,0,0,0,0
10130,exact,3,4,2,0,0,0,0,0,0,0,0,0
10131,near,5,5,2,0,0,0,0,0,0,0,0,0
10132,far,8,17,6,0,0,0,0,0,0,0,0,0
10133,near,8,17,10,0,0,0,0,0,0,0,0,0
10134,exact,2,3,1,0,0,0,0,0,0,0,0,0
10135,near,9,53,23,0,0,2,0,2,2,0,0,1
10137,far,7,10,5,0,0,0,0,0,0,0,0,0
10138,far,9,40,19,0,0,1,0,0,0,0,0,0
10139,near,6,7,2,0,0,0,0,0,0,0,0,0
10140,near,5,6,1,0,0,0,0,0,0,0,0,0
10141,near,9,110,47,4,4,2,5,4,2,5,4,3
10142,near,8,13,9,1,0,0,1,0,0,1,0,0
10143,near,6,7,6,0,0,0,0,0,0,0,0,0
10144,near,2,3,1,0,0,0,0,0,0,0,0,0
10145,exact,8,14,7,0,0,0,0,0,0,0,0,0
10146,far,1,2,1,0,0,0,0,0,0,0,0,0
10147,exact,9,32,10,2,0,3,1,0,2,2,0,1
10148,near,5,6,3,0,0,0,0,0,0,0,0,0
10149,near,1,2,2,0,0,0,0,0,0,0,0,0
10150,exact,1,2,2,0,0,0,0,0,0,0,0,0
10151,near,3,4,1,0,0,0,0,0,0,0,0,0
10152,exact,9,61,8,1,5,1,1,5,3,1,4,3
10153,near,2,3,1,0,0,0,0,0,0,0,0,0
10155,exact,3,4,6,0,0,0,0,0,0,0,0,0
10156,exact,5,6,5,0,0,0,0,0,0,0,0,0
10157,exact,9,36,8,0,0,0,0,0,0,0,0,0
10158,near,8,15,2,0,0,0,0,0,0,0,0,0
10159,near,1,2,2,0,0,0,0,0,0,0,0,0
10160,far,7,10,1,0,0,0,0,0,0,0,0,0
10162,exact,2,3,1,0,0,0,0,0,0,0,0,0
10163,exact,2,3,2,0,0,0,0,0,0,0,0,0
10165,exact,6,8,5,0,1,1,0,1,1,0,0,1
10166,exact,5,5,6,0,0,0,0,0,0,0,0,0
10167,exact,7,10,6,0,0,0,0,0,0,0,0,0
10168,exact,5,6,3,0,0,0,0,0,0,0,0,0
10169,near,7,10,4,0,0,0,0,0,0,0,0,0
10170,near,5,6,2,0,0,0,0,0,0,0,0,0
10172,near,3,4,2,0,0,0,0,0,0,0,0,0
10173,near,7,10,2,0,0,0,0,0,0,0,0,0
10174,exact,8,15,7,0,1,0,0,1,0,0,0,0
10175,exact,9,25,7,0,0,0,0,0,0,0,0,0
10176,exact,3,4,1,0,0,0,0,0,0,0,0,0
10177,exact,3,4,1,0,0,0,0,0,0,0,0,0
10178,exact,1,2,2,0,0,0,0,0,0,0,0,0
10179,far,9,62,13,0,0,1,0,2,0,0,0,0
10180,exact,1,2,3,0,0,0,0,0,0,0,0,0
10181,near,3,4,1,0,0,0,0,0,0,0,0,0
10182,exact,1,2,1,0,0,0,0,0,0,0,0,0
10184,near,5,5,6,0,0,0,0,0,0,0,0,0
10185,exact,9,23,19,0,0,0,0,0,0,0,0,0
10186,exact,3,4,3,1,0,0,1,0,0,1,0,0
10187,exact,7,10,7,0,0,0,0,0,0,0,0,0
10188,exact,1,2,2,0,0,0,0,0,0,0,0,0
10189,exact,8,18,12,0,0,0,0,0,0,0,0,0
10190,near,5,5,4,0,0,0,0,0,0,0,0,0
10191,exact,9,40,18,0,0,1,1,0,1,0,2,0
10192,exact,6,8,2,0,0,0,0,0,0,0,0,0
10193,exact,5,6,3,0,0,0,0,0,0,0,0,0
10194,near,5,6,2,0,0,0,0,0,0,0,0,0
10195,exact,5,6,2,0,0,0,0,0,0,0,0,0
10197,near,3,4,1,0,0,0,0,0,0,0,0,0
10198,near,1,2,1,0,0,0,0,0,0,0,0,0
10199,far,3,4,2,0,0,0,0,0,0,0,0,0
10200,exact,5,6,1,0,0,0,0,0,0,0,0,0
10201,near,8,21,9,0,0,0,0,0,0,0,0,0
10204,exact,1,2,1,0,0,0,0,0,0,0,0,0
10205,exact,9,24,8,0,0,0,0,0,0,0,0,0
10206,far,8,15,11,1,1,1,1,1,1,0,1,1
10207,near,6,8,2,0,0,0,0,0,0,0,0,0
10208,exact,2,3,1,0,0,0,0,0,0,0,0,0
10210,far,1,2,3,0,0,0,0,0,0,0,0,0
10211,exact,2,3,1,0,0,0,0,0,0,0,0,0
10212,exact,5,5,1,0,0,0,0,0,0,0,0,0
10213,exact,7,11,9,0,0,0,0,0,0,0,0,0
10214,near,6,7,7,0,0,0,0,0,0,0,0,0
10215,exact,3,4,2,0,0,0,0,0,0,0,0,0
10216,exact,5,5,1,0,0,0,0,0,0,0,0,0
10217,exact,3,4,1,0,0,0,0,0,0,0,0,0
10218,near,3,4,1,0,0,0,0,0,0,0,0,0
10219,exact,5,5,3,0,0,0,0,0,0,0,0,0
10220,exact,0,1,1,0,0,0,0,0,0,0,0,0
10221,exact,1,2,3,0,0,0,0,0,0,0,0,0
10222,exact,8,15,5,2,1,1,2,1,1,2,0,1
10223,near,0,1,2,0,0,0,0,0,0,0,0,0
10224,far,7,10,4,0,0,0,0,0,0,0,0,0
10225,exact,8,13,3,0,0,0,0,0,0,0,0,0
10226,exact,9,57,28,1,0,1,2,1,2,1,0,1
10227,exact,7,9,1,0,0,0,0,0,0,0,0,0
10228,far,9,34,4,0,0,0,0,0,0,0,0,0
10230,exact,3,4,1,0,0,0,0,0,0,0,0,0
10231,exact,2,3,1,0,0,0,0,0,0,0,0,0
10232,exact,8,14,4,0,0,0,0,0,0,0,0,0
10234,exact,5,5,3,0,0,0,0,0,0,0,0,0
10235,near,0,1,3,0,0,0,0,0,0,0,0,0
10236,near,6,8,2,0,0,0,0,0,0,0,0,0
10237,near,5,6,1,0,0,0,0,0,0,0,0,0
10238,exact,9,57,14,0,1,1,0,1,1,0,0,1
10239,near,3,4,1,0,0,0,0,0,0,0,0,0
10242,near,2,3,1,0,0,0,0,0,0,0,0,0
10243,exact,7,9,2,0,0,0,0,0,0,0,0,0
10244,exact,8,16,5,1,1,0,1,1,0,1,0,0
10245,near,8,16,6,0,0,0,0,0,0,0,0,0
10247,near,7,9,5,0,0,0,0,0,0,0,0,0
10248,exact,0,0,4,0,0,0,0,0,0,0,0,0
10249,exact,8,16,6,0,0,0,0,0,0,0,0,0
10250,exact,3,4,4,0,0,0,0,0,0,0,0,0
10252,exact,0,1,5,0,0,0,0,0,0,0,0,0
10253,near,5,6,4,0,0,0,0,0,0,0,0,0
10254,near,5,6,1,0,0,0,0,0,0,0,0,0
10255,exact,7,9,7,0,0,0,0,0,0,0,0,0
10256,exact,1,2,2,0,0,0,0,0,0,0,0,0
10257,near,7,9,5,0,0,0,0,0,0,0,0,0
10258,near,9,25,8,0,0,0,0,0,0,0,0,0
10259,near,5,5,4,0,0,0,0,0,0,0,0,0
10260,exact,2,3,1,0,0,0,0,0,0,0,0,0
10261,near,8,16,1,0,0,0,0,0,0,0,0,0
10262,exact,2,3,4,0,0,0,0,0,0,0,0,0
10263,near,9,28,14,0,0,0,0,0,0,0,0,0
10264,exact,3,4,3,0,0,0,0,0,0,0,0,0
10265,far,0,1,1,0,0,0,0,0,0,0,0,0
10266,exact,9,23,10,0,1,0,0,2,1,0,0,0
10267,near,2,3,1,0,0,0,0,0,0,0,0,0
10268,exact,8,15,8,0,0,0,0,0,0,0,0,0
10271,near,6,8,7,0,0,0,0,0,0,0,0,0
10272,near,3,4,2,0,0,0,0,0,0,0,0,0
10273,exact,7,9,4,0,0,0,0,0,0,0,0,0
10274,exact,8,20,11,0,0,0,1,0,1,0,0,0
10275,exact,6,7,2,0,0,0,0,0,0,0,0,0
10276,near,1,2,2,0,0,0,0,0,0,0,0,0
10278,near,8,14,6,1,1,1,1,1,1,1,1,1
10279,far,0,1,5,0,0,0,0,0,0,0,0,0
10280,exact,3,4,1,0,0,0,0,0,0,0,0,0
10281,near,6,7,1,0,0,0,0,0,0,0,0,0
10282,near,9,34,12,1,1,1,1,0,1,1,1,1
10283,near,6,7,1,0,0,0,0,0,0,0,0,0
10286,exact,8,20,6,0,0,0,0,0,0,0,0,0
10287,near,1,2,2,0,0,0,0,0,0,0,0,0
10288,exact,9,33,7,0,0,1,0,2,1,0,0,1
10290,exact,5,5,1,0,0,0,0,0,0,0,0,0
10291,far,9,25,8,4,4,2,2,3,3,2,4,2
10292,near,8,13,4,0,0,0,0,0,0,0,0,0
10293,near,6,8,4,0,0,0,0,0,0,0,0,0
10294,exact,1,2,3,0,0,0,0,0,0,0,0,0
10295,near,8,15,5,0,0,0,0,0,0,0,0,0
10297,near,9,34,10,1,0,0,1,0,0,0,0,0
10298,near,8,21,4,0,0,0,0,0,0,0,0,0
10299,near,9,30,8,4,4,4,4,4,4,4,4,4
10300,exact,6,7,1,0,0,0,0,0,0,0,0,0
10303,exact,7,9,4,0,0,0,0,0,0,0,0,0
10304,exact,9,37,10,0,0,0,0,0,0,0,0,0
10305,exact,1,2,2,0,0,0,0,0,0,0,0,0
10306,exact,2,3,1,0,0,0,0,0,0,0,0,0
10309,exact,8,14,2,0,0,0,0,0,0,0,0,0
10310,exact,2,3,1,0,0,0,0,0,0,0,0,0
10312,near,3,4,1,0,0,0,0,0,0,0,0,0
10313,near,6,8,2,0,0,0,0,0,0,0,0,0
10314,near,1,2,1,0,0,0,0,0,0,0,0,0
10315,far,6,7,3,0,0,0,0,0,0,0,0,0
10316,near,3,4,1,0,0,0,0,0,0,0,0,0
10317,near,6,8,5,0,0,0,0,0,0,0,0,0
10318,near,9,33,14,0,0,0,0,0,0,0,0,0
10320,near,1,2,3,0,0,0,0,0,0,0,0,0
10321,exact,8,16,16,0,0,0,0,0,0,0,0,0
10322,near,7,11,2,0,0,0,0,0,0,0,0,0
10323,exact,9,56,23,0,0,0,0,1,0,1,1,1
10324,far,7,9,1,0,0,0,0,0,0,0,0,0
10325,near,2,3,1,0,0,0,0,0,0,0,0,0
10326,exact,6,7,1,0,0,0,0,0,0,0,0,0
10327,near,8,17,5,0,0,0,0,0,1,0,0,0
10328,near,2,3,2,0,0,0,0,0,0,0,0,0
10329,exact,6,7,2,0,0,0,0,0,0,0,0,0
10330,exact,7,11,3,0,0,0,0,0,0,0,0,0
10331,exact,3,4,1,0,0,0,0,0,0,0,0,0
10332,near,6,8,5,0,0,0,0,0,0,0,0,0
10333,far,7,11,4,0,0,0,0,0,0,0,0,0
10334,near,9,107,37,5,3,4,5,4,4,3,4,4
10335,near,7,9,1,0,1,0,0,1,0,0,1,0
10336,near,7,9,7,0,0,0,0,0,0,0,0,0
10337,near,6,8,2,0,0,0,0,0,0,0,0,0
10338,exact,6,8,4,2,0,1,2,0,1,2,0,1
10339,exact,2,3,2,0,0,0,0,0,0,0,0,0
10340,far,3,4,5,0,0,0,0,0,0,0,0,0
10343,exact,9,87,34,0,0,2,2,1,1,1,0,2
10344,exact,8,14,6,0,0,0,0,0,0,0,0,0
10345,exact,9,30,11,1,0,0,1,1,0,0,1,0
10346,near,6,8,9,0,0,0,0,0,0,0,0,0
10347,exact,9,34,13,2,1,2,2,2,2,2,2,2
10349,exact,9,27,10,0,1,1,0,1,1,1,1,0
10350,far,6,8,2,0,0,0,0,0,0,0,0,0
10351,near,7,11,3,0,0,0,0,0,0,0,0,0
10352,exact,0,1,1,0,0,0,0,0,0,0,0,0
10354,exact,1,2,3,0,0,0,0,0,0,0,0,0
10355,near,2,3,1,0,0,0,0,0,0,0,0,0
10356,exact,9,22,6,0,0,1,0,0,0,0,0,0
10357,exact,6,7,6,0,0,0,0,0,0,0,0,0
10358,near,2,3,2,0,0,0,0,0,0,0,0,0
10359,near,1,2,4,0,0,0,0,0,0,0,0,0
10360,exact,6,7,6,0,0,0,0,0,0,0,0,0
10361,near,8,18,5,0,0,0,0,0,0,0,0,0
10362,near,8,14,7,1,0,0,1,0,0,0,0,0
10363,exact,3,4,3,0,0,0,0,0,0,0,0,0
10364,exact,5,5,1,0,0,0,0,0,0,0,0,0
10365,far,3,4,1,0,0,0,0,0,0,0,0,0
10366,near,6,8,2,0,0,0,0,0,0,0,0,0
10367,exact,1,2,3,0,0,0,0,0,0,0,0,0
10368,exact,8,18,4,0,0,0,0,0,0,0,0,0
10369,near,8,17,6,0,0,0,0,0,0,0,0,0
10370,exact,7,10,3,0,0,0,0,0,0,0,0,0
10371,far,5,5,4,0,0,0,0,0,0,0,0,0
10372,near,3,4,1,0,0,0,0,0,0,0,0,0
10373,exact,9,39,21,4,2,0,2,1,0,2,1,2
10374,exact,0,0,1,0,0,0,0,0,0,0,0,0
10376,near,7,11,4,0,0,0,0,0,0,0,0,0
10377,near,1,2,5,0,0,0,0,0,0,0,0,0
10379,exact,1,2,1,0,0,0,0,0,0,0,0,0
10380,exact,2,3,2,1,0,0,0,1,0,0,1,0
10381,exact,8,15,8,0,0,0,0,0,0,0,0,0
10382,near,3,4,1,0,0,0,0,0,0,0,0,0
10383,near,8,19,3,0,0,0,0,0,0,0,0,0
10384,exact,5,5,3,0,0,0,0,0,0,0,0,0
10385,near,3,4,3,0,0,0,0,0,0,0,0,0
10386,exact,8,20,6,0,0,0,0,0,0,0,0,0
10387,exact,2,3,2,0,0,0,0,0,0,0,0,0
10388,exact,5,6,4,0,0,0,0,0,0,0,0,0
10389,near,9,25,14,0,0,1,0,2,1,0,1,0
10391,near,5,5,1,0,0,0,0,0,0,0,0,0
10392,exact,5,5,6,0,0,0,0,0,0,0,0,0
10393,near,6,7,2,0,0,0,0,0,0,0,0,0
10394,exact,3,4,2,0,0,0,0,0,0,0,0,0
10396,near,7,9,5,0,0,0,0,0,0,0,0,0
10397,near,2,3,2,0,0,0,0,0,0,0,0,0
10398,exact,2,3,3,0,0,0,0,0,0,0,0,0
10399,near,7,9,5,0,0,0,0,0,0,0,0,0
10400,far,8,13,6,0,0,0,0,0,0,0,0,0
10401,exact,9,54,35,3,1,1,2,1,2,0,1,1
10402,near,7,11,2,0,0,0,0,0,0,0,0,0
10403,exact,5,6,2,1,1,1,1,1,1,1,1,1
10404,exact,5,5,7,0,0,2,1,0,0,0,0,0
10405,exact,8,13,6,0,0,0,0,0,0,0,0,0
10406,near,8,20,9,0,0,0,0,1,0,0,0,0
10407,exact,2,3,2,0,0,0,0,0,0,0,0,0
10408,near,1,2,4,0,0,0,0,0,0,0,0,0
10409,near,6,8,3,0,0,0,0,0,0,0,0,0
10410,exact,2,3,3,0,0,0,0,0,0,0,0,0
10411,far,2,3,1,0,0,0,0,0,0,0,0,0
10412,exact,8,13,3,0,0,0,0,0,0,0,0,0
10413,near,1,2,2,0,0,0,0,0,0,0,0,0
10416,near,2,3,1,0,0,0,0,0,0,0,0,0
10417,near,5,6,2,0,0,0,0,0,0,0,0,0
10418,near,7,11,4,0,0,0,0,0,0,0,0,0
10419,near,5,6,1,0,0,0,0,0,0,0,0,0
10420,near,3,4,1,0,0,0,0,0,0,0,0,0
10422,exact,5,5,1,0,0,0,0,0,0,0,0,0
10423,far,1,2,2,0,0,0,0,0,0,0,0,0
10424,exact,5,5,5,0,0,0,0,0,0,0,0,0
10425,exact,8,14,5,0,0,0,0,0,0,0,0,0
10426,near,2,3,2,0,0,0,0,0,0,0,0,0
10427,near,2,3,5,0,0,0,0,0,0,0,0,0
10428,near,5,5,3,0,0,0,0,0,0,0,0,0
10429,exact,8,16,2,0,0,0,0,0,0,0,0,0
10430,exact,1,2,5,0,0,0,0,0,0,0,0,0
10431,exact,6,8,3,0,0,0,0,0,0,0,0,0
10432,exact,8,16,9,1,0,0,1,0,1,1,0,0
10433,far,2,3,3,0,0,0,0,0,0,0,0,0
10434,near,2,3,3,0,0,0,0,0,0,0,0,0
10435,exact,3,4,3,0,0,0,0,0,0,0,0,0
10436,near,8,13,4,0,0,0,0,0,0,0,0,0
10437,near,2,3,1,0,0,0,0,0,0,0,0,0
10438,exact,6,8,1,0,0,0,0,0,0,0,0,0
10439,near,5,5,1,0,0,0,0,0,0,0,0,0
10440,exact,2,3,3,0,0,0,0,0,0,0,0,0
10441,near,8,15,2,0,0,0,0,0,0,0,0,0
10442,exact,3,4,1,0,0,0,0,0,0,0,0,0
10443,near,7,10,2,0,0,0,0,0,0,0,0,0
10444,exact,0,1,2,0,0,0,0,0,0,0,0,0
10445,exact,6,8,4,0,0,0,0,0,0,0,0,0
10446,exact,5,6,1,0,0,0,0,0,0,0,0,0
10447,exact,7,10,3,0,0,0,0,0,0,0,0,0
10449,near,6,7,2,0,0,0,0,0,0,0,0,0
10450,near,0,0,2,0,0,0,0,0,0,0,0,0
10452,exact,6,7,3,0,0,0,0,0,0,0,0,0
10453,near,0,1,2,0,0,0,0,0,0,0,0,0
10455,exact,8,14,9,0,0,0,0,0,0,0,0,0
10456,near,6,7,3,0,0,0,0,0,0,0,0,0
10457,near,9,90,46,5,4,8,8,8,8,8,5,4
10458,near,6,7,6,0,1,1,1,1,1,0,1,1
10459,exact,7,10,6,0,0,0,0,0,0,0,0,0
10460,near,7,10,4,0,0,0,0,0,0,0,0,0
10461,exact,9,60,43,2,1,2,2,2,1,3,2,1
10462,exact,5,6,1,0,0,0,0,0,0,0,0,0
10463,exact,0,1,1,0,0,0,0,0,0,0,0,0
10464,near,7,10,3,0,0,0,0,0,0,0,0,0
10465,far,5,5,2,1,1,1,1,1,1,1,1,1
10466,near,8,18,4,0,0,0,0,0,0,0,0,0
10467,exact,5,5,1,0,0,0,0,0,0,0,0,0
10468,exact,8,17,13,0,0,0,0,0,0,0,0,0
10469,near,6,7,2,0,0,0,0,0,0,0,0,0
10470,exact,1,2,3,0,0,0,0,1,1,0,0,0
10471,exact,6,8,4,0,0,0,0,0,0,0,0,0
10472,exact,2,3,1,0,0,0,0,0,0,0,0,0
10473,exact,6,8,1,0,0,0,0,0,0,0,0,0
10474,near,7,10,4,0,0,0,0,0,0,0,0,0
10475,exact,9,26,10,0,0,0,0,0,0,0,0,0
10477,exact,2,3,3,0,0,0,0,0,0,0,0,0
10478,far,1,2,2,0,0,0,0,0,0,0,0,0
10479,near,9,22,3,0,0,0,0,0,0,0,0,0
10482,near,0,1,4,0,0,0,0,0,0,0,0,0
10483,exact,3,4,3,0,0,0,0,0,0,0,0,0
10484,exact,5,5,1,0,0,0,0,0,0,0,0,0
10485,near,2,3,4,0,0,0,0,2,0,0,0,0
10486,near,1,2,1,0,0,0,0,0,0,0,0,0
10487,near,2,3,1,0,0,0,0,0,0,0,0,0
10488,exact,8,15,12,0,0,1,0,0,0,0,0,0
10489,exact,3,4,3,0,0,0,0,0,0,0,0,0
10490,near,7,9,2,0,0,0,0,0,0,0,0,0
10491,near,5,5,3,0,0,0,0,0,0,0,0,0
10492,near,8,13,9,2,2,2,1,1,2,2,1,1
10493,exact,7,10,4,0,0,0,0,0,0,0,0,0
10494,far,6,7,3,0,0,0,0,0,0,0,0,0
10495,near,5,5,2,0,0,0,0,0,0,0,0,0
10496,near,1,2,2,0,0,0,0,0,0,0,0,0
10497,far,5,6,3,0,0,0,0,0,0,0,0,0
10498,near,8,18,5,0,0,0,0,0,0,0,0,0
10499,exact,9,75,25,1,1,3,2,1,3,2,2,2
10500,far,3,4,3,0,0,0,0,0,0,0,0,0
10501,near,7,11,1,0,0,0,0,0,0,0,0,0
10502,exact,1,2,1,0,0,0,0,0,0,0,0,0
10503,near,1,2,2,0,0,0,0,0,0,0,0,0
10504,near,3,4,2,0,0,0,0,0,0,0,0,0
10505,near,8,16,6,0,0,0,0,0,0,0,0,0
10506,near,9,26,7,1,1,1,1,2,1,1,1,1
10507,exact,7,10,1,0,0,0,0,0,0,0,0,0
10508,near,5,5,1,0,0,0,0,0,0,0,0,0
10509,near,2,3,3,0,0,0,0,0,0,0,0,0
10510,exact,9,86,36,2,1,2,5,7,6,3,2,3
10511,exact,1,2,4,0,0,0,0,0,0,0,0,0
10512,near,9,24,10,0,0,0,0,0,0,0,0,0
10513,near,2,3,2,0,0,0,0,0,0,0,0,0
10514,near,8,15,11,0,0,0,0,0,0,0,0,0
10516,far,6,8,3,0,0,0,0,0,0,0,0,0
10517,near,1,2,2,0,0,0,0,0,0,0,0,0
10518,exact,5,6,1,0,0,0,0,0,0,0,0,0
10519,near,6,7,1,0,0,0,0,0,0,0,0,0
10521,far,5,5,5,0,0,0,0,0,0,0,0,0
10522,near,8,15,5,0,0,0,0,0,0,0,0,0
10523,exact,3,4,3,0,0,0,0,0,0,0,0,0
10524,near,3,4,1,0,0,0,0,0,0,0,0,0
10525,exact,3,4,4,0,0,0,0,0,0,0,0,0
10526,far,9,115,55,4,5,3,4,8,3,4,6,1
10527,exact,9,37,16,0,0,0,0,0,0,0,0,0
10528,near,3,4,2,0,0,0,0,0,0,0,0,0
10529,near,5,6,2,0,0,0,0,0,0,0,0,0
10530,near,2,3,1,0,0,0,0,0,0,0,0,0
10531,near,7,12,4,0,0,0,0,0,0,0,0,0
10532,exact,1,2,2,0,0,0,0,0,0,0,0,0
10534,exact,3,4,1,0,0,0,0,0,0,0,0,0
10535,exact,7,10,3,0,0,0,0,0,0,0,0,0
10536,near,3,4,2,0,0,0,0,0,0,0,0,0
10537,exact,5,6,4,0,0,0,0,0,0,0,0,0
10538,exact,5,6,1,0,0,0,0,0,0,0,0,0
10539,exact,8,20,13,0,0,0,0,0,0,0,0,0
10540,exact,5,5,4,0,0,0,0,0,0,0,0,0
10541,near,7,9,4,0,0,0,0,0,0,0,0,0
10542,exact,3,4,1,0,0,0,0,0,0,0,0,0
10543,near,8,13,3,0,0,0,0,0,0,0,0,0
10544,near,0,0,2,0,0,0,0,0,0,0,0,0
10546,exact,5,5,1,0,0,0,0,0,0,0,0,0
10547,near,2,3,2,0,0,0,0,0,0,0,0,0
10548,far,6,7,7,0,0,0,0,0,0,0,0,0
10549,near,3,4,1,0,0,0,0,0,0,0,0,0
10550,near,3,4,2,0,0,0,0,0,0,0,0,0
10551,exact,3,4,1,0,0,0,0,0,0,0,0,0
10552,exact,2,3,1,0,0,0,0,0,0,0,0,0
10553,far,5,5,1,0,0,0,0,0,0,0,0,0
10555,near,1,2,2,0,0,0,0,0,0,0,0,0
10556,exact,5,5,1,0,0,0,0,0,0,0,0,0
10557,exact,2,3,1,0,0,0,0,0,0,0,0,0
10558,far,2,3,3,0,0,0,0,0,0,0,0,0
10559,far,5,5,2,0,0,0,0,0,0,0,0,0
10560,exact,6,8,4,0,0,0,0,0,0,0,0,0
10561,exact,1,2,5,0,0,0,0,0,0,0,0,0
10562,exact,3,4,1,0,0,0,0,0,0,0,0,0
10563,exact,8,20,4,0,2,0,0,1,1,0,0,1
10564,near,7,10,5,0,0,0,0,0,0,0,0,0
10565,near,8,17,4,0,0,0,0,0,0,0,0,0
10566,near,8,16,5,0,0,0,0,0,0,0,0,0
10567,exact,2,3,6,0,0,0,0,0,0,0,0,0
10568,exact,3,4,1,0,0,0,0,0,0,0,0,0
10570,exact,2,3,9,0,1,1,1,0,1,0,0,1
10571,near,7,12,5,0,0,0,0,0,0,0,0,0
10572,exact,5,5,1,0,0,0,0,0,0,0,0,0
10573,exact,1,2,1,0,0,0,0,0,0,0,0,0
10574,far,6,8,2,0,0,0,0,0,0,0,0,0
10575,exact,9,22,17,0,0,0,0,0,0,0,0,0
10576,exact,6,8,2,0,0,0,0,0,0,0,0,0
10577,near,2,3,2,0,0,0,0,0,0,0,0,0
10578,near,9,26,11,1,1,2,1,1,2,1,1,2
10579,near,8,13,11,0,0,0,0,0,0,0,0,0
10580,near,7,10,1,0,0,0,0,0,0,0,0,0
10581,exact,6,7,1,0,0,0,0,0,0,0,0,0
10582,near,3,4,1,0,0,0,0,0,0,0,0,0
10583,exact,5,6,1,0,0,0,0,0,0,0,0,0
10584,near,3,4,4,0,0,0,0,0,0,0,0,0
10585,near,0,1,3,0,0,0,0,0,0,0,0,0
10586,near,2,3,2,0,0,0,0,0,0,0,0,0
10587,near,3,4,3,0,0,0,0,0,0,0,0,0
10588,exact,8,18,3,0,0,0,0,0,0,0,0,0
10589,near,1,2,2,0,0,0,0,0,0,0,0,0
10590,near,7,11,6,1,1,1,1,1,1,1,1,1
10593,exact,8,18,9,0,0,0,0,0,0,0,0,0
10594,near,7,10,1,0,0,0,0,0,0,0,0,0
10595,near,3,4,1,0,0,0,0,0,0,0,0,0
10596,exact,1,2,2,0,0,0,0,0,0,0,0,0
10597,exact,7,10,2,0,0,0,0,0,0,0,0,0
10598,exact,9,26,13,0,0,0,0,1,0,0,0,0
10599,exact,6,7,3,0,0,0,0,0,0,0,0,0
10600,exact,7,10,2,0,0,0,0,0,0,0,0,0
10602,exact,5,6,2,0,0,0,0,0,0,0,0,0
10603,exact,7,11,4,0,0,0,0,0,0,0,0,0
10604,exact,9,49,12,11,11,11,12,11,11,11,11,11
10605,near,0,1,2,0,0,0,0,0,0,0,0,0
10606,exact,9,22,5,0,0,0,0,0,0,0,0,0
10607,far,3,4,1,0,0,0,0,0,0,0,0,0
10608,near,2,3,3,0,0,0,0,0,0,0,0,0
10609,exact,1,2,3,0,0,0,0,0,0,0,0,0
10610,far,3,4,1,0,0,0,0,0,0,0,0,0
10611,near,5,6,1,0,0,0,0,0,0,0,0,0
10612,exact,9,43,20,0,0,0,0,1,0,0,0,1
10613,exact,7,12,5,0,0,0,0,0,0,0,0,0
10614,near,6,7,3,0,0,0,0,0,0,0,0,0
10617,far,6,7,6,0,0,0,0,0,0,0,0,0
10618,exact,9,27,3,0,0,0,0,0,0,0,0,0
10619,near,7,10,1,0,0,0,0,0,0,0,0,0
10620,near,3,4,2,0,0,0,0,0,0,0,0,0
10621,near,5,6,1,0,0,0,0,0,0,0,0,0
10623,near,3,4,4,0,0,0,0,0,0,0,0,0
10624,exact,6,8,6,1,0,0,0,0,0,0,0,0
10625,exact,7,11,3,0,0,0,0,0,0,0,0,0
10626,far,3,4,4,0,0,0,0,0,0,0,0,0
10627,near,5,5,1,0,0,0,0,0,0,0,0,0
10628,exact,8,13,4,0,0,0,0,0,0,0,0,0
10629,near,0,1,1,0,0,0,0,0,0,0,0,0
10630,exact,9,43,10,0,0,0,0,0,0,0,0,0
10631,exact,2,3,1,0,0,0,0,0,0,0,0,0
10632,exact,3,4,2,0,0,0,0,0,0,0,0,0
10633,near,2,3,2,0,0,0,0,0,0,0,0,0
10634,exact,7,10,6,2,2,2,2,2,2,2,2,2
10635,exact,7,11,3,0,0,1,0,0,0,1,1,1
10636,near,5,5,2,1,1,1,1,1,1,1,1,1
10637,near,8,21,6,0,0,0,0,0,0,0,0,0
10638,exact,9,35,11,0,0,0,1,0,0,0,0,0
10639,exact,2,3,4,0,0,0,0,0,0,0,0,0
10640,exact,7,11,5,0,0,0,0,0,0,0,0,0
10641,near,3,4,2,1,1,1,1,0,1,0,1,1
10642,exact,2,3,1,0,0,0,0,0,0,0,0,0
10643,far,3,4,1,0,0,0,0,0,0,0,0,0
10644,near,5,6,3,0,0,0,0,0,0,0,0,0
10645,exact,7,12,3,0,0,0,0,0,0,0,0,0
10646,exact,6,8,2,0,0,0,0,0,0,0,0,0
10647,exact,1,2,1,0,0,0,0,0,0,0,0,0
10648,near,9,46,18,1,1,1,2,1,2,1,0,0
10651,near,9,37,14,0,0,0,1,0,0,1,1,0
10652,exact,3,4,1,0,0,0,0,0,0,0,0,0
10653,near,0,1,2,0,0,0,0,0,0,0,0,0
10654,exact,2,3,3,0,0,0,1,1,0,0,0,0
10655,exact,6,7,6,0,1,0,0,1,0,0,0,0
10656,exact,2,3,2,0,0,0,0,0,0,0,0,0
10657,exact,1,2,2,0,0,0,0,0,0,0,0,0
10658,exact,6,7,4,0,0,0,0,0,0,0,0,0
10659,near,7,12,11,0,0,0,0,0,0,0,0,0
10660,exact,6,7,3,1,0,0,1,0,0,0,0,0
10661,far,3,4,1,0,0,0,0,0,0,0,0,0
10662,exact,8,13,6,0,0,0,0,0,0,0,0,0
10663,near,2,3,2,0,0,0,0,0,0,0,0,0
10664,near,6,8,4,0,0,0,0,0,0,0,0,0
10666,far,0,1,2,0,0,0,0,0,0,0,0,0
10667,near,2,3,1,0,0,0,0,0,0,0,0,0
10668,near,8,16,5,0,0,0,0,0,0,0,0,0
10670,near,8,17,7,0,0,0,0,0,0,0,0,0
10671,near,2,3,4,0,0,0,0,0,0,0,0,0
10672,far,2,3,3,0,0,0,0,0,0,0,0,0
10673,near,9,25,16,0,0,0,0,0,0,0,0,0
10674,near,1,2,1,0,0,0,0,0,0,0,0,0
10676,far,3,4,3,0,0,0,0,0,0,0,0,0
10677,exact,6,7,1,0,0,0,0,0,0,0,0,0
10679,exact,1,2,2,0,0,0,0,0,0,0,0,0
10680,near,8,15,5,0,1,1,0,1,1,0,1,1
10681,exact,3,4,2,0,0,0,0,0,0,0,0,0
10682,far,8,14,1,0,0,0,0,0,0,0,0,0
10683,exact,3,4,1,0,0,0,0,0,0,0,0,0
10684,exact,3,4,5,0,0,0,0,0,0,0,0,0
10685,exact,8,15,6,1,0,0,1,0,1,1,0,1
10686,far,6,7,2,0,0,0,0,0,0,0,0,0
10687,exact,5,5,2,0,0,0,0,0,0,0,0,0
10689,exact,2,3,3,0,0,0,0,0,0,0,0,0
10690,far,5,6,1,0,0,0,0,0,0,0,0,0
10691,near,6,7,3,0,0,0,0,0,0,0,0,0
10692,far,1,2,2,0,0,0,0,0,0,0,0,0
10693,near,5,6,1,0,0,0,0,0,0,0,0,0
10694,near,0,1,2,0,0,0,0,0,0,0,0,0
10696,far,3,4,3,0,0,0,0,0,0,0,0,0
10697,near,3,4,1,0,0,0,0,0,0,0,0,0
10698,far,7,12,2,0,0,0,0,0,0,0,0,0
10699,near,3,4,2,0,0,0,0,0,0,0,0,0
10700,exact,9,78,38,1,1,1,1,3,2,0,1,0
10701,exact,5,5,5,0,0,0,0,0,0,0,0,0
10702,far,1,2,1,0,0,0,0,0,0,0,0,0
10704,exact,7,9,3,0,0,0,0,0,0,0,0,0
10705,exact,7,10,3,0,0,0,0,0,0,0,0,0
10706,near,5,5,3,0,0,0,0,0,0,0,0,0
10707,exact,2,3,1,0,0,0,0,0,0,0,0,0
10708,near,9,59,21,0,2,1,0,2,3,0,1,1
10709,near,5,6,3,0,0,0,0,0,0,0,0,0
10710,near,8,16,7,0,0,0,0,0,0,0,0,0
10711,exact,2,3,4,0,0,0,0,0,0,0,0,0
10713,near,5,5,1,0,0,0,0,0,0,0,0,0
10714,exact,5,6,1,0,0,0,0,0,0,0,0,0
10715,exact,6,8,4,0,0,0,0,0,0,0,0,0
10716,exact,2,3,2,0,0,0,0,0,0,0,0,0
10717,exact,6,8,10,0,0,0,0,0,0,0,0,0
10718,exact,3,4,3,0,0,0,0,0,0,0,0,0
10719,exact,1,2,1,0,0,0,0,0,0,0,0,0
10720,near,2,3,2,0,0,0,0,0,0,0,0,0
10722,near,6,7,2,0,0,0,0,0,0,0,0,0
10723,exact,5,5,2,0,0,0,0,0,0,0,0,0
10724,exact,1,2,2,0,0,0,0,0,0,0,0,0
10725,near,3,4,2,0,0,0,0,0,0,0,0,0
10728,exact,9,36,12,0,0,0,0,0,0,0,0,0
10729,exact,3,4,1,0,0,0,0,0,0,0,0,0
10730,exact,2,3,2,0,0,0,0,0,0,0,0,0
10731,exact,6,7,1,0,0,0,0,0,0,0,0,0
10732,far,7,9,2,0,0,0,0,0,0,0,0,0
10733,near,9,33,13,0,0,2,1,1,1,0,0,0
10734,near,2,3,1,0,0,0,0,0,0,0,0,0
10736,exact,5,6,2,0,0,0,0,0,0,0,0,0
10737,exact,5,6,4,0,0,0,0,0,0,0,0,0
10738,exact,8,19,12,0,0,0,0,0,0,0,0,0
10739,exact,8,13,5,0,0,0,0,0,0,0,0,0
10740,far,7,9,3,0,0,0,0,0,0,0,0,0
10741,far,9,52,12,0,1,0,0,0,0,0,0,1
10742,near,2,3,2,0,0,0,0,0,0,0,0,0
10743,exact,2,3,1,0,0,0,0,0,0,0,0,0
10744,near,0,0,4,0,0,0,0,0,0,0,0,0
10745,near,8,13,5,0,0,0,0,0,0,0,0,0
10746,exact,9,40,15,1,2,1,1,2,1,1,1,2
10747,far,2,3,3,0,0,0,0,0,0,0,0,0
10748,near,2,3,2,0,0,0,0,0,0,0,0,0
10749,near,1,2,3,0,0,0,0,0,0,0,0,0
10750,near,0,1,1,0,0,0,0,0,0,0,0,0
10751,near,5,6,1,0,0,0,0,0,0,0,0,0
10752,exact,5,6,2,0,0,0,0,0,0,0,0,0
10753,exact,7,11,4,0,0,0,0,0,0,0,0,0
10754,exact,7,9,1,0,0,0,0,0,0,0,0,0
10755,exact,9,44,19,0,0,0,0,0,0,1,0,0
10757,exact,5,5,3,0,0,0,0,0,0,0,0,0
10759,exact,2,3,2,0,0,0,0,0,0,0,0,0
10760,far,2,3,1,0,0,0,0,0,0,0,0,0
10761,far,8,13,2,0,0,0,0,0,0,0,0,0
10762,exact,9,38,17,1,2,1,1,2,2,1,0,1
10764,near,6,8,1,0,0,0,0,0,0,0,0,0
10765,far,6,8,6,0,0,0,0,0,0,0,0,0
10766,exact,9,31,6,0,0,0,0,0,0,0,0,0
10768,exact,3,4,2,0,0,0,0,0,0,0,0,0
10769,near,5,6,2,0,0,0,0,0,0,0,0,0
10770,near,9,29,5,0,0,0,0,0,0,0,0,0
10772,exact,6,7,1,0,0,0,0,0,0,0,0,0
10773,exact,6,8,8,0,0,0,0,0,0,0,0,0
10775,exact,3,4,2,0,0,0,0,0,0,0,0,0
10776,exact,5,6,2,0,0,0,0,0,0,0,0,0
10777,far,3,4,1,0,0,0,0,0,0,0,0,0
10778,near,5,5,3,0,0,0,0,0,0,0,0,0
10780,far,8,16,1,1,0,1,0,0,1,0,1,1
10781,far,5,5,1,0,0,0,0,0,0,0,0,0
10782,exact,2,3,3,0,0,0,0,0,0,0,0,0
10783,near,2,3,1,0,0,0,0,0,0,0,0,0
10784,exact,2,3,2,0,0,0,0,0,0,0,0,0
10785,far,8,13,5,0,0,0,0,0,0,0,0,0
10786,exact,3,4,4,0,0,0,0,0,0,0,0,0
10787,exact,5,6,3,0,0,0,0,0,0,0,0,0
10788,near,8,21,13,0,0,0,0,0,0,0,0,0
10789,exact,5,6,1,0,0,0,0,0,0,0,0,0
10790,near,2,3,1,0,0,0,0,0,0,0,0,0
10791,near,7,10,4,0,0,0,0,0,0,0,0,0
10792,near,2,3,2,0,0,0,0,0,0,0,0,0
10793,exact,5,6,8,0,0,0,0,0,0,0,0,0
10794,exact,5,5,3,0,0,0,0,0,0,0,0,0
10795,exact,1,2,3,0,0,0,0,0,0,0,0,0
10796,near,5,6,2,0,0,0,0,0,0,0,0,0
10797,near,7,11,7,0,0,0,0,0,0,0,0,0
10798,exact,8,14,2,0,0,0,0,0,0,0,0,0
10800,near,3,4,2,0,0,0,0,0,0,0,0,0
10801,far,5,6,3,0,0,0,0,0,0,0,0,0
10802,near,1,2,1,0,0,0,0,0,0,0,0,0
10803,exact,7,10,1,0,0,0,0,0,0,0,0,0
10804,exact,3,4,1,0,0,0,0,0,0,0,0,0
10805,near,7,9,7,0,0,0,0,0,0,0,0,0
10806,far,3,4,2,0,0,0,0,0,0,0,0,0
10807,exact,5,6,2,0,0,0,0,0,0,0,0,0
10808,exact,7,10,7,0,0,0,0,0,0,0,0,0
10809,near,3,4,2,0,0,0,0,0,0,0,0,0
10810,far,0,1,2,0,0,0,0,0,0,0,0,0
10812,far,2,3,3,0,0,0,0,0,0,0,0,0
10813,near,9,49,15,0,0,0,0,0,0,1,0,0
10814,exact,5,5,1,0,0,0,0,0,0,0,0,0
10816,near,5,5,4,0,0,0,0,0,0,0,0,0
10817,exact,0,1,2,0,0,0,0,0,0,0,0,0
10819,exact,2,3,2,0,0,0,0,0,0,0,0,0
10820,near,6,7,5,0,0,0,0,0,0,0,0,0
10821,exact,5,5,1,0,0,0,0,0,0,0,0,0
10823,far,9,30,12,0,0,0,1,0,0,0,0,0
10824,near,8,18,5,0,0,0,0,0,0,0,0,0
10825,exact,7,11,3,0,0,0,0,0,0,0,0,0
10826,near,3,4,3,0,0,0,0,0,0,0,0,0
10827,exact,7,9,1,0,0,0,0,0,0,0,0,0
10828,far,3,4,3,0,0,0,0,0,0,0,0,0
10829,exact,8,15,10,0,0,0,0,0,0,0,0,0
10830,exact,3,4,4,0,0,0,0,0,0,0,0,0
10831,far,2,3,2,0,0,0,0,0,0,0,0,0
10832,exact,9,46,14,0,0,2,0,0,0,0,0,1
10833,near,9,22,6,0,0,0,0,0,0,0,0,0
10835,exact,9,26,3,0,0,0,0,0,0,0,0,0
10836,near,5,5,2,0,0,0,0,0,0,0,0,0
10837,exact,7,12,2,0,0,0,0,0,0,0,0,0
10838,far,1,2,2,0,0,0,0,0,0,0,0,0
10839,near,5,5,1,0,0,0,0,0,0,0,0,0
10841,far,9,45,13,0,0,0,0,0,0,0,0,0
10842,exact,9,44,10,1,1,2,1,1,0,1,0,1
10843,exact,8,14,13,0,0,0,0,0,0,0,0,0
10844,exact,8,13,2,0,0,0,0,0,0,0,0,0
10845,near,3,4,2,0,0,0,0,0,0,0,0,0
10846,exact,5,6,1,0,0,0,0,0,0,0,0,0
10847,near,3,4,1,0,0,0,0,0,0,0,0,0
10849,near,2,3,2,0,0,0,0,0,0,0,0,0
10850,exact,3,4,1,0,0,0,0,0,0,0,0,0
10851,far,9,30,5,0,0,0,0,0,0,0,0,0
10852,exact,9,29,10,0,0,0,0,0,0,0,0,0
10854,near,9,54,10,7,7,7,7,7,7,7,7,7
10855,near,6,7,4,0,0,0,0,0,0,0,0,0
10856,exact,2,3,1,0,0,0,0,0,0,0,0,0
10857,exact,6,8,3,0,0,0,0,0,0,0,0,0
10858,near,1,2,2,0,0,0,0,0,0,0,0,0
10859,near,2,3,1,0,0,0,0,0,0,0,0,0
10860,exact,6,8,6,0,0,0,0,0,0,0,0,0
10861,near,9,40,14,1,1,2,1,1,1,1,2,1
10862,near,3,4,1,0,0,0,0,0,0,0,0,0
10863,exact,6,8,2,0,0,0,0,0,0,0,0,0
10864,near,1,2,1,0,0,0,0,0,0,0,0,0
10865,exact,9,59,28,3,3,2,3,4,3,3,4,3
10866,exact,8,14,7,0,0,0,0,0,0,0,0,0
10867,near,1,2,1,0,0,0,0,0,0,0,0,0
10869,exact,9,40,16,0,0,1,0,2,1,0,0,0
10870,exact,9,27,3,0,0,0,0,0,0,0,0,0
10872,near,0,1,3,0,0,0,0,0,0,0,0,0
10874,near,9,41,14,2,2,2,3,2,1,2,2,1
10875,exact,8,17,6,0,0,0,0,0,0,0,0,0
10876,exact,5,5,1,0,0,0,0,0,0,0,0,0
10877,exact,2,3,2,0,0,0,0,0,0,0,0,0
10878,near,5,5,3,0,0,0,0,0,0,0,0,0
10879,exact,8,14,6,0,0,0,0,0,0,0,0,0
10880,near,9,40,14,1,2,0,1,1,0,0,0,0
10881,exact,3,4,2,0,0,0,0,0,0,0,0,0
10882,far,1,2,5,0,0,0,0,0,0,0,0,0
10883,near,2,3,3,0,0,0,0,0,0,0,0,0
10884,far,7,9,3,0,0,0,0,0,0,0,0,0
10885,far,7,11,2,0,0,0,0,0,0,0,0,0
10887,exact,6,7,1,0,0,0,0,0,0,0,0,0
10888,exact,7,11,2,0,0,0,0,0,0,0,0,0
10889,exact,8,13,4,0,0,0,0,0,0,0,0,0
10890,far,5,5,2,0,0,0,0,0,0,0,0,0
10891,exact,8,18,6,0,0,0,0,0,0,0,0,0
10894,near,9,23,11,0,0,0,0,0,0,0,0,0
10895,exact,9,56,37,1,2,1,2,3,1,1,2,1
10896,exact,1,2,1,0,0,0,0,0,0,0,0,0
10897,near,2,3,1,0,0,0,0,0,0,0,0,0
10898,exact,9,24,3,0,0,0,0,0,0,0,0,0
10899,exact,1,2,5,0,0,0,0,0,0,0,0,0
10901,exact,5,6,1,1,1,1,1,1,1,1,1,0
10902,far,3,4,3,0,0,0,0,0,0,0,0,0
10903,exact,9,30,20,0,0,0,0,0,0,0,0,0
10904,exact,8,19,7,0,0,0,0,0,0,0,0,0
10905,near,2,3,1,0,0,0,0,0,0,0,0,0
10906,exact,3,4,6,2,1,1,1,1,1,2,1,1
10907,near,2,3,3,0,0,0,0,0,0,0,0,0
10908,exact,3,4,2,0,0,0,0,0,0,0,0,0
10909,near,7,9,1,0,0,0,0,0,0,0,0,0
10911,exact,9,28,8,0,1,1,0,1,1,0,0,1
10912,exact,8,14,6,0,0,0,0,0,0,0,0,0
10913,near,8,18,9,0,0,0,0,0,0,0,0,0
10914,exact,7,12,7,0,0,0,0,0,0,0,0,0
10915,exact,0,1,4,0,0,0,0,0,0,0,0,0
10916,exact,0,1,5,0,0,0,0,0,0,0,0,0
10917,exact,2,3,5,0,0,0,0,0,0,0,0,0
10918,exact,1,2,1,0,0,0,0,0,0,0,0,0
10919,exact,3,4,3,0,0,0,0,0,0,0,0,0
10920,near,9,33,16,1,1,0,1,1,0,1,1,0
10921,near,8,13,5,0,0,1,0,0,1,0,0,0
10922,near,2,3,1,0,0,0,0,0,0,0,0,0
10923,exact,1,2,2,0,0,0,0,0,0,0,0,0
10924,near,2,3,1,0,0,0,0,0,0,0,0,0
10925,exact,3,4,2,0,0,0,0,0,0,0,0,0
10926,exact,0,1,3,0,0,0,0,0,0,0,0,0
10929,far,7,11,9,0,0,0,0,0,0,0,0,0
10930,exact,5,6,1,0,0,0,0,0,0,0,0,0
10931,exact,9,28,3,0,0,0,0,0,0,0,0,0
10933,exact,7,11,8,0,1,0,0,1,0,0,0,0
10934,near,5,5,1,0,0,0,0,0,0,0,0,0
10936,far,0,1,3,0,0,0,0,0,0,0,0,0
10937,near,1,2,3,2,1,0,0,1,0,1,2,0
10938,near,7,9,2,0,0,0,0,0,0,0,0,0
10940,exact,5,6,4,0,0,0,0,0,0,0,0,0
10941,near,1,2,3,0,0,0,0,0,0,0,0,0
10942,exact,1,2,3,0,0,0,0,0,0,0,0,0
10943,exact,1,2,1,0,0,0,0,0,0,0,0,0
10945,exact,9,26,12,0,0,0,0,0,0,0,0,0
10946,exact,3,4,2,0,0,0,0,0,0,0,0,0
10948,exact,2,3,7,0,0,0,0,0,0,0,0,0
10949,near,8,20,8,0,0,0,0,0,0,0,0,0
10950,exact,9,29,8,0,0,0,0,0,0,0,0,0
10951,exact,6,7,7,0,0,0,0,0,0,0,0,0
10952,near,5,5,1,0,0,0,0,0,0,0,0,0
10953,near,2,3,4,0,0,0,0,0,0,0,0,0
10954,exact,9,23,5,0,0,0,0,0,0,0,0,0
10955,near,8,13,8,0,0,1,0,0,1,0,0,0
10956,near,1,2,3,0,0,0,0,0,0,0,0,0
10957,near,7,9,3,0,0,1,0,0,1,0,0,1
10958,exact,3,4,1,0,0,0,0,0,0,0,0,0
10960,near,8,14,5,0,0,0,0,0,0,0,0,0
10961,exact,0,1,3,0,0,0,0,0,0,0,0,0
10962,near,6,8,6,0,0,0,0,0,0,0,0,0
10964,near,6,7,2,0,0,0,0,0,0,0,0,0
10965,exact,5,5,4,0,0,0,0,0,0,0,0,0
10966,exact,9,36,20,1,1,0,0,2,0,1,0,0
10967,exact,5,5,2,0,0,0,0,0,0,0,0,0
10968,exact,1,2,3,1,1,1,1,1,0,0,0,0
10970,near,3,4,3,0,0,0,0,0,0,0,0,0
10972,near,8,20,18,1,1,1,1,1,1,1,0,1
10973,exact,8,20,5,0,0,0,0,0,0,0,0,0
10974,exact,9,37,30,1,1,0,1,0,0,1,0,0
10975,exact,1,2,1,0,0,0,0,0,0,0,0,0
10976,near,2,3,2,0,0,0,0,0,0,0,0,0
10977,near,7,9,2,0,0,0,0,0,0,0,0,0
10978,far,8,17,10,0,2,1,1,2,1,1,1,1
10979,exact,6,8,2,0,0,0,0,0,0,0,0,0
10981,exact,6,8,3,0,0,0,0,0,0,0,0,0
10982,exact,5,5,1,1,1,0,1,1,1,1,0,0
10983,near,2,3,4,0,0,0,0,0,0,0,0,0
10984,near,3,4,2,0,0,0,0,0,0,0,0,0
10985,near,1,2,1,0,0,0,0,0,0,0,0,0
10986,far,8,18,9,0,0,0,0,0,0,0,0,0
10987,near,3,4,1,0,0,0,0,0,0,0,0,0
10988,near,1,2,2,0,0,0,0,0,0,0,0,0
10989,near,1,2,2,0,0,0,0,0,0,0,0,0
10990,near,7,9,2,0,0,0,0,0,0,0,0,0
10991,exact,6,8,1,0,0,0,0,0,0,0,0,0
10992,exact,3,4,1,0,0,0,0,0,0,0,0,0
10993,exact,0,1,3,0,0,0,0,0,0,0,0,0
10994,near,2,3,2,0,0,0,0,0,0,0,0,0
10995,exact,6,7,3,0,0,0,0,0,0,0,0,0
10996,exact,1,2,4,0,0,0,0,0,0,0,0,0
10997,exact,8,17,12,1,1,1,1,1,1,1,1,2
10998,exact,9,39,13,2,1,2,2,1,2,2,1,2
11000,far,2,3,2,0,0,0,0,0,0,0,0,0
11001,exact,1,2,1,0,0,0,0,0,0,0,0,0
11002,exact,8,16,9,0,0,0,0,0,0,0,0,0
11003,exact,3,4,2,0,0,0,0,0,0,0,0,0
11004,exact,2,3,2,0,0,0,0,0,0,0,0,0
11005,exact,9,25,7,1,1,1,1,1,1,1,1,1
11006,exact,5,6,1,0,0,0,0,0,0,0,0,0
11007,exact,5,5,2,0,0,0,0,0,0,0,0,0
11008,exact,9,37,13,0,0,0,1,0,0,0,0,0
11009,far,1,2,1,0,0,0,0,0,0,0,0,0
11010,exact,9,22,3,0,0,0,0,0,1,0,0,0
11011,near,1,2,3,0,0,0,0,0,0,0,0,0
11012,near,2,3,2,0,0,0,0,0,0,0,0,0
11013,near,2,3,1,0,0,0,0,0,0,0,0,0
11014,far,5,6,1,0,0,0,0,0,0,0,0,0
11015,exact,6,8,3,0,0,0,0,0,0,0,0,0
11016,near,8,15,5,0,0,0,0,0,0,0,0,0
11017,exact,6,8,3,0,0,0,0,0,0,0,0,0
11018,near,2,3,1,0,0,0,0,0,0,0,0,0
11019,exact,2,3,1,0,0,0,0,0,0,0,0,0
11020,exact,5,6,4,0,0,0,0,0,0,0,0,0
11021,exact,3,4,1,0,0,0,0,0,0,0,0,0
11022,near,7,10,5,1,0,0,0,0,0,0,0,0
11023,near,5,6,2,0,0,0,0,0,0,0,0,0
11024,near,7,11,5,0,0,0,0,0,0,0,0,0
11025,exact,6,7,2,0,0,0,0,0,0,0,0,0
11026,far,1,2,2,0,0,0,0,0,0,0,0,0
11027,near,8,19,3,0,0,0,0,0,0,0,0,0
11028,near,3,4,1,0,0,0,0,0,0,0,0,0
11029,near,0,1,1,0,0,0,0,0,0,0,0,0
11030,near,5,6,1,0,0,0,0,0,0,0,0,0
11031,exact,1,2,2,1,0,0,1,1,1,0,0,1
11032,exact,2,3,2,0,0,0,0,0,0,0,0,0
11033,near,9,60,28,4,3,3,3,3,2,3,2,3
11035,exact,0,1,2,0,0,0,0,0,0,0,0,0
11036,exact,6,8,4,0,0,0,0,0,0,0,0,0
11037,exact,8,19,13,1,1,1,1,1,1,1,1,1
11038,exact,1,2,1,0,0,0,0,0,0,0,0,0
11039,exact,9,34,11,0,2,1,0,2,0,0,3,1
11041,near,7,10,2,0,0,0,0,0,0,0,0,0
11042,near,2,3,1,0,0,0,0,0,0,0,0,0
11043,exact,2,3,2,0,0,0,0,0,0,0,0,0
11044,exact,8,15,5,0,0,0,0,0,0,0,0,0
11045,far,7,9,8,0,0,0,0,0,0,0,0,0
11046,far,2,3,2,0,0,0,0,0,0,0,0,0
11047,near,2,3,4,0,0,0,0,0,0,0,0,0
11048,exact,5,5,3,0,0,0,0,0,0,0,0,0
11049,exact,0,1,2,0,0,0,0,0,0,0,0,0
11050,near,2,3,2,0,0,0,0,0,0,0,0,0
11051,far,7,12,2,0,0,0,0,0,0,0,0,0
11052,exact,0,1,4,0,0,0,0,0,0,0,0,0
11053,exact,3,4,1,0,0,0,0,0,0,0,0,0
11054,near,3,4,3,0,0,0,0,0,0,0,0,0
11055,exact,1,2,1,0,0,0,0,0,0,0,0,0
11057,exact,8,13,3,0,0,0,0,0,0,0,0,0
11058,near,8,21,3,0,0,0,0,0,0,0,0,0
11059,near,0,0,2,0,0,0,0,0,0,0,0,0
11060,exact,6,7,1,0,0,0,0,0,0,0,0,0
11061,far,6,8,2,0,0,0,0,0,0,0,0,0
11062,exact,6,8,1,0,0,0,0,0,0,0,0,0
11063,near,5,5,1,0,0,0,0,0,0,0,0,0
11064,far,2,3,4,0,0,0,0,0,0,0,0,0
11065,exact,5,5,1,0,0,0,0,0,0,0,0,0
11067,far,5,6,3,0,0,0,0,0,0,0,0,0
11068,near,3,4,1,0,0,0,0,0,0,0,0,0
11069,exact,0,1,2,0,0,0,0,0,0,0,0,0
11070,exact,8,17,8,0,0,0,0,0,0,0,0,0
11071,exact,5,5,3,0,0,0,0,0,0,0,0,0
11072,near,7,9,1,0,0,0,0,0,0,0,0,0
11073,exact,2,3,2,0,0,0,0,0,0,0,0,0
11074,near,2,3,1,0,0,0,0,0,0,0,0,0
11075,exact,2,3,1,0,0,0,0,0,0,0,0,0
11076,near,9,22,8,0,0,0,0,0,0,0,0,0
11077,near,9,140,42,3,3,1,6,2,4,0,3,5
11079,far,8,18,2,0,0,0,0,0,0,0,0,0
11080,exact,5,6,4,0,0,0,0,0,0,0,0,0
11081,near,6,7,1,0,0,0,0,0,0,0,0,0
11083,exact,3,4,2,0,0,0,0,0,0,0,0,0
11085,near,3,4,1,0,0,0,0,0,0,0,0,0
11086,exact,8,13,4,0,0,0,0,0,0,0,0,0
11087,exact,1,2,1,0,0,0,0,0,0,0,0,0
11088,exact,3,4,1,0,0,0,0,0,0,0,0,0
11089,exact,3,4,5,0,0,0,0,0,0,0,0,0
11090,near,5,5,1,0,0,0,0,0,0,0,0,0
11091,exact,5,5,1,0,0,0,0,0,0,0,0,0
11092,exact,5,5,2,0,0,0,0,0,0,0,0,0
11093,exact,0,0,3,0,0,0,0,0,0,0,0,0
11094,near,5,5,4,0,0,0,0,0,0,0,0,0
11095,exact,2,3,1,0,0,0,0,0,0,0,0,0
11096,exact,9,28,8,1,0,0,0,0,0,1,0,0
11098,exact,6,7,4,0,0,0,0,0,0,0,0,0
11099,exact,1,2,3,0,0,0,0,0,0,0,0,0
11100,near,5,5,3,0,0,0,0,0,0,0,0,0
11101,near,7,11,6,0,0,0,0,0,0,0,0,0
11102,exact,3,4,1,0,0,0,0,0,0,0,0,0
11103,far,3,4,2,0,0,0,0,0,0,0,0,0
11104,far,0,1,5,0,0,0,0,0,0,0,0,0
11106,near,5,6,4,0,0,0,0,0,0,0,0,0
11107,near,7,10,3,0,0,0,0,0,0,0,0,0
11108,far,0,1,1,0,0,0,0,0,0,0,0,0
11110,near,5,6,6,0,0,0,0,0,0,0,0,0
11111,far,3,4,1,0,0,0,0,0,0,0,0,0
11112,exact,5,6,3,0,0,0,0,0,0,0,0,0
11113,far,1,2,1,0,0,0,0,0,0,0,0,0
11116,near,5,5,1,0,0,0,0,0,0,0,0,0
11117,exact,9,29,7,0,0,0,0,0,0,0,1,0
11118,exact,5,6,4,0,0,0,0,0,0,0,0,0
11119,exact,3,4,3,0,0,0,0,0,0,0,0,0
11120,far,6,8,4,0,0,0,0,0,0,0,0,0
11121,far,8,16,9,0,0,0,0,0,0,0,0,0
11122,exact,3,4,1,0,0,0,0,0,0,0,0,0
11123,far,1,2,2,0,0,0,0,0,0,0,0,0
11125,near,1,2,3,0,0,0,0,0,0,0,0,0
11127,exact,5,6,1,0,0,0,0,0,0,0,0,0
11128,exact,3,4,1,0,0,0,0,0,0,0,0,0
11129,exact,6,8,2,0,0,0,0,0,0,0,0,0
11130,far,1,2,1,0,0,0,0,0,0,0,0,0
11131,near,8,15,5,0,0,0,0,0,0,0,0,0
11132,exact,7,9,3,0,0,0,0,0,0,0,0,0
11133,exact,8,18,3,0,0,0,0,0,0,0,0,0
11134,exact,1,2,2,0,0,0,0,0,0,0,0,0
11135,far,8,18,4,0,0,0,0,0,0,0,0,0
11136,near,2,3,2,0,0,0,0,0,0,0,0,0
11137,far,9,31,19,0,1,0,0,0,0,1,0,0
11138,exact,3,4,1,0,0,0,0,0,0,0,0,0
11139,exact,2,3,2,0,0,0,0,0,0,0,0,0
11140,exact,2,3,1,0,0,0,0,0,0,0,0,0
11141,exact,5,5,1,0,0,0,0,0,0,0,0,0
11142,exact,1,2,5,0,0,0,0,0,0,0,0,0
11144,near,1,2,3,0,0,0,0,0,0,0,0,0
11146,exact,7,10,4,0,0,0,0,0,0,0,0,0
11147,exact,1,2,2,0,0,0,0,0,0,0,0,0
11148,near,8,18,7,0,0,0,0,0,0,0,0,0
11149,near,8,19,2,1,0,1,1,0,1,1,1,1
11151,near,2,3,5,0,0,0,0,0,0,0,0,0
11152,exact,1,2,2,0,0,0,0,0,0,0,0,0
11153,near,0,0,4,0,0,0,0,0,0,0,0,0
11154,near,2,3,1,0,0,0,0,0,0,0,0,0
11155,exact,3,4,1,0,0,0,0,0,0,0,0,0
11156,near,5,5,4,0,0,0,0,0,0,0,0,0
11157,exact,1,2,4,0,0,0,0,0,0,0,0,0
11158,exact,7,11,4,0,0,0,0,0,0,0,0,0
11159,exact,5,6,1,0,0,0,0,0,0,0,0,0
11160,exact,5,5,4,0,0,0,0,0,0,0,0,0
11161,near,7,11,1,0,0,0,0,0,0,0,0,0
11162,exact,1,2,2,0,0,0,0,0,0,0,0,0
11163,exact,3,4,6,0,0,0,0,0,0,0,0,0
11164,exact,7,11,4,0,0,0,1,0,0,0,0,0
11165,near,2,3,4,0,0,0,0,0,0,0,0,0
11166,exact,6,7,5,0,0,0,0,0,0,0,0,0
11167,exact,9,180,105,7,7,4,8,13,10,7,9,3
11168,exact,3,4,2,0,0,0,0,0,0,0,0,0
11169,near,9,168,55,13,6,6,12,9,10,13,3,7
11171,far,7,12,2,0,0,0,0,0,0,0,0,0
11172,near,7,10,2,0,0,0,0,0,0,0,0,0
11173,near,3,4,3,0,0,0,0,0,0,0,0,0
11174,exact,2,3,1,0,0,0,0,0,0,0,0,0
11175,exact,5,5,3,0,0,0,0,0,0,0,0,0
11176,exact,2,3,3,0,0,0,0,0,0,0,0,0
11177,far,3,4,1,0,0,0,0,0,0,0,0,0
11178,near,9,25,12,2,2,2,2,2,2,1,2,1
11180,near,6,8,5,0,0,0,0,0,0,0,0,0
11181,near,6,8,1,0,0,0,0,0,0,0,0,0
11182,exact,3,4,5,0,0,0,0,0,0,0,0,0
11183,near,7,12,7,0,0,0,0,1,0,0,0,0
11186,near,5,5,1,0,0,0,0,0,0,0,0,0
11187,near,7,10,3,0,0,0,0,0,0,0,0,0
11188,near,2,3,1,0,0,0,0,0,0,0,0,0
11189,exact,9,65,19,1,2,1,1,4,0,0,2,2
11191,exact,1,2,1,0,0,0,0,0,0,0,0,0
11192,near,5,5,2,0,0,0,0,0,0,0,0,0
11193,near,1,2,1,0,0,0,0,0,0,0,0,0
11194,far,2,3,2,0,0,0,0,0,0,0,0,0
11195,near,5,5,1,0,0,0,0,0,0,0,0,0
11196,exact,7,10,3,0,0,0,0,0,0,0,0,0
11197,near,5,6,1,0,0,0,0,0,0,0,0,0
11198,exact,3,4,1,0,0,0,0,0,0,0,0,0
11199,far,5,6,3,0,0,0,0,0,0,0,0,0
11200,near,9,65,28,0,1,0,0,0,0,1,1,1
11201,far,5,6,1,0,0,0,0,0,0,0,0,0
11202,exact,1,2,2,0,0,0,0,0,0,0,0,0
11203,exact,5,5,2,0,0,0,0,0,0,0,0,0
11204,near,1,2,1,0,0,0,0,0,0,0,0,0
11205,exact,2,3,1,0,0,0,0,0,0,0,0,0
11206,exact,2,3,1,0,0,0,0,0,0,0,0,0
11207,exact,3,4,2,0,0,0,0,0,0,0,0,0
11208,exact,6,8,3,0,0,0,0,0,0,0,0,0
11209,exact,7,9,2,0,0,0,0,0,0,0,0,0
11210,exact,5,5,1,0,0,0,0,0,0,0,0,0
11211,near,3,4,2,0,0,0,0,0,0,0,0,0
11213,near,3,4,1,0,0,0,0,0,0,0,0,0
11214,exact,7,9,4,1,0,0,1,0,0,1,0,0
11215,near,6,8,1,0,0,0,0,0,0,0,0,0
11217,exact,5,5,1,0,0,0,0,0,0,0,0,0
11218,far,9,41,16,1,0,0,0,0,0,1,0,0
11219,near,8,19,9,1,1,1,1,1,1,1,2,1
11220,near,2,3,2,0,0,0,0,0,0,0,0,0
11221,exact,3,4,1,0,0,0,0,0,0,0,0,0
11222,near,8,19,3,0,0,0,0,0,0,0,0,0
11223,exact,1,2,3,0,0,0,0,0,0,0,0,0
11224,near,7,11,12,0,0,0,0,0,0,0,0,0
11226,far,5,5,4,0,0,0,0,0,0,0,0,0
11227,exact,7,11,8,0,0,0,0,0,0,0,0,0
11228,near,3,4,2,0,0,0,0,0,0,0,0,0
11229,exact,5,6,2,0,0,0,0,0,0,0,0,0
11230,exact,0,1,2,0,0,0,0,0,0,0,0,0
11231,near,1,2,1,0,0,0,0,0,0,0,0,0
11232,far,7,11,2,1,0,1,1,0,1,1,1,1
11233,near,5,5,1,0,0,0,0,0,0,0,0,0
11234,exact,7,9,8,0,0,0,0,0,0,0,0,0
11235,exact,2,3,1,0,0,0,0,0,0,0,0,0
11237,exact,5,5,3,0,0,0,0,0,0,0,0,0
11238,exact,6,7,5,2,0,0,2,0,0,1,1,0
11239,exact,3,4,5,0,0,0,0,0,0,0,0,0
11240,exact,2,3,2,0,0,0,0,0,0,0,0,0
11241,exact,9,22,11,5,2,4,5,3,4,5,2,3
11242,exact,2,3,2,0,0,0,0,0,0,0,0,0
11243,exact,7,10,2,0,0,0,0,0,0,0,0,0
11244,exact,2,3,2,0,0,0,0,0,0,0,0,0
11245,near,7,9,3,3,3,3,2,3,3,3,3,3
11246,near,0,1,2,0,0,0,0,0,0,0,0,0
11247,near,9,47,7,0,0,0,0,1,0,0,0,0
11248,near,1,2,1,0,0,0,0,0,0,0,0,0
11249,exact,9,22,9,0,0,0,0,0,0,0,0,0
11250,exact,2,3,1,0,0,0,0,0,0,0,0,0
11251,exact,5,6,8,0,0,0,0,0,0,0,0,0
11253,exact,8,17,2,0,0,0,0,0,0,0,0,0
11254,near,8,13,3,0,2,3,0,0,2,2,1,3
11255,near,3,4,2,0,0,0,0,0,0,0,0,0
11256,exact,5,6,5,0,0,0,0,0,0,0,0,0
11257,near,6,7,5,0,0,0,0,0,0,0,0,0
11258,exact,7,10,9,0,0,0,0,0,0,0,0,0
11259,exact,8,15,7,0,0,0,0,0,0,0,0,0
11260,far,5,5,3,0,0,0,0,0,0,0,0,0
11261,far,2,3,1,0,0,0,0,0,0,0,0,0
11262,near,9,108,34,2,0,2,3,2,1,5,0,2
11263,exact,3,4,3,0,0,0,0,0,0,0,0,0
11264,near,2,3,3,0,0,0,0,0,0,0,0,0
11265,near,9,22,16,0,0,0,0,0,0,0,0,0
11266,near,7,12,3,3,3,3,3,3,3,3,3,3
11268,near,8,17,2,0,0,0,0,0,0,0,0,0
11269,near,7,11,5,0,0,0,0,0,0,0,0,0
11270,exact,0,0,2,0,0,0,0,0,0,0,0,0
11271,near,6,7,2,0,0,0,0,0,0,0,0,0
11272,far,7,10,6,0,0,0,0,0,0,0,0,0
11273,near,8,20,10,0,0,0,0,0,0,0,0,0
11274,exact,2,3,2,0,0,0,0,0,0,0,0,0
11275,near,5,5,1,0,0,0,0,0,0,0,0,0
11276,near,2,3,1,0,0,0,0,0,0,0,0,0
11277,near,9,32,17,1,1,1,1,1,1,1,1,1
11279,exact,2,3,2,0,0,0,0,0,0,0,0,0
11280,exact,3,4,2,0,0,0,0,0,0,0,0,0
11282,near,9,30,13,0,0,0,0,0,0,0,0,0
11283,exact,1,2,3,0,0,0,0,0,0,0,0,0
11284,exact,6,7,3,0,0,0,0,0,0,0,0,0
11285,near,5,5,3,0,0,0,0,0,0,0,0,0
11286,near,3,4,3,0,0,0,0,0,0,0,0,0
11288,far,8,20,17,0,0,0,0,0,0,0,0,0
11289,exact,5,6,1,0,0,0,0,0,0,0,0,0
11292,near,5,5,1,0,0,0,0,0,0,0,0,0
11293,far,5,6,3,0,0,0,0,0,0,0,0,0
11294,exact,9,47,13,0,0,1,0,0,0,0,1,1
11295,near,2,3,2,0,0,0,0,0,0,0,0,0
11296,exact,3,4,1,0,0,0,0,0,0,0,0,0
11297,exact,0,1,2,0,0,0,0,0,0,0,0,0
11298,near,1,2,2,0,0,0,0,0,0,0,0,0
11299,near,8,13,6,0,0,0,0,0,0,0,0,0
11300,far,1,2,5,1,0,0,0,0,0,0,0,0
11301,exact,1,2,2,0,0,0,0,0,0,0,0,0
11302,far,6,7,3,0,0,0,0,0,0,0,0,0
11303,near,9,39,8,0,0,0,0,0,1,0,0,0
11305,far,2,3,3,0,0,0,0,0,0,0,0,0
11306,exact,9,29,7,0,0,0,0,0,0,0,0,0
11307,exact,7,12,5,0,0,0,0,1,0,0,0,0
11308,exact,8,17,5,0,0,0,0,0,0,0,0,0
11309,exact,9,22,12,1,1,2,1,2,2,1,2,2
11311,near,8,14,3,0,0,0,0,0,0,0,0,0
11312,near,9,22,6,1,1,1,1,1,1,1,1,1
11313,near,9,80,22,3,4,2,2,4,4,5,6,3
11315,exact,2,3,3,0,0,0,0,0,0,0,0,0
11316,near,9,70,21,1,1,3,3,1,1,2,2,5
11317,near,3,4,1,0,0,0,0,0,0,0,0,0
11318,exact,5,6,4,0,0,0,0,0,0,0,0,0
11319,exact,6,8,3,0,0,0,0,0,0,0,0,0
11320,exact,5,6,2,0,0,0,0,0,0,0,0,0
11321,near,0,1,1,0,0,0,0,0,0,0,0,0
11322,near,5,6,3,0,0,0,0,0,0,0,0,0
11323,near,2,3,1,0,0,0,0,0,0,0,0,0
11324,exact,5,5,4,0,1,1,1,1,0,0,0,0
11325,exact,9,29,12,0,0,0,0,0,0,0,0,0
11326,exact,5,5,1,0,0,0,0,0,0,0,0,0
11327,exact,7,11,4,0,0,0,0,0,0,0,0,0
11328,exact,3,4,1,0,0,0,0,0,0,0,0,0
11329,exact,5,5,1,0,0,0,0,0,0,0,0,0
11330,far,1,2,1,0,0,0,0,0,0,0,0,0
11332,exact,8,16,2,0,0,0,0,0,0,0,0,0
11333,near,8,20,8,0,0,0,0,0,0,0,0,0
11334,exact,1,2,2,0,0,0,0,0,0,0,0,0
11335,near,3,4,2,0,0,0,0,0,0,0,0,0
11336,near,2,3,1,0,0,0,0,0,0,0,0,0
11337,near,7,11,5,0,0,0,0,0,0,0,0,0
11338,near,5,5,1,0,0,0,0,0,0,0,0,0
11339,exact,8,13,3,0,0,0,0,0,0,0,1,0
11340,exact,7,11,5,0,0,0,0,0,0,0,0,0
11341,exact,5,5,1,0,0,0,0,0,0,0,0,0
11342,near,7,11,6,0,0,0,0,0,0,0,0,0
11343,far,2,3,6,0,0,0,0,0,0,0,0,0
11344,exact,8,17,4,1,1,0,1,0,0,0,1,0
11346,exact,2,3,2,0,0,0,0,0,0,0,0,0
11347,exact,3,4,1,0,0,0,0,0,0,0,0,0
11348,near,2,3,1,0,0,0,0,0,0,0,0,0
11349,far,9,60,15,2,0,1,1,0,1,1,0,1
11351,near,1,2,3,0,0,0,0,0,0,0,0,0
11352,exact,2,3,1,0,0,0,0,0,0,0,0,0
11353,exact,7,9,4,0,0,0,0,0,0,0,0,0
11354,exact,5,5,2,0,0,0,0,0,0,0,0,0
11355,near,2,3,3,0,0,0,0,0,0,0,0,0
11356,near,1,2,4,0,0,0,0,0,0,0,0,0
11357,near,9,24,6,6,6,6,6,6,6,6,6,6
11359,exact,8,14,6,0,0,0,0,0,0,0,0,0
11360,near,2,3,8,0,0,0,0,0,0,0,0,0
11362,exact,3,4,1,0,0,0,0,0,0,0,0,0
11363,exact,2,3,3,0,0,0,1,0,0,0,1,0
11364,far,3,4,1,0,0,0,0,0,0,0,0,0
11365,near,1,2,3,0,0,0,0,0,0,0,0,0
11366,exact,9,25,10,0,0,0,0,1,0,0,0,0
11367,exact,1,2,3,0,0,0,0,0,0,0,0,0
11368,exact,9,22,9,0,0,0,0,0,0,0,0,0
11369,exact,5,6,6,0,0,0,0,0,0,0,0,0
11371,exact,2,3,3,0,0,0,0,0,0,0,0,0
11372,near,7,9,2,2,2,2,2,2,2,2,2,2
11374,exact,0,1,2,0,0,0,0,0,0,0,0,0
11375,exact,2,3,2,0,0,0,0,0,0,0,0,0
11376,exact,5,5,1,0,0,0,0,0,0,0,0,0
11377,far,9,40,18,1,1,1,1,1,0,0,1,1
11378,exact,9,26,7,1,1,1,0,1,1,0,1,1
11379,near,2,3,1,0,0,0,0,0,0,0,0,0
11380,exact,9,26,6,0,1,1,1,1,1,0,1,1
11381,near,1,2,3,0,0,0,0,0,0,0,0,0
11383,near,8,19,2,0,0,0,0,0,0,0,0,0
11384,near,7,9,4,0,0,0,0,0,0,0,0,0
11385,exact,7,12,5,0,0,0,0,1,1,0,0,0
11386,exact,5,5,3,0,0,0,0,0,0,0,0,0
11387,near,5,5,3,0,0,0,0,0,0,0,0,0
11388,exact,2,3,1,0,0,0,0,0,0,0,0,0
11389,near,5,5,2,0,0,0,0,0,0,0,0,0
11391,near,5,6,1,0,0,0,0,0,0,0,0,0
11392,near,7,11,3,0,0,0,0,0,0,0,0,0
11393,exact,2,3,1,0,0,0,0,0,0,0,0,0
11394,exact,1,2,4,0,0,0,0,0,0,0,0,0
11395,near,5,5,3,0,0,0,0,0,0,0,0,0
11396,exact,9,25,12,0,0,0,0,0,0,0,0,0
11398,near,5,5,1,0,0,0,0,0,0,0,0,0
11399,near,5,6,2,0,0,0,0,0,0,0,0,0
11400,exact,9,98,48,0,0,2,1,1,3,2,2,1
11401,near,5,5,1,0,0,0,0,0,0,0,0,0
11402,near,6,7,2,0,0,0,0,0,0,0,0,0
11403,near,6,8,4,0,0,0,0,0,0,0,0,0
11404,near,5,5,3,0,0,0,0,0,0,0,0,0
11406,exact,8,16,4,0,0,0,0,0,0,0,0,0
11407,exact,6,8,8,0,0,0,0,0,0,0,0,0
11408,exact,8,14,1,0,0,0,0,0,0,0,0,0
11410,exact,8,14,4,0,0,0,0,0,0,0,0,0
11411,exact,5,5,5,0,0,0,0,0,0,0,0,0
11412,exact,5,5,1,0,0,0,0,0,0,0,0,0
11413,exact,6,7,1,0,0,0,0,0,0,0,0,0
11414,exact,2,3,1,0,0,0,0,0,0,0,0,0
11415,exact,6,8,1,0,0,0,0,0,0,0,0,0
11416,exact,7,9,3,0,0,0,0,0,0,0,0,0
11417,exact,5,5,1,0,0,0,0,0,0,0,0,0
11418,near,5,5,1,0,0,0,0,0,0,0,0,0
11419,exact,8,20,8,0,0,0,0,0,0,0,0,0
11420,exact,2,3,2,1,0,0,1,1,0,0,0,0
11421,exact,9,35,6,0,0,0,0,0,0,0,0,0
11422,far,2,3,1,0,0,0,0,0,0,0,0,0
11423,near,0,1,1,0,0,0,0,0,0,0,0,0
11424,exact,8,13,15,0,0,0,0,0,1,0,0,0
11425,near,9,27,13,1,1,1,1,1,1,1,1,1
11426,far,7,12,3,1,1,1,0,2,1,1,2,2
11427,exact,7,10,2,0,0,0,0,0,0,0,0,0
11428,far,2,3,1,0,0,0,0,0,0,0,0,0
11429,near,5,5,2,0,0,0,0,0,0,0,0,0
11430,exact,7,11,6,0,0,0,0,0,0,0,0,0
11432,exact,6,7,4,0,0,0,0,0,0,0,0,0
11433,exact,3,4,1,0,0,0,0,0,0,0,0,0
11434,near,8,17,5,4,3,3,4,4,3,4,4,2
11435,exact,7,10,2,0,0,0,0,1,0,0,0,0
11436,near,6,8,1,0,0,0,0,0,0,0,0,0
11437,near,2,3,2,0,0,0,0,0,0,0,0,0
11438,exact,6,8,5,0,0,0,0,0,0,0,0,0
11439,near,6,8,3,0,0,0,0,0,0,0,0,0
11440,exact,7,9,4,0,0,0,0,0,0,0,0,0
11441,exact,8,14,4,0,0,0,0,0,0,0,0,0
11442,exact,3,4,1,0,0,0,0,0,0,0,0,0
11443,near,5,6,2,0,0,0,0,0,0,0,0,0
11444,exact,6,7,4,0,0,0,0,0,0,0,0,0
11445,near,7,10,4,1,1,1,1,1,1,1,1,1
11448,exact,8,20,3,0,0,0,0,0,0,0,0,0
11449,near,0,1,1,0,0,0,0,0,0,0,0,0
11450,exact,6,7,5,0,0,0,0,0,0,0,0,0
11451,exact,8,15,9,0,0,0,0,0,0,0,0,0
11452,exact,6,7,2,0,0,0,0,0,0,0,0,0
11453,near,8,15,6,0,0,0,0,0,0,0,0,0
11454,exact,2,3,2,0,0,0,0,0,0,0,0,0
11455,far,3,4,2,0,0,0,0,0,0,0,0,0
11457,near,9,38,18,5,7,7,4,7,8,5,7,7
11458,near,5,6,3,0,0,0,0,0,0,0,0,0
11459,exact,7,10,6,0,0,0,0,0,0,0,0,0
11460,near,1,2,2,0,1,1,0,1,1,1,1,1
11461,near,3,4,1,0,0,0,0,0,0,0,0,0
11462,near,0,1,3,0,0,0,0,0,0,0,0,0
11463,exact,9,22,7,0,0,0,0,0,0,0,0,0
11464,exact,9,27,14,0,0,0,0,0,0,0,0,0
11465,exact,9,31,17,2,0,1,1,1,1,1,1,1
11466,near,5,6,1,0,0,0,0,0,0,0,0,0
11468,exact,0,1,3,0,0,0,0,0,0,0,0,0
11470,near,9,28,15,0,0,0,0,0,0,1,0,0
11471,far,9,42,14,0,0,0,0,0,0,0,0,1
11474,near,5,5,5,0,0,0,0,0,0,0,0,0
11475,exact,5,5,1,0,0,0,0,0,0,0,0,0
11476,far,2,3,1,0,0,0,0,0,0,0,0,0
11477,exact,1,2,1,0,0,0,0,0,0,0,0,0
11478,exact,8,14,7,0,0,0,0,0,0,0,0,0
11479,exact,3,4,1,0,0,0,0,0,0,0,0,0
11481,exact,2,3,3,0,0,0,0,0,0,0,0,0
11483,near,5,6,1,0,0,0,0,0,0,0,0,0
11484,near,3,4,2,0,0,0,0,0,0,0,0,0
11485,exact,1,2,1,0,0,0,0,0,0,0,0,0
11486,near,1,2,1,0,0,0,0,0,0,0,0,0
11487,exact,2,3,3,0,0,0,0,0,0,0,0,0
11488,exact,2,3,5,0,0,0,0,0,0,0,0,0
11489,far,5,5,2,0,0,0,0,0,0,0,0,0
11490,exact,5,6,1,0,0,0,0,0,0,0,0,0
11491,far,0,0,3,0,0,0,0,0,0,0,0,0
11492,exact,9,28,5,0,0,0,0,0,0,0,0,0
11494,exact,5,6,3,0,0,0,0,0,0,0,0,0
11495,exact,1,2,3,0,0,0,0,0,0,0,0,0
11496,near,2,3,2,0,0,0,0,0,0,0,0,0
11497,near,8,16,10,1,0,1,1,0,2,1,1,1
11498,near,5,6,1,1,1,1,1,1,1,1,1,1
11499,exact,9,62,18,3,1,1,4,1,4,3,1,1
11500,near,5,6,4,0,0,0,0,0,0,0,0,0
11501,near,3,4,2,0,0,0,0,0,0,0,0,0
11503,far,0,1,5,0,0,0,0,0,0,0,0,0
11504,exact,5,6,1,0,0,0,0,0,0,0,0,0
11505,exact,6,7,3,0,0,0,0,0,0,0,0,0
11506,exact,3,4,4,0,0,0,0,0,0,0,0,0
11508,exact,5,5,3,0,0,0,0,0,0,0,0,0
11509,near,2,3,1,0,0,0,0,0,0,0,0,0
11510,near,5,6,3,0,0,0,0,0,0,0,0,0
11511,exact,0,1,3,0,0,0,0,0,0,0,0,0
11512,exact,5,5,2,0,0,0,0,0,0,0,0,0
11513,exact,7,10,3,0,0,0,0,0,0,0,0,0
11515,exact,6,7,2,0,0,0,0,0,0,0,0,0
11516,exact,5,6,1,0,0,0,0,0,0,0,0,0
11517,near,6,8,2,0,0,0,0,0,0,0,0,0
11518,near,7,10,9,0,0,0,0,0,0,0,0,0
11519,exact,5,6,3,0,0,0,0,0,0,0,0,0
11520,exact,2,3,1,0,0,0,0,0,0,0,0,0
11521,far,9,27,12,4,4,3,3,4,3,3,3,3
11522,near,3,4,2,0,0,0,0,0,0,0,0,0
11524,near,6,7,2,0,0,0,0,0,0,0,0,0
11525,near,5,6,1,0,0,0,0,0,0,0,0,0
11527,exact,7,11,2,0,0,0,0,0,0,0,0,0
11528,exact,3,4,1,0,0,0,0,0,0,0,0,0
11529,exact,9,48,19,0,1,0,0,1,0,0,0,0
11531,near,2,3,2,0,0,0,0,0,0,0,0,0
11532,exact,6,8,2,0,0,0,0,0,0,0,0,0
11533,near,7,9,4,0,0,0,0,0,0,0,0,0
11535,exact,5,6,2,0,0,0,0,0,0,0,0,0
11536,near,0,0,2,0,0,0,0,0,0,0,0,0
11537,near,3,4,2,0,0,0,0,0,0,0,0,0
11538,exact,1,2,2,0,0,0,0,0,0,0,0,0
11539,exact,8,16,9,0,0,0,0,0,0,0,0,0
11540,far,5,5,2,0,0,0,0,0,0,0,0,0
11541,exact,6,8,6,0,0,0,0,0,0,0,0,0
11542,exact,8,19,4,2,2,2,2,2,2,2,2,2
11543,exact,7,9,7,0,1,0,0,0,0,0,0,0
11545,far,1,2,1,0,0,0,0,0,0,0,0,0
11546,near,3,4,2,0,0,0,0,0,0,0,0,0
11547,near,8,19,13,2,1,1,2,3,2,2,2,1
11548,exact,6,7,5,0,0,0,0,0,0,0,0,0
11549,exact,2,3,2,0,0,0,0,0,0,0,0,0
11550,exact,9,24,9,0,0,0,0,0,0,0,0,0
11551,far,8,13,8,0,0,0,0,0,0,0,0,0
11552,near,9,35,8,0,1,1,0,1,1,0,1,0
11553,exact,5,5,5,0,0,0,0,0,0,0,0,0
11554,exact,5,6,5,0,0,0,0,0,0,0,0,0
11555,exact,7,12,6,0,0,0,0,0,0,0,0,0
11556,near,8,19,12,0,0,0,0,0,0,0,0,0
11557,exact,6,7,4,1,1,1,1,1,1,1,1,1
11558,exact,0,1,6,0,0,0,0,0,0,0,0,0
11559,near,1,2,1,0,0,0,0,0,0,0,0,0
11560,exact,0,0,3,0,0,0,0,0,0,0,0,0
11562,far,5,5,2,0,0,0,0,0,0,0,0,0
11563,near,5,6,2,0,0,0,0,0,0,0,0,0
11564,exact,7,11,2,0,0,0,0,0,0,0,0,0
11565,exact,9,31,11,0,0,0,0,0,0,0,0,0
11566,exact,1,2,2,0,0,0,0,0,0,0,0,0
11567,exact,1,2,1,0,0,0,0,0,0,0,0,0
11568,far,3,4,2,0,0,0,0,0,0,0,0,0
11570,exact,0,1,3,0,1,0,0,1,0,0,1,0
11571,far,6,8,2,0,0,0,0,0,0,0,0,0
11572,exact,6,7,4,0,0,0,0,0,0,0,0,0
11573,exact,7,12,4,0,0,0,0,0,0,0,0,0
11575,exact,9,39,15,1,0,0,1,1,1,1,1,0
11576,exact,5,6,7,0,0,0,0,0,0,0,0,0
11577,near,2,3,4,1,1,1,1,1,1,1,1,1
11578,near,2,3,1,0,0,0,0,0,0,0,0,0
11579,near,9,45,10,2,2,2,3,1,2,2,2,1
11580,exact,3,4,2,0,0,0,0,0,0,0,0,0
11582,exact,3,4,1,0,0,0,0,0,0,0,0,0
11583,near,7,10,2,0,0,0,0,0,0,0,0,0
11585,far,9,59,21,0,0,3,0,1,1,0,1,1
11586,exact,9,42,17,0,2,1,1,0,0,0,0,1
11587,near,5,6,1,0,0,0,0,0,0,0,0,0
11588,exact,6,8,1,0,0,0,0,0,0,0,0,0
11589,near,6,8,4,0,0,0,0,0,0,0,0,0
11590,near,9,42,20,0,0,0,0,0,0,0,0,0
11591,near,3,4,2,0,0,0,0,0,0,0,0,0
11592,exact,1,2,2,0,0,0,0,0,0,0,0,0
11593,exact,1,2,2,0,0,0,0,0,0,0,0,0
11594,near,7,11,4,0,0,0,0,0,0,0,0,0
11595,exact,8,17,5,0,0,0,0,0,0,0,0,0
11596,exact,1,2,2,0,0,0,0,0,0,0,0,0
11597,exact,1,2,3,0,0,0,0,0,0,0,0,0
11598,near,0,1,1,0,0,0,0,0,0,0,0,0
11599,far,0,1,2,0,0,0,0,0,0,0,0,0
11600,near,0,1,1,0,0,0,0,0,0,0,0,0
11601,exact,7,9,4,0,0,0,0,0,0,0,0,0
11602,exact,3,4,2,0,0,0,0,0,0,0,0,0
11603,far,5,6,1,0,0,0,0,0,0,0,0,0
11604,near,5,5,2,0,0,0,0,0,0,0,0,0
11605,near,6,7,2,1,1,0,1,1,1,1,1,0
11606,exact,3,4,2,0,0,0,0,0,0,0,0,0
11607,far,3,4,3,0,0,0,0,0,0,0,0,0
11608,near,9,81,38,4,3,4,2,4,3,2,3,2
11609,exact,1,2,3,0,0,0,0,0,0,0,0,0
11610,exact,0,1,2,0,0,0,0,0,0,0,0,0
11611,exact,0,1,4,0,0,0,0,0,0,0,0,0
11612,near,3,4,2,0,0,0,0,0,0,0,0,0
11613,far,7,9,3,0,1,0,0,0,0,0,0,0
11614,exact,9,41,21,0,0,2,2,0,1,0,0,0
11615,far,1,2,1,0,0,0,0,0,0,0,0,0
11616,near,5,6,1,0,1,0,0,1,0,1,1,0
11617,far,7,9,7,1,0,1,0,0,1,2,0,1
11618,exact,6,8,1,0,0,0,0,0,0,0,0,0
11619,far,7,9,1,0,0,0,0,0,0,0,0,0
11620,near,7,9,1,0,0,0,0,0,0,0,0,0
11621,exact,8,20,7,0,0,0,0,0,0,0,0,0
11622,exact,7,10,3,0,0,0,0,0,0,0,0,0
11624,exact,5,5,5,0,0,0,0,0,0,0,0,0
11625,exact,5,6,6,0,0,0,0,0,0,0,0,0
11626,near,1,2,3,0,0,0,0,0,0,0,0,0
11627,near,9,32,6,0,0,0,0,0,0,0,1,0
11628,near,7,9,3,0,0,0,0,0,0,0,0,0
11629,exact,5,5,3,0,0,0,0,0,0,0,0,0
11630,near,5,5,3,1,0,1,1,0,0,0,0,1
11631,far,3,4,2,0,0,0,0,0,0,0,0,0
11632,exact,1,2,1,0,0,0,0,0,0,0,0,0
11633,near,8,14,9,1,0,0,2,1,0,1,0,0
11634,exact,7,10,2,0,0,0,0,0,0,0,0,0
11635,exact,5,5,3,0,0,0,0,0,0,0,0,0
11636,exact,7,12,3,0,0,0,0,0,0,0,0,0
11637,exact,8,15,9,0,0,0,0,0,0,0,0,0
11638,exact,9,32,13,0,0,0,1,0,0,0,0,0
11639,exact,5,6,3,0,0,0,0,0,0,0,0,0
11640,near,5,6,5,0,0,0,0,0,0,0,0,0
11641,far,9,43,7,1,1,2,0,1,1,1,1,1
11642,exact,5,5,1,0,0,0,0,0,0,0,0,0
11643,exact,9,24,5,0,0,0,0,0,0,0,0,0
11644,exact,0,1,1,0,0,0,0,0,0,0,0,0
11645,exact,8,15,3,0,0,0,0,0,0,0,0,0
11646,near,0,1,4,0,0,0,0,0,0,0,0,0
11648,near,3,4,4,0,0,0,0,0,0,0,0,0
11649,far,9,26,9,0,0,0,0,0,0,0,0,0
11650,exact,7,10,2,0,0,0,0,0,0,0,0,0
11651,near,2,3,2,0,0,0,0,0,0,0,0,0
11652,near,3,4,2,0,0,0,0,0,0,0,0,0
11653,exact,9,61,30,4,2,1,2,0,1,0,0,1
11654,exact,6,7,4,0,0,0,0,0,0,0,0,0
11656,exact,9,43,9,0,0,0,0,0,0,0,0,0
11657,far,8,20,3,0,0,0,0,0,0,0,0,0
11660,exact,7,12,2,1,1,1,1,1,1,1,1,1
11661,exact,1,2,2,0,0,0,0,0,0,0,0,0
11662,exact,9,28,8,1,1,1,1,1,1,2,1,1
11663,near,3,4,7,0,0,0,0,0,0,0,0,0
11664,near,5,6,4,0,0,0,0,0,0,1,1,0
11665,exact,3,4,1,0,0,0,0,0,0,0,0,0
11666,exact,2,3,6,0,0,0,0,0,0,0,0,0
11667,exact,2,3,1,0,0,0,0,0,0,0,0,0
11669,exact,8,21,6,0,0,0,0,0,0,0,0,0
11670,far,1,2,1,0,0,0,0,0,0,0,0,0
11671,exact,3,4,1,0,0,0,0,0,0,0,0,0
11672,near,3,4,1,0,0,0,0,0,0,0,0,0
11673,exact,7,10,1,0,0,0,0,0,0,0,0,0
11674,near,8,14,6,0,0,0,0,0,0,0,0,0
11675,exact,9,41,8,0,0,0,0,0,0,0,0,0
11676,exact,8,19,6,0,0,0,0,0,0,0,0,0
11677,near,5,5,1,0,0,0,0,0,0,0,0,0
11679,near,9,89,31,3,2,3,6,3,2,5,4,2
11680,near,2,3,3,0,0,0,0,0,0,0,0,0
11681,near,8,16,3,0,0,0,0,0,0,0,0,0
11682,exact,3,4,2,2,2,2,2,2,2,2,2,2
11683,far,3,4,5,0,0,0,0,0,0,0,0,0
11684,exact,3,4,2,0,0,0,0,0,0,0,0,0
11685,near,5,5,3,0,0,0,0,0,0,0,0,0
11686,exact,5,6,2,0,0,0,0,0,0,0,0,0
11688,near,7,10,1,0,0,0,0,0,0,0,0,0
11690,exact,5,6,6,0,0,0,0,0,0,0,0,0
11691,exact,0,1,1,0,0,0,0,0,0,0,0,0
11692,far,9,22,5,3,3,3,3,3,3,3,3,3
11693,near,8,15,6,0,0,0,0,0,0,1,0,1
11694,exact,9,103,57,0,3,2,1,6,3,1,2,2
11695,exact,7,11,5,0,0,0,0,0,0,0,0,0
11696,exact,3,4,1,0,0,0,0,0,0,0,0,0
11697,near,7,11,4,0,0,0,0,0,0,0,0,0
11698,exact,2,3,2,0,0,0,0,0,0,0,0,0
11701,exact,9,104,53,2,2,3,1,2,3,4,1,4
11702,near,9,32,11,3,3,3,3,3,4,3,3,3
11703,near,8,14,12,0,1,0,0,0,0,0,0,0
11704,exact,0,1,3,0,0,0,0,0,0,0,0,0
11705,near,6,8,7,0,0,0,0,0,0,0,0,0
11706,exact,2,3,2,0,0,0,0,0,0,0,0,0
11707,near,5,5,1,0,0,0,0,0,0,0,0,0
11709,exact,8,13,2,0,0,0,0,0,0,0,0,0
11710,near,6,8,3,0,0,0,0,0,0,0,0,0
11711,near,2,3,1,0,0,0,0,0,0,0,0,0
11712,exact,1,2,2,0,0,0,0,0,0,0,0,0
11713,exact,5,6,1,0,0,0,0,0,0,0,0,0
11715,exact,7,9,2,1,0,0,1,1,1,0,0,0
11716,near,5,5,2,0,0,0,0,0,0,0,0,0
11717,near,9,27,3,3,3,2,2,3,2,3,3,2
11718,near,7,9,5,0,0,0,0,0,0,0,0,0
11719,near,8,14,5,0,0,0,0,0,0,0,0,0
11720,exact,1,2,1,0,0,0,0,0,0,0,0,0
11721,exact,7,9,2,0,0,0,0,0,0,0,0,0
11722,exact,1,2,1,0,0,0,0,0,0,0,0,0
11723,exact,7,9,3,0,0,0,0,0,0,0,0,0
11724,exact,1,2,4,0,0,0,0,0,0,0,0,0
11725,near,2,3,2,0,0,0,0,0,0,0,0,0
11726,exact,3,4,2,0,0,0,0,0,0,0,0,0
11727,exact,8,19,2,0,0,0,0,0,0,0,0,0
11728,near,6,8,3,0,0,0,0,0,0,0,0,0
11729,far,1,2,2,0,0,0,0,0,0,0,0,0
11730,exact,6,7,2,0,0,0,0,0,0,0,0,0
11731,exact,1,2,1,0,0,0,0,0,0,0,0,0
11732,exact,5,5,2,0,0,0,0,0,0,0,0,0
11733,near,8,16,7,0,0,0,0,0,0,0,0,0
11734,near,2,3,1,0,0,0,0,0,0,0,0,0
11735,near,5,6,1,0,0,0,0,0,0,0,0,0
11736,exact,2,3,3,0,0,0,0,0,0,0,0,0
11737,near,9,32,5,0,0,0,0,0,0,0,0,0
11738,exact,2,3,3,0,0,0,0,0,0,0,0,0
11739,exact,6,7,4,0,0,0,0,0,0,0,0,0
11740,exact,8,18,7,0,0,0,0,0,0,0,0,0
11741,near,1,2,3,0,0,0,0,0,0,0,0,0
11742,near,1,2,1,0,0,0,0,0,0,0,0,0
11743,near,5,5,5,0,0,0,0,0,0,0,0,0
11744,exact,2,3,3,0,0,0,0,0,0,0,0,0
11746,exact,6,7,2,0,0,0,0,0,0,0,0,0
11747,exact,6,7,4,0,0,0,0,0,0,0,0,0
11748,far,6,7,5,0,0,0,0,0,0,0,0,0
11749,far,3,4,3,0,0,0,0,0,0,0,0,0
11750,near,2,3,2,0,0,0,0,0,0,0,0,0
11751,near,9,43,18,0,2,0,0,2,0,0,0,0
11752,exact,3,4,1,0,0,0,0,0,0,0,0,0
11753,exact,8,16,3,0,0,0,0,0,0,0,0,0
11754,exact,5,6,6,0,0,0,0,0,0,0,0,0
11755,near,5,5,3,0,0,0,0,0,0,0,0,0
11756,exact,9,52,16,0,0,1,0,0,1,0,1,0
11757,exact,8,14,14,0,0,0,0,0,0,0,0,0
11759,exact,3,4,2,0,0,0,0,0,0,0,0,0
11760,near,9,33,15,0,0,0,0,0,0,0,0,0
11761,exact,5,6,3,0,0,0,0,0,0,0,0,0
11762,near,7,10,1,1,1,1,1,1,1,1,1,1
11763,exact,2,3,3,0,0,0,0,0,0,0,0,0
11764,exact,0,1,2,0,0,0,0,0,0,0,0,0
11765,exact,2,3,3,0,0,0,0,0,0,0,0,0
11766,exact,5,5,5,0,1,1,1,1,1,0,0,0
11767,exact,9,26,8,0,1,0,0,1,0,0,1,0
11768,near,9,122,45,7,4,6,5,2,9,7,1,6
11769,exact,9,43,23,0,0,0,0,0,0,0,0,0
11770,near,9,26,7,0,0,0,0,0,0,0,0,0
11772,near,7,10,4,0,0,0,0,0,0,0,0,0
11773,near,1,2,2,0,0,0,0,0,0,0,0,0
11774,far,1,2,5,0,0,0,0,0,0,0,0,0
11775,near,9,27,8,0,0,0,0,0,0,0,0,0
11777,exact,8,13,5,2,1,2,2,1,2,2,0,2
11778,near,1,2,5,0,1,0,0,0,0,0,1,0
11779,near,3,4,1,0,0,0,0,0,0,0,0,0
11780,near,1,2,2,0,0,0,0,0,0,0,0,0
11781,exact,6,7,4,0,0,0,0,0,0,0,0,0
11782,near,5,5,2,0,0,0,0,0,0,0,0,0
11783,exact,6,8,2,0,1,0,0,1,0,0,0,0
11784,exact,8,17,9,0,0,0,0,0,0,0,0,0
11785,near,2,3,2,0,0,0,0,0,0,0,0,0
11787,exact,1,2,2,0,0,0,0,0,0,0,0,0
11788,near,7,9,1,0,0,0,0,0,0,0,0,0
11789,exact,7,11,9,1,1,1,1,1,1,1,1,1
11790,exact,6,7,4,0,0,0,0,0,0,0,0,0
11791,far,2,3,4,0,0,0,0,0,0,0,0,0
11792,exact,2,3,2,0,0,0,0,0,0,0,0,0
11793,near,5,6,2,0,0,0,0,0,0,0,0,0
11794,exact,9,61,20,2,0,1,1,1,1,1,0,0
11795,near,2,3,2,0,0,0,0,0,0,0,0,0
11796,near,5,5,1,0,0,0,0,0,0,0,0,0
11797,exact,9,36,7,0,0,0,0,0,0,0,0,0
11798,exact,2,3,2,0,0,0,0,0,0,0,0,0
11799,exact,1,2,4,0,0,0,0,0,0,0,0,0
11800,far,1,2,2,0,0,0,0,0,0,0,0,0
11801,exact,8,14,1,0,0,0,0,0,0,0,0,0
11802,exact,1,2,6,0,0,0,0,0,0,0,0,0
11803,near,8,13,4,0,0,0,0,0,0,0,0,0
11805,exact,5,6,4,0,0,0,0,0,0,0,0,0
11806,far,9,32,14,4,4,4,6,4,5,4,4,4
11807,exact,1,2,1,0,0,0,0,0,0,0,0,0
11808,far,8,20,9,1,0,0,1,1,0,1,1,0
11810,near,3,4,1,0,0,0,0,0,0,0,0,0
11811,near,2,3,1,0,0,0,0,0,0,0,0,0
11812,near,1,2,1,0,0,0,0,0,0,0,0,0
11814,exact,1,2,2,0,0,0,0,0,0,0,0,0
11815,exact,1,2,5,0,0,0,0,0,0,0,0,0
11816,exact,9,32,24,0,0,0,0,0,0,0,0,0
11818,exact,1,2,1,0,0,0,0,0,0,0,0,0
11820,exact,7,12,3,0,0,0,0,0,0,0,0,0
11821,near,2,3,2,0,0,0,0,0,0,0,0,0
11822,exact,9,26,11,0,0,0,0,0,0,0,0,0
11823,exact,7,11,4,0,0,0,0,0,0,0,0,0
11824,near,8,17,11,0,0,0,0,0,0,0,0,0
11825,exact,6,7,2,0,0,0,0,0,0,0,0,0
11826,exact,7,11,5,0,0,1,0,0,0,0,0,0
11828,exact,7,11,5,0,0,0,0,0,0,0,0,0
11829,near,8,16,3,0,1,0,0,0,1,0,0,0
11830,exact,3,4,2,0,0,0,0,0,0,0,0,0
11831,exact,5,6,2,0,0,0,0,0,0,0,0,0
11832,exact,2,3,2,0,0,0,0,0,0,0,0,0
11833,exact,3,4,1,0,0,0,0,0,0,0,0,0
11834,exact,0,0,2,0,0,0,0,0,0,0,0,0
11836,exact,1,2,4,0,0,0,0,0,0,0,0,0
11837,far,5,5,1,0,0,0,0,0,0,0,0,0
11838,exact,6,7,5,0,0,0,0,0,0,0,0,0
11839,near,3,4,2,0,0,0,0,0,0,0,0,0
11840,near,9,50,13,1,0,1,1,0,1,0,0,1
11841,near,0,1,1,0,0,0,0,0,0,0,0,0
11842,near,9,177,71,11,11,16,20,21,15,10,14,14
11843,near,1,2,1,0,0,0,0,0,0,0,0,0
11844,exact,2,3,5,0,0,0,0,0,0,0,0,0
11845,exact,3,4,1,0,0,0,0,0,0,0,0,0
11846,near,6,7,2,0,0,0,0,0,0,0,0,0
11848,exact,8,15,11,1,1,1,1,1,1,0,1,1
11850,exact,2,3,1,0,0,0,0,0,0,0,0,0
11851,exact,9,46,21,0,0,0,0,1,0,1,0,0
11852,exact,9,68,35,1,0,0,1,2,0,0,0,0
11853,exact,9,24,13,0,0,0,0,0,1,0,0,0
11854,exact,1,2,2,0,0,0,0,0,0,0,0,0
11855,near,1,2,2,0,0,0,0,0,0,0,0,0
11856,exact,2,3,1,0,0,0,0,0,0,0,0,0
11857,exact,3,4,3,0,0,0,0,0,0,0,0,0
11858,exact,5,6,6,0,0,0,0,0,0,0,0,0
11860,near,2,3,2,0,0,0,0,0,0,0,0,0
11861,exact,1,2,3,0,0,0,0,1,1,0,0,0
11862,far,7,12,2,0,0,0,0,0,0,0,0,0
11863,near,3,4,4,0,0,0,0,0,0,0,0,0
11865,far,6,8,3,0,0,0,0,0,0,0,0,0
11866,far,6,7,4,0,0,0,0,0,0,0,0,0
11867,far,5,6,4,0,0,0,0,0,0,0,0,0
11868,exact,5,5,1,0,0,0,0,0,0,0,0,0
11869,near,1,2,2,0,0,0,0,0,0,0,0,0
11870,near,6,7,2,0,0,0,0,0,0,0,0,0
11871,near,0,0,3,0,0,0,0,0,0,0,0,0
11872,near,9,31,20,6,5,7,7,6,7,6,7,7
11873,exact,2,3,4,0,0,0,0,0,0,0,0,0
11874,exact,1,2,1,0,0,0,0,0,0,0,0,0
11875,far,6,8,2,0,0,0,0,0,0,0,0,0
11876,exact,8,15,6,2,1,1,2,2,1,2,2,1
11877,exact,3,4,7,0,0,0,1,0,0,0,0,0
11878,exact,3,4,1,0,0,0,0,0,0,0,0,0
11879,exact,7,9,3,0,0,0,0,0,0,0,0,0
11880,near,5,6,2,0,0,0,0,0,0,0,0,0
11881,near,9,119,50,1,2,4,2,2,1,0,4,1
11882,exact,9,154,73,6,8,4,4,3,3,7,8,0
11883,exact,8,20,4,0,0,0,0,0,0,0,0,0
11884,near,9,48,8,2,1,0,0,1,1,1,1,0
11885,far,5,6,2,0,0,0,0,0,0,0,0,0
11886,exact,7,11,9,0,0,0,0,0,0,0,0,0
11887,near,0,1,1,0,0,0,0,0,0,0,0,0
11888,exact,7,9,1,0,0,0,0,0,0,0,0,0
11889,exact,3,4,1,0,0,0,0,0,0,0,0,0
11890,near,1,2,1,0,0,0,0,0,0,0,0,0
11891,exact,6,7,3,0,0,0,0,0,0,0,0,0
11892,exact,7,9,2,0,0,0,0,0,0,0,0,0
11893,near,3,4,1,0,0,0,0,0,0,0,0,0
11894,near,9,72,32,1,3,3,3,3,3,2,2,3
11895,exact,1,2,4,0,0,0,0,0,0,0,0,0
11896,far,5,6,1,0,0,0,0,0,0,0,0,0
11897,near,2,3,1,0,0,0,0,0,0,0,0,0
11898,far,9,44,15,0,0,0,1,0,0,0,1,1
11899,near,6,8,5,0,0,0,0,0,0,0,0,0
11900,exact,8,13,7,0,0,0,0,0,0,0,0,0
11901,exact,9,55,20,2,0,0,1,1,1,2,1,0
11902,exact,7,10,5,0,0,0,0,0,0,0,0,0
11904,near,9,43,11,0,0,0,0,0,0,0,0,1
11905,far,3,4,1,0,0,0,0,0,0,0,0,0
11906,near,6,7,2,0,0,0,0,0,0,0,0,0
11907,exact,7,10,1,0,0,0,0,0,0,0,0,0
11908,far,9,23,9,0,0,0,0,0,0,0,0,0
11909,exact,7,12,11,0,0,0,0,0,0,0,0,0
11910,exact,8,16,11,0,0,0,0,0,0,0,0,0
11911,exact,1,2,3,0,0,0,0,0,0,0,0,0
11912,near,9,48,13,1,1,1,1,1,1,1,0,2
11913,near,8,13,6,0,0,0,0,0,0,0,0,0
11914,far,7,12,4,0,0,0,0,0,0,0,0,0
11915,near,9,38,4,0,0,0,0,0,0,0,0,0
11916,near,2,3,1,0,0,0,0,0,0,0,0,0
11917,far,7,9,4,0,0,0,0,0,0,0,0,0
11918,far,8,13,4,0,0,0,0,0,0,0,0,0
11919,exact,7,9,3,0,0,0,0,0,0,0,0,0
11920,near,5,6,1,0,0,0,0,0,0,0,0,0
11922,exact,3,4,1,0,0,0,0,0,0,0,0,0
11923,near,5,6,1,0,0,0,0,0,0,0,0,0
11924,near,8,16,13,1,2,2,1,2,2,1,0,1
11925,near,3,4,2,0,0,0,0,0,0,0,0,0
11926,near,9,32,15,1,1,1,1,1,1,0,1,1
11927,near,3,4,1,0,0,0,0,0,0,0,0,0
11928,exact,9,23,6,0,0,0,0,0,0,0,0,0
11929,near,9,82,39,3,1,1,3,1,1,5,2,2
11930,exact,0,1,2,0,0,0,0,0,0,0,0,0
11931,far,5,6,1,0,0,0,0,0,0,0,0,0
11933,near,3,4,1,0,0,0,0,0,0,0,0,0
11934,near,6,8,3,0,0,0,0,0,0,0,0,0
11935,near,9,22,13,0,0,0,0,0,0,0,0,0
11936,exact,5,5,2,0,0,0,0,0,0,0,0,0
11937,exact,3,4,3,0,0,0,0,0,0,0,0,0
11938,exact,3,4,2,0,0,0,0,0,0,0,0,0
11939,exact,6,7,1,0,0,0,0,0,0,0,0,0
11940,exact,7,10,6,0,0,0,0,0,0,0,0,0
11941,near,2,3,1,0,0,0,0,0,0,0,0,0
11942,exact,1,2,2,0,0,0,0,0,0,0,0,0
11943,far,9,36,18,0,0,0,0,1,0,0,0,0
11944,exact,7,10,1,0,0,0,0,0,0,0,0,0
11945,exact,2,3,1,0,0,0,0,0,0,0,0,0
11946,exact,1,2,4,0,0,0,0,0,0,0,0,0
11947,near,7,11,5,0,0,0,0,0,0,0,0,0
11948,near,7,9,2,0,0,0,0,0,0,0,0,0
11949,exact,8,17,10,1,1,1,1,1,1,1,1,0
11950,exact,6,8,1,0,0,0,0,0,0,0,0,0
11951,exact,5,6,1,0,0,0,0,0,0,0,0,0
11952,near,8,16,11,0,0,1,0,0,0,0,0,0
11953,exact,7,12,6,0,0,0,0,0,0,0,0,0
11954,near,9,47,12,0,2,1,0,2,1,0,2,1
11955,near,5,6,1,0,0,0,0,0,0,0,0,0
11956,exact,2,3,3,0,0,0,0,0,0,0,0,0
11957,near,8,16,4,0,0,0,0,0,0,0,0,0
11959,exact,5,6,1,0,0,0,0,0,0,0,0,0
11960,exact,7,11,2,0,0,0,0,0,0,0,0,0
11961,exact,1,2,2,0,0,0,0,0,0,0,0,0
11962,near,8,19,4,0,0,1,0,0,1,0,0,0
11963,near,5,5,5,0,0,0,0,0,0,0,0,0
11964,near,7,10,1,0,0,0,0,0,0,0,0,0
11965,exact,9,28,7,0,0,0,0,0,0,0,1,0
11966,exact,5,6,2,0,0,0,0,0,0,0,0,0
11967,near,3,4,1,0,0,0,0,0,0,0,0,0
11968,near,1,2,2,0,0,0,0,0,0,0,0,0
11970,exact,0,1,2,0,0,0,0,0,0,0,0,0
11972,near,3,4,1,0,0,0,0,0,0,0,0,0
11973,exact,9,24,9,1,0,0,0,0,0,1,0,0
11974,exact,3,4,1,0,0,0,0,0,0,0,0,0
11975,near,3,4,3,0,0,0,0,0,0,0,0,0
11976,near,2,3,2,0,0,0,0,0,0,0,0,0
11977,exact,8,13,6,1,0,2,1,0,2,0,0,2
11978,exact,7,10,1,0,0,0,0,0,0,0,0,0
11979,exact,9,35,21,0,1,0,1,1,0,0,0,0
11980,exact,7,12,8,0,0,0,0,0,0,0,0,0
11981,exact,5,6,1,0,0,0,0,0,0,0,0,0
11982,near,0,0,1,0,0,0,0,0,0,0,0,0
11983,near,6,7,3,0,0,0,0,0,0,0,0,0
11984,near,2,3,2,0,0,0,0,0,0,0,0,0
11985,near,5,6,1,0,0,0,0,0,0,0,0,0
11986,exact,3,4,1,0,0,0,0,0,0,0,0,0
11987,exact,8,13,2,0,0,0,0,0,0,0,0,0
11989,near,5,5,4,0,0,0,0,0,0,0,0,0
11990,far,8,15,3,0,0,0,0,0,0,0,0,0
11991,far,9,38,18,5,5,4,5,5,4,5,5,3
11992,exact,2,3,2,0,0,0,0,0,0,0,0,0
11993,near,2,3,3,0,0,0,0,0,0,0,0,0
11994,near,6,7,2,0,0,0,0,0,0,0,0,0
11996,near,1,2,2,0,0,0,0,0,0,0,0,0
11997,far,6,7,1,0,0,0,0,0,0,0,0,0
11998,exact,6,8,2,0,0,0,0,0,0,0,0,0
11999,near,9,23,16,0,0,0,0,0,0,0,0,0
12000,exact,2,3,2,0,0,0,0,0,0,0,0,0
12001,exact,7,9,2,0,0,0,0,0,0,0,0,0
12002,exact,9,32,11,0,0,0,0,0,0,0,0,0
12003,near,9,123,43,5,3,3,5,3,3,6,5,2
12004,exact,8,21,10,0,0,0,0,0,0,0,0,1
12005,exact,3,4,2,0,0,0,0,0,0,0,0,0
12006,exact,3,4,3,0,0,0,0,0,0,0,0,0
12007,near,3,4,2,0,0,0,0,0,0,0,0,0
12008,exact,6,7,4,0,0,0,0,0,0,0,0,0
12009,near,9,65,23,0,1,2,1,0,2,0,1,1
12011,exact,7,9,2,0,0,0,0,0,0,0,0,0
12012,near,6,8,2,0,0,0,0,0,0,0,0,0
12013,near,3,4,1,0,0,0,0,0,0,0,0,0
12014,near,5,6,3,0,0,0,0,0,0,0,0,0
12015,exact,8,15,15,0,0,0,0,0,0,0,0,0
12016,exact,7,9,6,0,0,0,0,0,0,0,0,0
12017,exact,5,5,3,0,0,0,0,0,0,0,0,0
12018,near,1,2,3,0,0,0,0,0,0,0,0,0
12019,near,8,20,1,0,0,0,0,0,0,0,0,0
12020,exact,7,9,3,0,0,0,0,0,0,0,0,0
12021,exact,2,3,1,0,0,0,0,0,0,0,0,0
12023,near,5,5,4,0,0,0,0,0,0,0,0,0
12024,exact,1,2,3,0,0,0,0,0,0,0,0,0
12025,exact,5,6,2,0,0,0,0,0,0,0,0,0
12026,exact,9,31,5,1,1,1,1,2,1,0,1,1
12028,exact,0,1,1,0,0,0,0,0,0,0,0,0
12029,exact,8,15,3,0,0,0,0,0,0,0,0,0
12030,far,5,6,3,0,0,0,0,0,0,0,0,0
12031,exact,8,17,3,0,0,0,0,0,0,0,0,0
12032,far,6,8,1,0,0,0,0,0,0,0,0,0
12033,exact,7,9,4,0,0,0,0,0,0,0,0,0
12034,exact,7,10,2,0,0,0,0,0,0,0,0,0
12035,exact,2,3,1,0,0,0,0,0,0,0,0,0
12037,exact,2,3,2,0,0,0,0,0,0,0,0,0
12038,near,8,20,4,0,0,0,0,1,0,0,0,1
12039,near,5,6,1,0,0,0,0,0,0,0,0,0
12040,far,6,7,3,0,0,0,0,0,0,0,0,0
12041,near,5,5,5,0,0,0,0,0,0,0,0,0
12042,near,6,8,5,0,0,0,0,0,0,0,0,0
12043,exact,3,4,3,0,0,0,0,0,0,0,0,0
12044,near,9,36,12,0,0,0,0,0,0,0,0,0
12045,exact,5,6,3,0,0,0,0,0,0,0,0,0
12046,exact,8,18,7,0,0,0,0,0,0,0,0,0
12047,near,6,7,1,0,0,0,0,0,0,0,0,0
12048,near,5,6,3,0,0,0,0,0,0,0,0,0
12049,near,8,21,6,0,0,0,1,0,0,0,0,0
12050,exact,5,6,4,0,0,0,0,0,0,0,0,0
12052,near,8,14,4,0,0,0,0,0,0,0,0,0
12053,exact,7,10,5,0,0,0,0,0,0,0,0,0
12054,near,3,4,3,0,0,0,0,0,0,0,0,0
12055,exact,8,16,6,0,0,0,0,0,0,0,0,0
12056,exact,1,2,3,0,0,0,0,0,0,0,0,0
12058,exact,6,7,2,0,0,0,0,0,0,0,0,0
12059,exact,7,10,3,0,0,0,0,0,0,0,0,0
12060,exact,7,12,7,0,0,0,0,0,0,0,0,0
12061,exact,9,36,11,3,3,3,3,3,3,4,3,3
12063,exact,2,3,1,0,0,0,0,0,0,0,0,0
12064,exact,6,8,2,0,0,0,0,0,0,0,0,0
12065,near,5,6,2,0,0,0,0,0,0,0,0,0
12067,near,1,2,2,0,0,0,0,0,0,0,0,0
12068,exact,3,4,2,0,0,0,0,0,0,0,0,0
12069,exact,0,0,2,0,0,0,0,0,0,0,0,0
12070,far,5,6,2,0,0,0,0,0,0,0,0,0
12072,near,2,3,3,0,0,0,0,0,0,0,0,0
12073,far,6,7,3,0,0,0,0,0,0,0,0,0
12074,exact,2,3,1,0,0,0,0,0,0,0,0,0
12075,exact,1,2,1,0,0,0,0,0,0,0,0,0
12076,exact,6,7,2,0,0,0,0,0,0,0,0,0
12077,near,0,1,3,0,0,0,0,0,0,0,0,0
12078,near,5,6,4,0,0,0,0,0,0,0,0,0
12079,exact,0,1,2,0,0,0,0,0,0,0,0,0
12080,exact,1,2,4,0,0,0,0,0,0,0,0,0
12081,near,9,30,22,0,0,0,0,0,0,0,0,0
12082,exact,1,2,1,0,0,0,0,0,0,0,0,0
12083,exact,3,4,2,0,0,0,0,0,0,0,0,0
12084,near,7,10,7,0,0,0,0,0,0,0,0,0
12086,exact,9,34,5,0,0,0,0,0,0,0,0,0
12087,exact,6,8,4,0,0,0,0,0,0,0,0,0
12088,near,2,3,1,0,0,0,0,0,0,0,0,0
12089,exact,9,29,11,0,0,0,0,0,0,0,0,0
12090,exact,5,5,4,1,1,1,1,1,1,1,1,1
12092,far,9,27,7,0,0,0,0,0,0,0,0,0
12093,near,3,4,3,0,0,0,0,0,0,0,0,0
12094,near,1,2,1,0,0,0,0,0,0,0,0,0
12095,near,2,3,3,0,0,0,0,0,0,0,0,0
12096,exact,3,4,2,0,0,0,0,0,0,0,0,0
12098,near,5,5,1,0,0,0,0,0,0,0,0,0
12099,exact,7,11,1,0,0,0,0,0,0,0,0,0
12100,near,3,4,1,0,0,0,0,0,0,0,0,0
12101,exact,7,9,3,0,0,0,0,0,0,0,0,0
12102,exact,2,3,3,0,0,0,0,0,0,0,0,0
12103,exact,3,4,1,0,0,0,0,0,0,0,0,0
12104,exact,3,4,1,0,0,0,0,0,0,0,0,0
12105,exact,5,6,1,0,0,0,0,0,0,0,0,0
12107,near,3,4,4,0,0,0,0,0,0,0,0,0
12108,exact,5,6,4,1,1,1,1,1,1,1,1,1
12109,near,6,8,5,0,0,0,0,0,0,0,0,0
12110,exact,5,5,3,0,0,0,0,0,0,0,0,0
12112,near,1,2,4,0,0,0,0,0,0,0,0,0
12113,near,3,4,2,0,0,0,0,0,0,0,0,0
12114,exact,8,13,6,0,0,0,0,0,0,0,0,0
12115,exact,8,15,6,0,0,0,0,0,0,0,0,0
12116,near,5,5,3,1,1,1,1,1,1,1,1,0
12117,exact,2,3,2,0,0,0,0,0,0,0,0,0
12118,exact,2,3,2,0,0,0,0,0,0,0,0,0
12119,near,6,8,2,0,0,0,0,0,0,0,0,0
12120,exact,3,4,1,0,0,0,0,0,0,0,0,0
12121,near,5,6,2,0,0,0,0,0,0,0,0,0
12122,far,9,22,2,0,0,0,0,0,0,0,0,0
12123,exact,6,8,5,0,0,0,0,0,0,0,0,0
12124,near,3,4,2,0,0,0,0,0,0,0,0,0
12125,near,6,8,3,0,0,0,0,0,0,0,0,0
12126,exact,0,1,3,0,0,0,0,0,0,0,0,0
12127,exact,6,7,4,0,0,0,0,0,0,0,0,0
12128,near,0,1,3,0,0,0,0,0,0,0,0,0
12129,exact,1,2,2,0,0,0,0,0,0,0,0,0
12130,exact,1,2,4,0,0,0,0,0,0,0,0,0
12131,exact,5,5,3,0,0,0,0,0,0,0,0,0
12132,exact,5,6,1,0,0,0,0,0,0,0,0,0
12133,exact,9,34,20,1,0,0,1,0,1,1,0,0
12134,far,5,5,2,0,0,0,0,0,0,0,0,0
12135,far,7,9,3,0,0,0,0,0,0,0,0,0
12136,near,2,3,1,0,0,0,0,0,0,0,0,0
12137,near,5,5,1,0,0,0,0,0,0,0,0,0
12138,near,9,26,8,0,0,0,0,0,0,0,0,2
12139,exact,0,1,2,0,0,0,0,0,0,0,0,0
12140,exact,7,9,2,0,0,0,0,0,0,0,0,0
12141,exact,9,34,12,0,0,0,0,0,0,1,0,0
12142,exact,9,29,15,2,2,2,3,3,2,2,2,2
12143,near,1,2,3,0,0,0,0,0,0,0,0,0
12144,exact,2,3,2,0,0,0,0,0,0,0,0,0
12145,exact,5,5,2,0,0,0,0,0,0,0,0,0
12146,near,2,3,2,0,0,0,0,0,0,0,0,0
12147,exact,3,4,3,0,0,0,0,0,0,0,0,0
12148,exact,5,5,3,0,0,0,0,0,0,0,0,0
12149,near,7,9,4,0,0,0,0,0,0,0,0,0
12150,near,2,3,1,0,0,0,0,0,0,0,0,0
12153,exact,6,8,1,0,0,0,0,0,0,0,0,0
12154,near,5,5,3,0,0,0,0,0,0,0,0,0
12156,near,5,6,3,0,0,0,0,0,0,0,0,0
12157,exact,5,5,2,0,0,0,0,0,0,0,0,0
12158,exact,6,7,2,0,0,0,0,0,0,0,0,0
12159,exact,2,3,1,0,0,0,0,0,0,0,0,0
12160,exact,1,2,1,0,0,0,0,0,0,0,0,0
12161,exact,2,3,1,0,0,0,0,0,0,0,0,0
12162,exact,5,6,2,0,0,0,0,0,0,0,0,0
12163,exact,8,21,7,0,0,0,0,0,0,0,0,0
12164,exact,5,5,1,0,0,0,0,0,0,0,0,0
12165,near,8,17,5,0,1,0,0,1,1,0,1,0
12166,exact,9,77,24,1,0,2,0,1,3,2,1,2
12167,exact,3,4,4,1,1,1,1,2,1,2,1,1
12168,near,2,3,5,0,0,0,0,0,0,0,0,0
12169,near,5,5,1,1,0,0,1,1,1,1,0,0
12170,far,2,3,3,0,0,0,0,0,0,0,0,0
12171,near,3,4,1,0,0,0,0,0,0,0,0,0
12172,exact,6,7,4,0,0,0,0,0,0,0,1,0
12174,exact,8,13,3,0,0,0,0,0,0,0,0,0
12175,exact,7,12,5,0,0,0,0,0,0,0,0,0
12176,near,8,14,6,0,0,0,0,0,0,0,0,0
12177,exact,7,12,7,0,0,0,0,0,0,0,0,0
12178,exact,7,10,6,1,1,1,1,1,1,0,1,0
12179,exact,8,17,2,0,0,0,0,0,0,0,0,0
12180,exact,9,32,17,1,0,0,1,0,0,0,0,0
12181,exact,5,6,3,0,0,0,0,0,0,0,0,0
12182,far,3,4,2,0,0,0,0,0,0,0,0,0
12183,exact,2,3,3,0,0,0,0,0,0,0,0,0
12184,far,9,27,9,0,0,1,1,0,1,0,0,1
12185,exact,9,34,13,0,0,0,0,0,1,0,0,0
12186,exact,2,3,2,0,0,0,0,0,0,0,0,0
12187,exact,2,3,3,0,0,0,0,0,0,0,0,0
12188,near,8,17,5,0,0,0,0,0,0,0,0,0
12189,exact,9,37,12,0,0,0,0,0,0,0,0,0
12192,near,0,0,2,0,0,0,0,0,0,0,0,0
12193,near,1,2,3,0,0,0,0,0,0,0,0,0
12194,exact,3,4,1,0,0,0,0,0,0,0,0,0
12195,exact,1,2,3,0,0,0,0,0,0,0,0,0
12197,exact,9,24,17,1,1,1,1,1,1,1,1,2
12200,near,3,4,1,0,0,0,0,0,0,0,0,0
12201,exact,6,8,1,0,0,0,0,0,0,0,0,0
12202,exact,3,4,1,0,0,0,0,0,0,0,0,0
12203,exact,3,4,1,0,0,0,0,0,0,0,0,0
12204,near,0,1,1,0,0,0,0,0,0,0,0,0
12205,exact,7,10,1,0,0,0,0,0,0,0,0,0
12206,exact,2,3,1,0,0,0,0,0,0,0,0,0
12208,exact,8,18,7,0,0,0,0,0,0,0,0,0
12210,exact,6,7,4,0,0,0,0,0,0,0,0,0
12211,near,8,16,2,1,1,0,1,0,0,0,0,0
12212,exact,5,6,3,0,0,0,0,0,0,0,0,0
12213,far,1,2,2,0,0,0,0,0,0,0,0,0
12214,near,2,3,2,0,0,0,0,0,0,0,0,0
12215,near,2,3,2,0,0,0,0,0,0,0,0,0
12216,exact,2,3,1,0,0,0,0,0,0,0,0,0
12217,exact,1,2,3,0,0,0,0,0,0,0,0,0
12218,far,2,3,1,0,0,0,0,0,0,0,0,0
12219,exact,2,3,1,0,0,0,0,0,0,0,0,0
12220,exact,6,7,1,0,0,0,0,0,0,0,0,0
12221,exact,6,7,4,0,0,0,0,0,0,0,0,0
12223,exact,5,5,1,0,0,0,0,0,0,0,0,0
12224,exact,3,4,1,0,0,0,0,0,0,0,0,0
12225,near,1,2,1,0,0,0,0,0,0,0,0,0
12226,exact,6,7,5,0,0,0,0,0,0,0,0,0
12227,near,3,4,2,0,0,0,0,0,0,0,0,0
12228,far,9,46,14,1,0,0,1,1,0,1,0,0
12229,exact,5,5,1,0,0,0,0,0,0,0,0,0
12230,exact,3,4,1,0,0,0,0,0,0,0,0,0
12232,near,6,8,3,0,0,0,0,0,0,0,0,0
12233,exact,5,6,1,0,0,0,0,0,0,0,0,0
12234,exact,7,11,4,0,0,0,0,0,0,0,0,0
12235,exact,1,2,3,0,0,0,0,0,0,0,0,0
12236,near,9,29,9,0,0,0,0,0,0,0,0,0
12237,exact,8,17,19,0,0,0,0,0,0,0,0,0
12238,far,5,6,2,0,0,0,0,0,0,0,0,0
12239,far,2,3,2,0,0,0,0,0,0,0,0,0
12240,near,5,5,1,0,0,0,0,0,0,0,0,0
12241,far,6,7,4,0,0,0,0,0,0,0,0,0
12242,far,3,4,2,0,0,0,0,0,0,0,0,0
12243,far,5,5,3,0,0,0,0,0,0,0,0,0
12244,far,9,23,6,0,0,0,0,0,0,0,0,0
12246,exact,8,13,3,0,0,0,0,0,0,0,0,0
12247,exact,3,4,1,1,1,1,1,1,1,1,1,1
12248,near,8,19,2,0,0,0,0,0,0,0,0,0
12249,exact,9,22,6,0,0,1,1,0,1,0,0,1
12250,near,6,7,4,0,0,0,0,0,0,0,0,0
12251,near,7,10,5,0,0,0,0,0,0,0,0,0
12252,exact,7,10,10,0,0,1,0,0,1,0,0,1
12253,exact,2,3,3,0,0,0,0,0,0,0,0,0
12254,exact,7,11,5,0,0,0,0,0,1,0,0,0
12255,near,9,33,11,1,0,0,0,0,0,1,0,0
12257,far,8,21,11,0,1,0,0,0,0,0,0,0
12258,exact,7,10,7,0,0,0,0,0,0,0,0,0
12259,far,3,4,3,0,0,0,0,0,0,0,0,0
12260,exact,8,20,10,0,0,0,0,0,0,0,0,0
12262,exact,9,51,15,0,0,0,1,0,0,0,1,1
12263,near,7,9,1,1,1,1,1,1,0,1,1,0
12264,exact,8,20,10,0,0,0,0,0,0,0,0,0
12265,exact,1,2,2,0,0,0,0,0,0,0,0,0
12266,exact,5,5,4,0,0,0,0,0,0,0,0,0
12267,exact,5,6,1,0,0,0,0,0,0,0,0,0
12268,near,7,10,4,0,0,0,0,0,0,0,0,0
12269,near,9,45,9,0,0,0,1,0,0,0,0,0
12270,near,3,4,3,0,0,0,0,0,0,0,0,0
12271,exact,1,2,1,0,0,0,0,0,0,0,0,0
12272,exact,9,80,31,1,1,2,1,1,1,1,1,4
12274,exact,2,3,1,1,1,1,1,1,1,1,1,1
12275,exact,5,5,1,0,0,0,0,0,0,0,0,0
12276,exact,2,3,1,0,0,0,0,0,0,0,0,0
12278,exact,1,2,2,0,0,0,0,0,0,0,0,0
12279,exact,5,6,1,0,0,0,0,0,0,0,0,0
12280,exact,3,4,1,0,0,0,0,0,0,0,0,0
12281,far,2,3,1,0,0,0,0,0,0,0,0,0
12282,near,9,32,15,1,0,0,2,0,0,1,0,0
12283,far,8,14,4,1,1,1,1,1,1,2,1,1
12284,exact,1,2,2,0,0,0,0,0,0,0,0,0
12285,far,5,5,2,0,0,0,0,0,0,0,0,0
12286,near,7,11,7,0,0,0,0,0,0,0,0,0
12287,exact,2,3,1,0,0,0,0,0,0,0,0,0
12288,near,7,11,3,0,0,0,0,0,0,0,0,0
12289,near,9,124,49,12,3,7,6,7,7,9,5,6
12291,far,9,23,1,0,0,0,0,0,0,0,0,0
12292,exact,6,8,2,0,0,0,0,0,0,0,0,0
12293,exact,6,8,1,0,0,0,0,0,0,0,0,0
12294,exact,2,3,4,0,0,0,0,0,0,0,0,0
12295,near,3,4,1,0,0,0,0,0,0,0,0,0
12296,exact,5,5,1,0,0,0,0,0,0,0,0,0
12297,exact,3,4,2,0,0,0,0,0,0,0,0,0
12299,exact,8,13,5,2,1,2,2,1,2,2,1,2
12300,near,7,11,6,0,0,0,0,0,0,0,0,0
12301,near,8,21,7,0,0,0,0,0,0,0,0,0
12302,near,5,6,5,0,0,0,0,0,0,0,0,0
12303,near,1,2,2,0,0,0,0,0,0,0,0,0
12304,near,0,1,4,0,0,0,0,0,0,0,0,0
12305,near,9,28,5,3,1,1,1,1,1,2,1,2
12306,near,9,40,21,2,4,1,3,6,4,0,3,3
12307,near,7,10,5,0,0,0,0,0,0,0,0,0
12308,exact,3,4,3,1,1,1,0,0,0,1,1,1
12309,far,5,6,5,0,0,0,0,0,0,0,0,0
12311,exact,1,2,1,0,0,0,0,0,0,0,0,0
12312,near,5,6,4,0,0,0,0,0,0,0,0,0
12314,exact,6,7,3,0,0,0,0,0,0,0,0,0
12315,exact,3,4,1,0,0,0,0,0,0,0,0,0
12316,near,7,9,4,0,0,0,0,0,0,0,0,0
12317,exact,8,16,8,0,0,0,0,0,0,0,0,1
12318,near,2,3,2,0,0,0,0,0,0,0,0,0
12319,exact,3,4,2,0,0,0,0,0,0,0,0,0
12320,exact,9,69,29,2,3,2,4,4,3,1,3,1
12321,exact,5,6,4,2,2,2,2,2,2,2,1,2
12322,exact,5,6,1,0,0,0,0,0,0,0,0,0
12324,exact,9,40,13,0,0,0,0,0,1,0,1,0
12325,exact,5,5,2,0,0,0,0,0,0,0,0,0
12326,near,3,4,3,1,1,0,0,1,1,0,1,0
12327,exact,7,10,7,0,0,0,0,0,0,0,0,0
12329,exact,7,10,2,0,0,0,0,0,0,0,0,0
12330,near,5,5,1,0,0,0,0,0,0,0,0,0
12331,exact,2,3,1,0,0,0,0,0,0,0,0,0
12332,near,1,2,2,0,0,0,0,0,0,0,0,0
12333,near,9,63,19,0,0,1,2,2,2,3,3,2
12335,exact,5,6,1,0,0,0,0,0,0,0,0,0
12336,near,1,2,2,0,0,0,0,0,0,0,0,0
12337,exact,7,11,6,0,0,0,0,0,0,0,0,0
12338,exact,0,0,3,0,0,0,0,0,0,0,0,0
12339,exact,2,3,2,0,0,0,0,0,0,0,0,0
12340,exact,6,7,2,0,0,0,0,0,0,0,0,0
12341,exact,5,6,3,0,0,0,0,0,0,0,0,0
12342,exact,8,14,9,0,0,0,0,0,0,0,0,0
12343,near,6,7,4,0,0,0,0,0,0,0,0,0
12344,near,8,13,9,0,0,0,0,0,0,0,0,0
12345,exact,2,3,1,0,0,0,0,0,0,0,0,0
12347,near,9,187,82,6,4,6,8,9,7,5,7,6
12349,exact,5,6,5,0,0,0,0,0,0,0,0,0
12350,exact,3,4,2,0,0,0,0,0,0,0,0,0
12351,near,8,18,10,0,0,0,0,0,0,0,0,0
12352,far,6,7,6,0,0,0,0,0,0,0,0,0
12353,exact,2,3,2,0,0,0,0,0,0,0,0,0
12354,exact,7,9,4,0,0,0,0,0,0,0,0,0
12355,near,0,1,4,0,0,0,0,0,0,0,0,0
12357,near,3,4,1,0,0,0,0,0,0,0,0,0
12358,far,9,41,28,0,0,1,0,1,0,0,0,1
12359,near,5,5,2,0,0,0,0,0,0,0,0,0
12361,exact,2,3,2,0,0,0,0,0,0,0,0,0
12362,exact,5,5,1,0,0,0,0,0,0,0,0,0
12363,near,1,2,1,0,0,0,0,0,0,0,0,0
12364,exact,3,4,1,0,0,0,0,0,0,0,0,0
12365,exact,9,70,12,2,0,2,2,2,2,1,1,2
12366,exact,0,1,2,0,0,0,0,0,0,0,0,0
12367,exact,6,7,2,0,0,0,0,0,0,0,0,0
12368,near,3,4,1,0,0,0,0,0,0,0,0,0
12369,far,2,3,1,0,0,0,0,0,0,0,0,0
12370,near,7,9,2,0,0,0,0,0,0,0,0,0
12371,near,2,3,1,0,0,0,0,0,0,0,0,0
12373,exact,2,3,2,0,0,0,0,0,0,0,0,0
12374,near,9,48,22,0,1,0,0,1,0,0,0,0
12375,exact,3,4,1,0,0,0,0,0,0,0,0,0
12376,exact,2,3,2,0,0,0,0,0,0,0,0,0
12377,exact,5,5,3,0,0,0,0,0,0,0,0,0
12378,near,2,3,2,0,0,0,0,0,0,0,0,0
12379,exact,1,2,1,0,0,0,0,0,0,0,0,0
12380,exact,2,3,1,0,0,0,0,0,0,0,0,0
12381,near,9,68,26,0,1,0,1,0,0,0,0,0
12383,far,6,7,1,0,0,0,0,0,0,0,0,0
12384,near,7,11,4,0,0,0,0,0,0,0,0,0
12385,exact,3,4,2,0,0,0,0,0,0,0,0,0
12386,exact,8,18,4,0,0,0,0,0,0,0,0,0
12387,exact,2,3,2,0,0,0,0,0,0,0,0,0
12388,near,5,5,2,0,0,0,0,0,0,0,0,0
12389,near,7,10,2,0,1,0,0,0,0,0,1,0
12390,near,6,7,1,0,0,0,0,0,0,0,0,0
12391,far,7,9,4,0,0,0,0,0,0,0,0,0
12393,far,7,12,4,0,0,0,0,0,0,0,0,0
12394,exact,5,5,2,0,0,0,0,0,0,0,0,0
12395,exact,1,2,1,0,0,0,0,0,0,0,0,0
12396,exact,7,9,1,0,0,0,0,0,0,0,0,0
12397,exact,5,6,1,0,0,0,0,0,0,0,0,0
12399,near,3,4,4,0,0,0,0,0,0,0,0,0
12400,near,1,2,2,0,0,0,0,0,0,0,0,0
12401,near,0,1,3,0,0,0,0,0,0,0,0,0
12402,exact,1,2,2,0,0,0,0,0,0,0,0,0
12403,near,6,8,3,0,0,0,0,0,0,0,0,0
12404,near,2,3,1,0,0,0,0,0,0,0,0,0
12405,exact,2,3,1,0,0,0,0,0,0,0,0,0
12407,exact,3,4,2,0,0,0,0,0,0,0,0,0
12408,exact,3,4,1,0,0,0,0,0,0,0,0,0
12409,exact,7,11,7,0,0,0,0,0,0,0,0,0
12410,exact,3,4,1,0,0,0,0,0,0,0,0,0
12411,near,9,23,3,0,0,0,0,0,0,0,0,0
12412,exact,9,27,11,0,0,0,0,0,0,0,1,0
12413,exact,1,2,2,0,0,0,0,0,0,0,0,0
12414,exact,7,11,5,0,0,0,0,0,0,0,0,0
12415,exact,2,3,1,0,0,0,0,0,0,0,0,0
12416,far,9,27,11,1,0,1,1,0,1,1,0,1
12417,near,9,22,6,1,0,1,1,1,2,0,0,0
12418,exact,6,8,2,0,0,0,0,0,0,0,0,0
12419,exact,2,3,1,0,0,0,0,0,0,0,0,0
12420,exact,8,14,2,0,0,0,0,0,0,0,0,0
12421,near,6,8,3,0,0,0,0,0,0,0,0,0
12426,far,7,9,9,0,0,0,0,0,0,0,0,0
12427,near,6,7,2,0,0,0,0,0,0,0,0,0
12429,exact,9,37,25,0,0,0,0,1,0,0,0,0
12430,exact,6,7,1,0,0,0,0,0,0,0,0,0
12431,exact,7,9,3,0,0,0,0,0,0,0,0,0
12432,exact,2,3,1,0,0,0,0,0,0,0,0,0
12433,exact,6,7,3,0,0,0,0,0,0,0,0,0
12434,exact,6,7,2,1,1,1,1,1,1,1,1,1
12435,exact,3,4,1,0,0,0,0,0,0,0,0,0
12436,exact,6,8,3,0,0,0,0,0,0,0,0,0
12437,near,5,6,1,0,0,0,0,0,0,0,0,0
12439,far,2,3,1,0,0,0,0,0,0,0,0,0
12440,exact,2,3,3,0,0,0,0,0,0,0,0,0
12441,exact,2,3,6,0,0,0,0,0,0,0,0,0
12444,far,0,1,1,0,0,0,0,0,0,0,0,0
12445,exact,7,11,2,0,0,0,0,0,0,0,0,0
12446,exact,5,6,1,0,0,0,0,0,0,0,0,0
12447,exact,8,18,6,0,0,0,0,0,0,0,0,0
12448,exact,9,97,47,0,1,1,0,1,1,0,1,3
12449,near,9,31,10,0,0,0,0,0,0,0,0,0
12450,near,5,6,4,0,0,0,0,0,0,0,0,0
12451,exact,3,4,1,0,0,0,0,0,0,0,0,0
12452,exact,2,3,2,0,0,0,0,0,0,0,0,0
12453,far,6,8,7,0,0,0,0,0,0,0,0,0
12455,exact,6,7,2,0,0,0,0,0,0,0,0,0
12456,near,5,6,2,0,0,0,0,0,0,0,0,0
12457,exact,9,73,38,2,0,0,0,1,1,1,2,0
12458,far,7,12,2,0,0,0,0,0,0,0,0,0
12459,exact,7,12,2,0,0,0,0,0,0,0,0,0
12460,exact,2,3,1,0,0,0,0,0,0,0,0,0
12461,exact,5,5,1,0,0,0,0,0,0,0,0,0
12462,exact,2,3,1,0,0,0,0,0,0,0,0,0
12463,exact,3,4,1,0,0,0,0,0,0,0,0,0
12464,near,7,9,9,0,0,0,0,0,0,0,0,0
12465,exact,8,16,4,0,0,0,0,0,0,0,0,0
12466,exact,9,36,12,0,0,0,0,0,0,0,0,0
12467,near,7,9,6,0,0,0,0,0,0,0,0,0
12468,far,3,4,2,0,0,0,0,0,0,0,0,0
12469,far,9,50,27,0,0,1,0,1,0,0,0,0
12470,near,5,6,1,0,0,0,0,0,0,0,0,0
12471,near,1,2,1,0,0,0,0,0,0,0,0,0
12472,exact,8,15,3,0,0,0,0,0,0,0,0,0
12473,near,5,6,3,0,0,0,0,0,0,0,0,0
12474,exact,6,8,6,0,0,0,0,0,0,0,0,0
12475,exact,7,12,4,1,0,0,1,1,1,1,0,0
12476,exact,9,41,15,0,0,0,0,0,0,0,0,0
12477,near,7,12,9,1,0,0,2,0,1,0,0,0
12478,far,3,4,2,0,0,0,0,0,0,0,0,0
12479,exact,2,3,1,0,0,0,0,0,0,0,0,0
12480,near,7,12,3,0,0,0,0,0,0,0,0,0
12481,far,0,1,3,0,0,0,0,0,0,0,0,0
12482,exact,6,7,1,0,0,0,0,0,0,0,0,0
12483,exact,2,3,1,0,0,0,0,0,0,0,0,0
12484,near,7,11,3,0,0,0,0,0,0,0,0,0
12485,exact,7,9,5,0,0,0,0,0,0,0,0,0
12488,exact,5,5,1,0,0,0,0,0,0,0,0,0
12489,exact,7,9,6,0,1,1,0,1,1,0,0,1
12490,exact,0,1,3,0,0,0,0,0,0,0,0,0
12491,exact,6,7,5,0,0,0,0,0,0,0,0,0
12492,exact,7,10,1,0,0,0,0,0,0,0,0,0
12493,exact,3,4,5,0,0,0,0,0,0,0,0,0
12494,exact,2,3,2,0,0,0,0,0,0,0,0,0
12495,exact,5,5,2,0,0,0,0,1,0,0,0,0
12496,near,6,7,7,0,0,0,0,0,0,0,0,0
12498,near,7,10,2,0,0,0,0,0,0,0,0,0
12499,exact,2,3,2,0,0,0,0,0,0,0,0,0
12500,exact,2,3,2,0,0,0,0,0,0,0,0,0
12501,exact,3,4,2,0,0,0,0,0,0,0,0,0
12502,exact,0,1,3,0,0,0,0,0,0,0,0,0
12503,near,8,18,17,0,0,1,0,0,0,0,0,0
12504,exact,6,8,1,0,0,0,0,0,0,0,0,0
12505,near,6,8,4,0,0,0,0,0,0,0,0,0
12506,exact,5,5,4,0,0,0,0,0,0,0,0,0
12507,near,9,38,21,0,0,0,0,0,0,0,0,0
12508,far,9,63,17,1,0,1,0,1,0,0,0,1
12509,near,2,3,2,0,0,0,0,0,0,0,0,0
12510,near,6,7,2,0,0,0,0,0,0,0,0,0
12511,far,5,5,1,0,0,0,0,0,0,0,0,0
12513,near,3,4,1,0,0,0,0,0,0,0,0,0
12514,exact,7,11,5,0,0,0,0,0,0,0,0,0
12515,exact,9,108,45,0,2,2,3,1,2,3,1,4
12516,exact,7,9,7,0,0,0,0,0,0,0,0,0
12517,far,5,6,3,1,1,0,1,1,1,1,1,1
12518,exact,7,12,10,0,0,0,0,0,0,0,0,0
12519,exact,5,6,3,0,0,0,0,0,0,0,0,0
12520,exact,0,1,1,0,0,0,0,0,0,0,0,0
12521,near,7,9,1,0,0,0,1,1,1,0,0,0
12522,far,8,15,2,0,0,0,0,0,0,2,0,0
12523,exact,0,1,2,0,0,0,0,0,0,0,0,0
12524,near,8,13,8,0,0,0,0,0,0,0,0,0
12525,far,5,5,3,0,0,0,0,0,1,0,0,0
12526,exact,1,2,1,0,0,0,0,0,0,0,0,0
12527,far,2,3,3,0,0,0,0,0,0,0,0,0
12528,exact,2,3,1,0,0,0,0,0,0,0,0,0
12529,exact,7,10,3,0,0,0,0,0,0,0,0,0
12530,exact,0,1,4,0,0,0,0,0,0,0,0,0
12531,near,8,13,3,0,0,0,0,0,0,0,0,0
12532,far,1,2,3,0,0,0,0,0,0,0,0,0
12533,near,3,4,2,0,0,0,0,0,0,0,0,0
12534,near,5,5,3,0,0,0,0,0,0,0,0,0
12535,exact,8,13,7,0,0,0,0,0,0,0,0,0
12537,exact,5,5,1,0,0,0,0,0,0,0,0,0
12538,exact,8,18,6,0,0,0,0,0,0,0,0,0
12539,exact,7,10,3,0,0,0,0,0,0,0,0,0
12540,exact,0,1,4,0,0,0,0,0,0,0,0,0
12542,near,0,1,2,0,0,0,0,0,0,0,0,0
12543,exact,3,4,1,0,0,0,0,0,0,0,0,0
12545,near,6,7,5,0,0,0,0,0,0,0,0,0
12547,exact,9,32,8,0,0,0,0,0,0,0,0,0
12548,near,6,7,1,0,0,0,0,0,0,0,0,0
12549,exact,5,5,1,0,0,0,0,0,0,0,0,0
12550,exact,9,30,20,0,0,0,0,0,0,0,0,0
12551,near,6,7,2,0,0,0,0,0,0,0,0,0
12552,exact,2,3,1,0,0,0,0,0,0,0,0,0
12553,exact,5,6,3,0,0,0,0,0,0,0,0,0
12554,exact,8,14,5,0,0,0,0,0,0,0,0,0
12555,exact,5,6,2,0,0,0,0,0,0,0,0,0
12557,near,8,13,6,0,0,0,0,0,0,0,0,0
12559,exact,3,4,1,0,0,0,0,0,0,0,0,0
12560,exact,5,5,2,0,0,0,0,0,0,0,0,0
12561,near,8,19,10,0,0,0,0,0,0,0,0,0
12562,exact,8,14,3,0,0,0,0,0,0,0,0,0
12563,exact,0,1,4,0,0,0,0,0,0,0,0,0
12564,exact,3,4,4,0,0,0,0,0,0,0,0,0
12565,exact,7,9,4,0,0,0,0,0,0,0,0,0
12566,exact,6,7,1,0,0,0,0,0,0,0,0,0
12568,exact,5,6,1,0,0,0,0,0,0,0,0,0
12569,exact,2,3,2,0,0,0,0,0,0,0,0,0
12570,exact,7,11,1,0,0,0,0,0,0,0,0,0
12571,near,2,3,1,0,0,0,0,0,0,0,0,0
12572,near,5,6,1,0,0,0,0,0,0,0,0,0
12573,exact,9,35,3,1,1,1,0,1,0,0,1,0
12574,near,1,2,1,0,0,0,0,0,0,0,0,0
12575,exact,5,5,4,0,0,0,0,0,0,0,0,0
12577,far,9,28,8,6,6,5,6,6,5,5,5,6
12578,exact,5,6,4,0,0,0,0,0,0,0,0,0
12579,exact,3,4,2,0,0,0,0,0,0,0,0,0
12580,near,5,5,4,0,0,0,0,0,0,0,0,0
12582,exact,5,5,3,0,0,0,0,0,0,0,0,0
12583,near,9,26,11,0,0,0,0,0,0,0,0,0
12584,exact,2,3,2,0,0,0,0,0,0,0,0,0
12585,near,5,5,1,0,0,0,0,0,0,0,0,0
12586,near,7,9,4,0,1,0,1,1,1,1,0,1
12587,near,3,4,1,0,0,0,0,0,0,0,0,0
12588,near,5,5,2,0,0,0,0,0,0,0,0,0
12589,exact,5,6,6,0,0,0,0,0,0,0,0,0
12590,exact,2,3,2,0,0,0,0,0,0,0,0,0
12591,exact,6,7,1,0,0,0,0,0,0,0,0,0
12592,exact,8,15,1,0,0,0,0,0,0,0,0,0
12593,exact,6,8,3,0,0,0,0,0,0,0,0,0
12594,exact,1,2,6,0,0,0,0,0,0,0,0,0
12595,exact,5,6,3,0,0,0,0,0,0,0,0,0
12596,near,3,4,1,0,0,0,0,0,0,0,0,0
12597,far,9,49,22,0,0,1,0,0,0,0,0,1
12598,exact,7,9,2,0,0,0,0,0,0,0,0,0
12599,exact,1,2,5,0,0,0,0,0,0,0,0,0
12600,near,5,5,2,0,0,0,0,0,0,0,0,0
12601,far,5,5,2,0,0,0,0,0,0,0,0,0
12602,exact,0,1,2,0,0,0,0,0,0,0,0,0
12603,near,5,5,4,0,0,0,0,0,0,0,0,0
12604,exact,2,3,4,0,0,0,0,0,0,0,0,0
12605,exact,5,6,3,0,0,0,0,0,0,0,0,0
12606,far,1,2,1,0,0,0,0,0,0,0,0,0
12607,near,2,3,3,0,0,0,0,0,0,0,0,0
12608,exact,5,6,2,0,0,0,0,0,0,0,0,0
12609,exact,9,33,19,0,0,0,0,0,0,0,0,0
12610,exact,5,5,1,0,0,0,0,0,0,0,0,0
12611,exact,1,2,3,0,0,0,0,0,0,0,0,0
12612,exact,9,26,10,0,0,0,0,0,0,0,0,0
12613,exact,5,6,1,0,0,0,0,0,0,0,0,0
12614,far,7,10,4,0,0,0,0,0,0,0,0,0
12615,exact,2,3,1,0,0,0,0,0,0,0,0,0
12616,exact,5,6,1,0,0,0,0,0,0,0,0,0
12618,exact,6,7,6,0,0,0,0,0,0,0,0,0
12619,near,3,4,1,0,0,0,0,0,0,0,0,0
12620,exact,2,3,1,0,0,0,0,0,0,0,0,0
12621,exact,6,8,2,0,0,0,0,0,0,0,0,0
12623,near,1,2,3,0,0,0,0,0,0,0,0,0
12624,near,7,9,4,0,0,0,0,0,0,0,0,0
12625,near,6,7,5,0,0,0,0,0,0,0,0,0
12627,near,6,8,4,0,0,0,1,0,0,0,0,0
12628,near,2,3,1,0,1,0,0,1,0,0,1,0
12629,exact,5,5,1,0,0,0,0,0,0,0,0,0
12630,near,2,3,1,0,0,0,0,0,0,0,0,0
12631,near,2,3,1,0,0,0,0,0,0,0,0,0
12632,near,1,2,2,0,0,0,0,0,0,0,0,0
12633,far,5,6,7,0,0,0,0,0,0,0,0,0
12635,exact,2,3,3,1,1,1,1,1,1,1,1,1
12636,near,9,26,8,0,0,0,0,0,0,0,0,0
12637,near,3,4,4,0,0,0,0,0,0,0,0,0
12638,exact,9,24,5,0,0,0,0,0,0,0,0,0
12639,near,9,22,6,0,0,0,0,0,0,0,0,0
12640,exact,5,6,2,0,0,0,0,0,0,0,0,0
12641,near,0,1,2,0,0,0,0,0,0,0,0,0
12642,near,1,2,1,0,0,0,0,0,0,0,0,0
12643,near,2,3,2,0,0,0,0,0,0,0,0,0
12644,exact,2,3,1,0,0,0,0,0,0,0,0,0
12645,exact,8,17,5,0,0,0,0,0,0,0,0,0
12647,exact,5,5,3,0,0,0,0,0,0,0,0,0
12648,near,9,87,31,0,2,1,0,3,3,2,1,2
12649,near,6,8,4,0,0,0,0,0,0,0,0,0
12650,near,5,6,1,0,0,1,1,0,1,0,0,0
12651,exact,9,49,11,1,2,3,1,3,4,1,2,1
12652,near,6,8,4,0,0,0,0,0,0,0,0,0
12653,near,5,6,4,1,1,2,1,1,1,1,1,1
12656,exact,6,8,5,0,0,0,0,1,0,0,0,0
12657,exact,5,5,3,0,0,0,0,0,0,0,0,0
12658,near,2,3,4,0,0,0,0,0,0,0,0,0
12659,exact,5,5,1,0,0,0,0,0,0,0,0,0
12660,near,3,4,1,0,0,0,0,0,0,0,0,0
12661,near,8,13,3,0,0,0,0,0,0,0,0,0
12662,far,8,18,6,0,0,0,0,0,0,0,0,0
12664,exact,5,6,2,0,0,0,0,0,0,0,0,0
12665,exact,0,0,4,0,0,0,0,0,0,0,0,0
12666,exact,5,5,1,0,0,0,0,0,0,0,0,0
12667,exact,0,1,2,0,0,0,0,0,0,0,0,0
12669,exact,2,3,4,0,0,0,0,0,0,0,0,0
12670,far,5,6,3,0,0,0,0,0,0,0,0,0
12671,exact,8,16,4,1,0,0,1,1,0,0,0,0
12672,near,0,1,2,0,0,0,0,0,0,0,0,0
12673,near,7,12,3,0,0,0,0,0,0,0,0,0
12674,far,2,3,2,0,0,0,0,0,0,0,0,0
12676,near,9,76,28,1,0,1,1,0,0,2,0,0
12677,exact,5,6,2,0,0,0,0,0,0,0,0,0
12678,exact,1,2,1,0,0,0,0,0,0,0,0,0
12679,near,5,5,1,0,0,0,0,0,0,0,0,0
12680,far,7,9,4,0,0,0,0,0,0,0,0,0
12682,far,8,13,4,0,0,0,0,0,0,0,0,0
12683,exact,0,0,4,0,0,0,0,0,0,0,0,0
12684,near,6,7,6,0,0,0,0,0,0,0,0,0
12685,near,9,31,10,0,0,0,0,0,0,0,0,1
12686,far,8,14,6,0,0,0,0,0,0,0,0,0
12687,exact,2,3,2,0,0,0,0,0,0,0,0,0
12688,near,7,12,7,0,0,0,0,0,0,0,0,0
12689,exact,3,4,2,0,0,0,0,0,0,0,0,0
12690,exact,3,4,3,1,1,1,1,1,1,1,1,1
12691,near,6,8,1,0,0,0,0,0,0,0,0,0
12692,near,2,3,1,0,0,0,0,0,0,0,0,0
12693,exact,3,4,1,0,0,0,0,0,0,0,0,0
12694,far,5,5,2,0,0,0,0,0,0,0,0,0
12695,far,6,8,1,0,0,0,0,0,0,0,0,0
12696,near,6,7,3,2,2,2,2,2,2,2,2,2
12697,exact,5,5,1,0,0,0,0,0,0,0,0,0
12698,exact,8,15,3,0,0,0,0,0,0,0,0,0
12699,near,0,1,2,0,0,0,0,0,0,0,0,0
12700,exact,9,25,9,0,0,0,0,0,0,0,0,0
12701,near,1,2,2,0,0,0,0,0,0,0,0,0
12702,exact,9,65,27,1,4,1,2,3,1,2,2,2
12703,exact,8,16,6,0,0,0,0,0,0,0,0,0
12704,near,2,3,2,0,0,0,0,0,0,0,0,0
12706,near,6,8,3,0,0,0,0,0,0,0,0,0
12707,exact,2,3,3,0,0,0,0,0,0,0,0,0
12709,exact,3,4,2,0,0,0,0,0,0,0,0,0
12710,exact,8,19,10,0,0,0,0,0,0,0,0,0
12711,exact,3,4,1,0,0,0,0,0,0,0,0,0
12712,exact,2,3,2,0,0,0,0,0,0,0,0,0
12714,near,2,3,2,0,1,0,0,1,0,0,0,0
12715,near,5,5,1,0,0,0,0,0,0,0,0,0
12716,exact,9,31,12,0,1,0,1,1,1,0,0,1
12717,exact,9,77,22,0,0,1,0,0,0,2,0,0
12718,exact,1,2,3,0,0,0,0,0,0,0,0,0
12719,exact,5,5,1,0,0,0,0,0,0,0,0,0
12720,exact,2,3,3,0,0,0,0,0,0,0,0,0
12722,exact,8,19,17,1,0,0,0,0,0,0,0,0
12723,exact,0,1,2,0,0,0,0,0,0,0,0,0
12724,near,6,7,4,0,0,0,0,0,0,0,0,0
12725,near,0,1,3,0,0,0,0,0,0,0,0,0
12726,exact,9,30,14,0,0,1,1,0,1,0,0,0
12728,far,8,15,11,0,0,0,0,0,0,0,0,0
12729,exact,2,3,1,0,0,0,0,0,0,0,0,0
12730,far,6,8,2,0,0,0,0,0,0,0,0,0
12731,exact,6,8,3,0,0,0,0,0,1,0,0,0
12732,exact,5,6,4,0,0,0,0,0,0,0,0,0
12733,exact,7,9,4,0,0,0,0,0,0,0,0,0
12734,near,9,31,3,1,1,2,1,1,2,0,1,2
12735,exact,9,41,13,11,11,11,11,10,11,11,11,11
12736,exact,5,6,1,0,0,0,0,0,0,0,0,0
12737,far,8,21,10,0,1,0,0,1,1,1,1,0
12738,exact,3,4,3,0,0,0,0,0,0,0,0,0
12739,exact,1,2,2,0,0,0,0,0,0,0,0,0
12741,near,8,13,2,1,1,1,1,1,1,1,1,1
12742,exact,3,4,3,0,0,0,0,0,0,0,0,0
12743,near,2,3,4,0,0,0,0,0,0,0,0,0
12744,exact,5,6,1,0,0,0,0,0,0,0,0,0
12746,exact,5,6,2,0,0,0,0,0,0,0,0,0
12747,exact,5,6,1,0,0,0,0,0,0,0,0,0
12748,exact,5,6,6,0,0,0,0,0,0,0,0,0
12749,near,2,3,1,0,0,0,0,0,0,0,0,0
12750,exact,6,7,4,0,0,0,0,0,0,0,0,0
12751,exact,0,0,4,0,0,0,0,0,0,0,0,0
12753,near,0,1,2,0,0,0,0,0,0,0,0,0
12754,near,5,5,1,0,0,0,0,0,0,0,0,0
12755,near,3,4,2,0,0,0,0,0,0,0,0,0
12756,far,9,23,5,0,0,0,0,0,0,0,0,0
12757,exact,5,5,2,0,0,0,0,0,0,0,0,0
12758,far,5,6,2,0,0,0,0,0,0,0,0,0
12759,exact,5,6,4,0,0,0,0,0,0,0,0,0
12760,near,5,6,2,0,0,0,0,0,0,0,0,0
12761,exact,3,4,1,0,0,0,0,0,0,0,0,0
12763,near,9,23,9,0,0,0,0,0,0,0,0,0
12764,exact,5,6,1,0,0,0,0,0,0,0,0,0
12766,exact,3,4,2,0,0,0,0,0,0,0,0,0
12767,exact,7,9,2,0,0,0,0,0,0,0,0,0
12768,near,3,4,3,0,0,0,0,0,0,0,0,0
12769,exact,5,6,6,0,0,0,0,0,0,0,0,0
12770,exact,0,1,3,0,0,0,0,0,0,0,0,0
12772,far,2,3,1,0,0,0,0,0,0,0,0,0
12773,near,6,7,1,0,0,0,0,0,0,0,0,0
12774,exact,2,3,4,0,0,0,0,0,0,0,0,0
12775,far,9,44,24,0,0,0,1,0,1,0,1,0
12776,far,5,6,1,0,0,0,0,0,0,0,0,0
12777,near,0,1,3,0,0,0,0,0,0,0,0,0
12778,exact,7,12,5,0,0,0,0,0,1,0,0,0
12780,near,6,8,1,0,0,0,0,0,0,0,0,0
12781,exact,7,11,6,0,0,0,0,0,0,0,0,0
12782,exact,5,5,3,0,0,0,0,0,0,0,0,0
12783,exact,9,106,56,5,7,6,7,11,9,6,8,3
12784,near,1,2,2,0,0,0,0,0,0,0,0,0
12785,exact,7,10,3,0,0,0,0,0,0,0,0,0
12786,exact,5,5,4,0,0,0,0,0,0,0,0,0
12787,exact,1,2,5,0,0,0,0,0,0,0,0,0
12788,far,9,34,9,0,0,0,0,0,0,0,0,0
12789,exact,7,12,7,0,0,0,0,0,0,0,0,0
12790,exact,7,12,8,0,0,0,0,0,0,0,0,0
12791,near,8,21,8,0,0,0,0,0,0,0,0,0
12792,near,9,32,15,0,0,0,0,0,0,0,0,0
12793,near,1,2,4,0,0,0,0,0,0,0,0,0
12795,near,9,37,19,0,0,1,0,0,1,0,0,1
12797,exact,0,1,2,0,0,0,0,0,0,0,0,0
12798,exact,7,10,3,0,0,0,0,0,0,0,0,0
12799,exact,3,4,2,0,0,0,0,0,0,0,0,0
12800,exact,7,9,2,1,1,0,1,1,1,1,0,1
12801,near,2,3,1,0,0,0,0,0,0,0,0,0
12802,exact,3,4,3,0,0,0,0,0,0,0,0,0
12803,near,8,15,3,0,0,0,0,0,0,0,0,0
12804,exact,6,7,4,0,0,0,0,0,0,0,0,0
12805,exact,7,12,7,0,0,0,0,0,0,0,0,0
12806,near,3,4,2,0,0,0,0,0,0,0,0,0
12808,exact,5,5,1,0,0,0,0,0,0,0,0,0
12809,near,6,7,5,0,0,0,0,0,0,0,0,0
12810,near,7,10,2,0,0,0,0,0,0,0,0,0
12811,near,8,20,15,0,0,0,0,0,0,0,0,0
12812,exact,8,14,2,0,0,0,0,0,0,0,0,0
12813,exact,5,5,3,0,0,0,0,0,0,0,0,0
12814,exact,6,7,4,0,0,0,0,0,0,0,0,0
12815,near,7,12,3,0,0,0,0,0,0,0,0,0
12817,exact,9,22,8,0,0,0,0,0,0,0,0,0
12818,exact,2,3,3,0,0,0,0,0,0,0,0,0
12819,near,8,19,4,0,0,0,0,0,0,0,0,0
12820,near,5,6,7,0,0,0,0,0,0,0,0,0
12821,exact,7,10,3,0,0,0,0,0,0,0,0,0
12822,near,5,5,1,0,0,0,0,0,0,0,0,0
12823,near,0,0,4,0,0,0,0,0,0,0,0,0
12824,far,2,3,2,0,0,0,0,0,0,0,0,0
12825,exact,0,1,2,0,0,0,0,0,0,0,0,0
12826,exact,2,3,4,0,0,0,0,0,0,0,0,0
12828,exact,2,3,1,0,0,0,0,0,0,0,0,0
12831,exact,8,17,7,0,0,0,1,2,1,0,0,0
12832,exact,5,5,1,0,0,0,0,0,0,0,0,0
12833,exact,7,9,3,0,0,0,0,0,0,0,0,0
12834,exact,2,3,4,0,0,0,0,0,0,0,0,0
12835,near,0,1,4,0,0,0,0,0,0,0,0,0
12836,exact,3,4,1,0,0,0,0,0,0,0,0,0
12837,exact,2,3,2,0,0,1,0,0,0,0,0,1
12838,near,6,7,4,0,0,0,0,0,0,0,0,0
12839,exact,8,16,3,0,0,0,0,0,0,0,0,0
12840,far,9,33,9,8,8,8,8,8,8,8,8,8
12841,exact,9,52,19,0,2,2,3,5,4,0,1,1
12842,exact,3,4,3,0,0,0,0,0,0,0,0,0
12844,near,5,5,5,0,0,0,0,0,0,0,0,0
12845,far,5,5,1,0,0,0,0,0,0,0,0,0
12846,exact,8,13,6,0,0,0,0,1,0,0,0,0
12847,exact,7,12,2,0,0,0,0,0,0,0,0,0
12848,exact,1,2,1,0,0,0,0,0,0,0,0,0
12849,exact,9,23,10,0,1,0,0,0,0,0,0,0
12850,near,2,3,2,0,0,0,0,0,0,0,0,0
12851,near,5,5,2,0,0,0,0,0,0,0,0,0
12852,far,7,10,8,0,0,0,0,0,0,0,0,0
12853,exact,1,2,1,0,0,0,0,0,0,0,0,0
12854,exact,8,18,9,0,0,0,0,0,0,0,1,0
12856,far,5,5,2,0,0,0,0,0,0,0,0,0
12857,exact,3,4,2,0,0,0,0,0,0,0,0,0
12859,near,0,1,2,0,0,0,0,0,0,0,0,0
12860,far,1,2,2,0,0,0,0,0,0,0,0,0
12861,exact,1,2,3,0,0,0,0,0,0,0,0,0
12862,exact,3,4,2,0,0,0,0,0,0,0,0,0
12863,exact,3,4,1,0,0,0,0,0,0,0,0,0
12864,exact,7,10,4,0,0,0,0,0,0,0,0,0
12865,exact,6,8,2,0,0,0,0,0,0,0,0,0
12866,far,5,5,2,0,0,0,0,0,0,0,0,0
12867,exact,3,4,3,0,0,0,0,0,0,0,0,0
12868,near,3,4,2,0,0,0,0,0,0,0,0,0
12869,exact,7,12,8,0,1,0,0,1,1,0,0,0
12870,exact,8,17,8,0,0,0,0,0,0,0,0,0
12871,near,1,2,2,1,1,1,1,1,1,0,1,1
12872,near,6,8,4,0,0,0,0,0,0,0,0,0
12873,near,6,7,2,0,0,0,0,0,0,0,0,0
12877,far,6,7,1,0,0,0,0,0,0,0,0,0
12878,exact,8,15,12,1,1,1,1,1,1,1,1,1
12879,near,6,8,1,0,1,1,1,1,1,0,1,1
12880,near,2,3,1,0,0,0,0,0,0,0,0,0
12881,exact,3,4,1,0,0,0,0,0,0,0,0,0
12882,far,0,1,2,0,0,0,0,0,0,0,0,0
12883,exact,8,15,6,0,0,0,0,0,0,0,0,0
12884,exact,3,4,1,0,0,0,0,0,0,0,0,0
12885,exact,2,3,1,0,0,0,0,0,0,0,0,0
12886,exact,7,9,3,0,0,0,0,0,0,0,0,0
12887,near,3,4,1,1,1,1,1,1,1,1,1,1
12888,far,6,7,3,0,0,0,0,0,0,0,0,0
12890,exact,9,241,101,14,7,10,8,10,10,14,6,11
12891,exact,1,2,1,0,0,0,0,0,0,0,0,0
12893,exact,6,7,1,0,0,0,0,0,0,0,0,0
12894,exact,3,4,2,0,0,0,0,0,0,0,0,0
12895,far,1,2,1,0,0,0,0,0,0,0,0,0
12896,far,5,6,1,0,0,0,0,0,0,0,0,0
12897,exact,6,8,1,0,0,0,0,0,0,0,0,0
12898,near,1,2,2,0,0,0,0,0,0,0,0,0
12899,exact,7,9,4,0,0,0,0,0,0,0,0,0
12900,near,2,3,2,0,0,0,0,0,0,0,0,0
12903,near,6,8,1,0,0,0,0,0,0,0,0,0
12904,exact,7,9,4,0,0,0,0,0,0,0,0,0
12905,near,3,4,4,0,0,0,0,0,0,0,0,0
12907,exact,3,4,4,0,0,0,0,0,0,0,0,0
12908,exact,5,6,2,0,0,0,0,0,0,0,0,0
12909,exact,9,32,11,1,0,0,0,1,0,0,0,0
12910,exact,3,4,1,0,0,0,0,0,0,0,0,0
12911,near,9,22,11,1,1,0,2,1,1,2,0,1
12912,exact,1,2,3,0,0,0,0,0,0,0,0,0
12913,exact,5,5,3,0,0,0,0,0,0,0,0,0
12914,far,5,5,7,0,0,0,0,0,0,0,0,0
12915,exact,9,40,6,0,0,0,0,0,0,1,0,0
12916,exact,8,14,7,0,0,0,0,0,0,0,0,0
12917,near,7,9,5,0,0,0,0,0,0,0,0,0
12918,near,7,9,3,1,1,1,1,1,1,1,1,0
12919,near,9,22,16,0,0,0,0,0,0,0,0,0
12920,exact,8,15,3,0,0,0,0,0,0,0,0,0
12921,near,9,27,8,0,0,0,0,0,0,1,1,0
12922,exact,3,4,1,0,0,0,0,0,0,0,0,0
12923,near,5,6,1,0,0,0,0,0,0,0,0,0
12924,near,5,5,5,0,0,0,0,0,0,0,0,0
12925,exact,5,5,2,0,0,0,0,0,0,0,0,0
12926,exact,0,1,2,0,0,0,0,0,0,0,0,0
12927,exact,8,18,6,0,0,0,0,0,0,0,0,0
12928,near,3,4,2,0,0,0,0,0,0,0,0,0
12929,exact,3,4,2,0,0,0,0,0,0,0,0,0
12930,exact,5,5,2,0,0,0,0,0,0,0,0,0
12931,exact,3,4,1,0,0,0,0,0,0,0,0,0
12932,near,1,2,2,0,0,0,0,0,0,0,0,0
12933,exact,2,3,6,0,0,0,0,0,0,0,0,0
12934,near,5,5,1,0,0,0,0,0,0,0,0,0
12935,near,8,21,8,0,0,0,0,0,0,0,0,0
12936,exact,2,3,2,0,0,0,0,0,0,0,0,0
12938,near,5,5,2,1,1,0,0,0,0,0,1,0
12939,near,2,3,1,0,0,0,0,0,0,0,0,0
12940,near,8,15,9,0,0,0,0,0,0,0,0,0
12941,near,9,39,15,0,1,0,2,1,0,0,0,0
12942,exact,9,27,12,2,1,1,1,2,1,1,1,1
12944,near,8,16,3,0,0,0,0,0,0,0,0,0
12945,near,2,3,1,0,0,0,0,0,0,0,0,0
12946,far,8,14,7,3,2,2,2,2,2,1,1,3
12947,near,3,4,3,0,0,0,0,0,0,0,0,0
12948,exact,5,6,3,0,0,0,0,0,0,0,0,0
12950,near,5,6,4,0,0,0,0,0,0,0,0,0
12951,near,3,4,1,0,0,0,0,0,0,0,0,0
12952,exact,7,10,2,0,0,0,0,0,0,0,0,0
12953,exact,8,17,9,0,0,0,0,0,0,0,0,0
12954,near,8,15,2,0,0,0,0,0,0,0,0,0
12955,exact,2,3,1,0,0,0,0,0,0,0,0,0
12956,exact,2,3,1,0,0,0,0,0,0,0,0,0
12957,exact,6,7,3,0,0,0,0,0,0,0,0,0
12958,exact,8,15,3,0,0,0,0,0,0,0,0,0
12959,near,6,8,3,0,0,0,0,0,0,0,0,0
12960,near,2,3,3,0,0,0,0,0,0,0,0,0
12961,near,5,5,1,0,0,0,0,0,0,0,0,0
12962,exact,2,3,2,0,0,0,0,0,0,0,0,0
12964,far,6,7,5,0,0,0,0,0,0,0,0,0
12965,exact,6,8,2,0,0,0,0,0,0,0,0,0
12967,near,3,4,3,0,0,0,0,0,0,0,0,0
12968,near,3,4,1,0,0,0,0,0,0,0,0,0
12969,near,7,10,4,0,0,0,0,0,0,0,0,0
12971,exact,3,4,2,0,0,0,0,0,0,0,0,0
12972,near,8,14,10,0,0,0,0,1,1,0,0,0
12973,exact,6,7,3,0,0,0,0,0,0,0,0,0
12974,near,0,1,4,0,0,0,0,0,0,0,0,0
12975,near,8,13,3,0,0,0,0,0,0,0,0,0
12976,far,8,19,11,0,0,0,0,0,0,0,0,0
12977,exact,2,3,2,0,0,0,0,0,0,0,0,0
12978,exact,7,11,3,0,0,0,0,0,0,0,0,0
12980,exact,7,12,16,0,0,0,0,0,0,0,0,0
12981,exact,0,1,3,0,0,0,0,0,0,0,0,0
12982,exact,9,25,5,0,0,0,0,0,0,0,0,0
12983,exact,5,5,2,0,0,0,0,0,0,0,0,0
12985,exact,5,5,2,0,0,0,0,0,0,0,0,0
12986,exact,2,3,1,0,0,0,0,0,0,0,0,0
12987,exact,2,3,1,0,0,0,0,0,0,0,0,0
12988,near,1,2,1,0,0,0,0,0,0,0,0,0
12989,exact,1,2,2,0,0,0,0,0,0,0,0,0
12990,exact,8,16,3,0,0,0,0,0,0,0,0,0
12991,exact,1,2,3,0,0,0,0,0,0,0,0,0
12993,near,8,17,7,0,0,0,0,0,0,0,0,0
12994,exact,7,11,6,0,1,1,0,1,0,0,1,0
12996,near,9,28,12,0,0,0,0,0,0,0,0,0
12997,exact,1,2,3,0,0,0,0,0,0,0,0,0
12998,near,1,2,4,0,0,0,0,0,0,0,0,0
12999,near,2,3,2,0,0,0,0,0,0,0,0,0
13000,exact,1,2,2,0,0,0,0,0,0,0,0,0
13001,near,0,0,2,0,0,0,0,0,0,0,0,0
13003,near,2,3,2,0,0,0,0,0,0,0,0,0
13004,near,6,8,3,0,0,0,0,0,0,0,0,0
13005,exact,1,2,3,0,0,0,0,0,0,0,0,0
13006,near,5,5,2,0,0,0,0,0,0,0,0,0
13007,exact,7,10,1,0,0,0,0,0,0,0,0,0
13008,exact,7,9,2,0,0,0,0,0,0,0,0,0
13009,near,5,5,4,0,0,0,0,0,0,0,0,0
13010,near,9,28,12,0,0,0,0,0,0,0,0,0
13011,exact,3,4,1,0,0,0,0,0,0,0,0,0
13012,near,5,5,2,0,0,0,0,0,0,0,0,0
13013,exact,7,9,4,0,0,0,0,0,0,0,0,0
13015,exact,3,4,2,0,0,0,0,0,0,0,0,0
13016,far,8,13,3,0,0,0,0,0,0,0,0,0
13017,exact,5,5,2,0,0,0,0,0,0,0,0,0
13018,exact,9,22,13,0,0,0,0,0,0,0,0,0
13019,near,8,18,13,0,0,0,0,0,0,0,0,0
13020,far,8,18,5,2,1,2,2,0,2,1,1,2
13021,exact,7,9,4,0,0,0,0,0,0,0,0,0
13022,exact,5,6,1,0,0,0,0,0,0,0,0,0
13023,exact,3,4,1,0,0,0,0,0,0,0,0,0
13024,near,6,7,3,0,0,0,0,0,0,0,0,0
13025,exact,6,7,4,0,0,0,0,0,0,0,0,0
13026,exact,1,2,1,0,0,0,0,0,0,0,0,0
13027,near,5,6,3,0,0,0,0,0,0,0,0,0
13028,exact,1,2,2,0,0,0,0,0,0,0,0,0
13029,exact,6,7,1,0,0,0,0,0,0,0,0,0
13030,exact,2,3,2,0,0,0,0,0,0,0,0,0
13031,far,8,21,12,0,0,0,0,0,0,0,0,0
13032,exact,3,4,1,0,0,0,0,0,0,0,0,0
13033,exact,7,9,3,1,1,1,2,1,1,1,1,1
13035,exact,9,192,90,5,9,10,4,6,8,6,9,10
13037,exact,8,21,11,0,0,0,0,0,0,0,0,0
13038,near,8,13,4,0,0,0,0,0,0,0,0,0
13039,exact,7,12,8,0,0,0,0,0,0,0,0,0
13041,exact,7,9,2,1,0,1,1,1,1,1,0,1
13042,exact,2,3,1,0,0,0,0,0,0,0,0,0
13043,exact,3,4,8,0,0,0,0,0,0,0,0,0
13044,exact,8,19,7,0,0,0,0,0,0,0,0,0
13045,exact,8,17,12,0,0,0,0,0,0,0,0,0
13046,near,0,0,5,0,0,0,0,0,0,0,0,0
13047,near,7,11,6,0,0,0,0,0,0,0,0,0
13048,near,2,3,2,0,0,1,0,0,0,0,0,0
13049,exact,7,11,2,0,0,0,0,0,0,0,0,0
13050,far,2,3,1,0,0,0,0,0,0,0,0,0
13051,far,1,2,2,0,0,0,0,0,0,0,0,0
13052,far,7,10,6,0,0,0,0,0,0,0,0,0
13053,exact,9,48,8,0,3,0,0,1,0,1,2,0
13055,exact,9,35,7,0,0,0,1,1,0,0,0,0
13056,exact,7,10,5,0,0,0,0,0,0,0,0,0
13057,exact,6,7,3,0,0,0,0,0,0,0,0,0
13058,exact,7,9,2,0,0,0,0,0,0,0,0,0
13059,exact,5,6,2,0,0,0,0,0,0,0,0,0
13060,far,1,2,2,0,0,0,0,0,0,0,0,0
13061,near,2,3,1,0,0,0,0,0,0,0,0,0
13062,exact,8,18,4,1,1,2,1,1,2,1,1,2
13063,exact,3,4,3,0,0,0,0,0,0,0,0,0
13064,near,7,11,4,0,0,0,0,0,0,0,0,0
13065,near,1,2,2,0,0,0,0,0,0,0,0,0
13066,exact,7,12,3,1,1,1,0,1,1,1,1,1
13068,far,2,3,1,0,0,0,0,0,0,0,0,0
13069,exact,7,11,2,0,0,0,0,0,0,0,0,0
13070,far,8,16,6,0,0,0,0,0,0,0,0,0
13071,far,0,1,2,0,0,0,0,0,0,0,0,0
13072,exact,8,13,1,0,0,0,0,0,0,0,0,0
13073,exact,7,12,4,0,0,0,0,0,0,0,0,0
13074,exact,5,5,4,1,1,1,0,1,0,0,1,1
13075,near,5,5,1,0,0,0,0,0,0,0,0,0
13076,exact,8,13,3,0,0,0,0,0,0,0,0,0
13077,exact,6,7,1,0,0,0,0,0,0,0,0,0
13078,near,9,29,10,2,1,2,2,2,2,1,1,2
13079,near,7,11,8,1,1,1,1,1,1,1,1,1
13080,near,2,3,2,0,0,0,0,0,0,0,0,0
13081,exact,1,2,3,0,0,0,0,0,0,0,0,0
13082,exact,6,8,2,0,0,0,0,0,0,0,0,0
13083,near,6,8,3,0,0,0,0,0,0,0,0,0
13084,near,2,3,3,0,0,0,0,0,0,0,0,0
13085,exact,6,7,1,0,0,0,0,0,0,0,0,0
13086,near,3,4,2,2,0,1,2,0,1,2,0,1
13087,far,1,2,1,0,0,0,0,0,0,0,0,0
13088,near,8,20,9,0,0,0,0,0,0,0,0,0
13089,exact,7,9,3,0,0,0,0,0,0,0,0,0
13090,exact,8,13,8,0,0,1,1,0,1,0,1,1
13091,exact,5,5,3,0,0,0,0,0,0,0,0,0
13093,exact,2,3,3,0,0,0,0,0,0,0,0,0
13094,exact,6,8,2,0,0,0,0,0,0,0,0,0
13095,far,5,5,2,0,0,0,0,0,0,0,0,0
13096,exact,0,1,3,0,0,0,0,0,0,0,0,0
13097,exact,3,4,1,0,0,0,0,0,0,0,0,0
13098,exact,5,5,1,0,0,0,0,0,0,0,0,0
13099,exact,8,15,2,0,0,0,0,0,0,0,0,0
13100,exact,9,30,8,0,0,0,0,0,0,0,0,0
13101,exact,7,12,5,0,0,0,0,0,0,0,0,0
13102,near,2,3,4,0,0,0,0,0,0,0,0,0
13103,exact,2,3,1,0,0,0,0,0,0,0,0,0
13104,exact,2,3,3,0,0,0,0,0,0,0,0,0
13105,near,2,3,1,0,0,0,0,0,0,0,0,0
13106,near,2,3,1,0,0,0,0,0,0,0,0,0
13108,near,5,6,1,0,0,0,0,0,0,0,0,0
13109,exact,5,6,3,0,0,0,0,0,0,0,0,0
13111,far,8,15,2,0,0,0,0,0,0,0,0,0
13112,exact,8,18,7,0,0,0,0,0,0,0,0,0
13113,exact,8,20,8,1,1,1,1,1,1,1,1,1
13114,near,9,23,6,1,1,0,1,1,1,1,0,1
13115,exact,2,3,5,0,0,0,0,0,0,0,0,0
13116,near,9,50,5,1,0,0,1,0,0,1,0,0
13117,exact,3,4,2,0,0,0,0,0,0,0,0,0
13119,exact,7,11,6,0,0,0,0,0,0,0,0,0
13120,exact,7,11,3,0,0,0,0,0,0,0,0,0
13122,far,5,5,2,0,0,0,0,0,0,0,0,0
13124,far,2,3,4,0,0,0,0,0,0,0,0,0
13125,exact,2,3,2,0,0,0,0,0,0,0,0,0
13126,exact,9,59,28,0,1,0,1,0,0,0,0,0
13127,exact,5,5,1,0,0,0,0,0,0,0,0,0
13128,far,3,4,2,0,0,0,0,0,0,0,0,0
13129,exact,7,10,5,0,0,0,0,0,0,0,0,0
13130,near,0,1,3,0,0,0,0,0,0,0,0,0
13132,far,7,10,1,0,0,0,0,0,0,0,0,0
13133,near,1,2,2,0,0,0,0,0,0,0,0,0
13134,near,5,5,1,0,0,0,0,0,0,0,0,0
13135,far,5,5,5,0,0,0,0,0,0,0,0,0
13137,exact,0,1,2,0,0,0,0,0,0,0,0,0
13138,far,7,10,2,0,0,0,0,0,0,0,0,0
13139,exact,3,4,2,0,0,0,0,0,0,0,0,0
13140,exact,9,42,4,3,0,0,1,0,1,0,0,1
13141,exact,1,2,1,0,0,0,0,0,0,0,0,0
13142,exact,8,17,10,0,0,0,0,0,0,0,0,0
13143,exact,5,6,1,0,0,0,0,0,0,0,0,0
13144,near,3,4,1,0,0,0,0,0,0,0,0,0
13147,exact,9,26,9,1,0,0,0,0,0,1,0,0
13148,near,8,14,2,0,0,0,1,0,0,0,0,0
13149,exact,8,16,8,0,0,0,0,0,0,0,0,0
13150,near,8,17,3,0,0,0,0,0,0,0,0,0
13151,near,0,1,1,0,0,0,0,0,0,0,0,0
13152,near,9,28,10,0,0,0,0,0,0,0,0,0
13153,near,3,4,1,0,0,0,0,0,0,0,0,0
13155,exact,5,6,2,0,0,0,0,0,0,0,0,0
13157,near,8,14,5,0,0,0,0,0,0,0,0,0
13158,exact,3,4,3,0,0,0,0,0,0,0,0,0
13160,exact,3,4,1,0,0,0,0,0,0,0,0,0
13161,far,5,6,2,0,0,0,0,0,0,0,0,0
13162,near,9,23,8,1,1,1,1,1,1,0,1,1
13163,near,5,6,1,0,0,0,0,0,0,0,0,0
13164,exact,2,3,3,0,0,0,0,0,0,0,0,0
13165,near,9,33,18,0,0,0,0,0,0,0,0,0
13166,exact,5,6,1,0,0,0,0,0,0,0,0,0
13167,near,2,3,4,0,0,0,0,0,0,0,0,0
13168,near,2,3,3,0,0,0,0,0,0,0,0,0
13169,exact,9,42,20,0,0,0,0,0,0,0,0,0
13170,exact,2,3,2,0,0,0,0,0,0,0,0,0
13171,near,2,3,2,0,0,0,0,0,0,0,0,0
13172,far,9,81,18,3,2,3,4,4,2,2,5,4
13173,near,5,5,3,0,0,0,0,0,0,0,0,0
13174,far,3,4,2,0,0,0,0,0,0,0,0,0
13175,exact,1,2,2,0,0,0,0,0,0,0,0,0
13176,exact,1,2,6,0,0,0,0,0,0,0,0,0
13178,near,3,4,1,0,0,0,0,0,0,0,0,0
13179,far,8,17,1,1,1,1,1,1,1,1,1,1
13180,exact,5,5,2,0,0,0,0,0,0,0,0,0
13182,exact,3,4,1,0,0,0,0,0,0,0,0,0
13183,exact,6,7,3,1,1,2,2,2,2,0,1,0
13184,near,8,15,10,0,0,0,0,0,0,0,0,0
13185,far,9,31,9,8,7,8,7,8,8,8,7,8
13186,exact,1,2,3,0,0,0,0,0,0,0,0,0
13187,far,7,10,2,0,0,0,0,0,0,0,0,0
13188,near,9,27,7,1,0,1,1,0,1,1,0,1
13189,near,0,1,1,0,0,0,0,0,0,0,0,0
13190,exact,1,2,1,0,0,0,0,0,0,0,0,0
13191,near,2,3,2,0,0,0,0,0,0,0,0,0
13192,near,2,3,3,0,0,0,0,0,0,0,0,0
13193,far,7,11,5,0,0,0,0,0,0,0,0,0
13195,near,1,2,1,0,0,0,0,0,0,0,0,0
13196,near,9,37,10,0,0,0,0,1,1,0,1,0
13197,near,2,3,1,0,0,0,0,0,0,0,0,0
13198,exact,8,15,4,0,0,0,0,0,0,0,0,0
13199,exact,5,6,1,0,0,0,0,0,0,0,0,0
13201,near,6,7,6,0,0,0,0,0,0,0,0,0
13203,near,2,3,3,0,0,0,0,0,0,0,0,0
13204,far,0,1,2,0,0,0,0,0,0,0,0,0
13205,exact,9,29,14,2,0,2,2,2,2,2,0,1
13206,exact,9,29,8,0,0,0,0,0,0,0,0,0
13207,near,6,7,1,0,0,0,0,0,0,0,0,0
13208,near,8,19,10,0,0,0,0,0,0,0,0,0
13210,near,1,2,1,0,0,0,0,0,0,0,0,0
13211,far,8,17,2,0,0,0,0,0,0,0,0,0
13213,far,6,7,1,0,0,0,0,0,0,0,0,0
13214,near,9,37,12,0,0,0,0,0,0,0,0,0
13215,exact,1,2,1,0,0,0,0,0,0,0,0,0
13216,exact,5,5,3,0,0,0,0,0,0,0,0,0
13217,exact,6,8,3,0,0,0,0,0,0,0,0,0
13218,exact,5,5,3,0,0,0,0,0,0,0,0,0
13219,exact,8,14,7,0,0,0,0,0,0,0,0,0
13220,exact,8,20,9,1,0,0,1,0,0,1,0,0
13221,exact,3,4,2,0,0,0,0,0,0,0,0,0
13222,exact,5,6,2,0,0,0,0,0,0,0,0,0
13223,near,1,2,1,0,0,0,0,0,0,0,0,0
13224,near,5,5,3,0,1,0,0,1,0,0,0,0
13226,near,9,23,13,0,0,0,0,0,0,0,0,0
13227,far,8,15,4,0,0,0,0,0,0,0,0,0
13230,exact,6,8,2,0,0,0,0,0,0,0,0,0
13231,near,5,6,1,0,0,0,0,0,0,0,0,0
13233,exact,6,8,2,0,0,0,0,0,0,0,0,0
13234,exact,3,4,1,0,0,0,0,0,0,0,0,0
13235,near,5,6,2,0,0,0,0,0,0,0,0,0
13236,exact,5,5,1,0,0,0,0,0,0,0,0,0
13237,near,2,3,2,0,0,0,0,0,0,0,0,0
13238,exact,9,38,15,1,0,1,1,0,1,0,0,1
13239,near,7,11,5,0,0,0,0,0,0,0,0,0
13240,near,8,17,3,0,0,0,0,0,0,0,0,0
13241,near,3,4,1,0,0,0,0,0,0,0,0,0
13242,exact,1,2,1,0,0,0,0,0,0,0,0,0
13243,near,2,3,1,0,0,0,0,0,0,0,0,0
13244,near,6,7,1,0,0,0,0,0,0,0,0,0
13245,exact,9,22,8,0,0,0,0,0,0,0,0,0
13246,exact,2,3,1,0,0,0,0,0,0,0,0,0
13248,near,7,10,2,0,0,0,0,0,0,0,0,0
13249,exact,2,3,3,0,0,0,0,0,0,0,0,0
13250,near,9,46,23,0,0,0,0,0,0,1,0,1
13251,exact,8,20,5,1,1,1,1,1,1,1,1,1
13252,near,5,5,4,0,0,0,0,0,0,0,0,0
13254,exact,6,7,5,1,0,0,0,0,0,0,0,0
13255,exact,8,17,5,1,0,0,1,0,1,1,0,1
13256,far,5,5,1,0,0,0,0,0,0,0,0,0
13257,near,8,16,5,0,0,0,0,0,0,0,0,0
13258,exact,6,7,1,0,0,0,0,0,0,0,0,0
13259,near,5,5,4,0,0,0,0,0,0,0,0,0
13260,near,1,2,3,0,0,0,0,0,0,0,0,0
13262,near,7,12,5,0,1,1,0,0,1,0,0,1
13263,exact,3,4,1,0,0,0,0,0,0,0,0,0
13264,exact,1,2,3,0,0,0,0,0,0,0,0,0
13266,near,9,32,22,0,0,0,0,0,0,0,0,0
13267,exact,9,26,10,0,0,0,0,0,0,0,0,0
13268,near,8,13,3,0,0,0,0,0,0,0,0,0
13269,exact,5,6,3,0,0,0,0,0,0,0,0,0
13270,exact,6,7,1,0,0,0,0,0,0,0,0,0
13271,exact,1,2,2,0,0,0,0,0,0,0,0,0
13272,near,5,5,3,0,0,0,0,0,0,0,0,0
13273,exact,5,5,1,0,0,0,0,0,0,0,0,0
13274,exact,7,12,4,0,0,0,0,0,0,0,0,0
13275,exact,1,2,1,0,0,0,0,0,0,0,0,0
13276,exact,7,12,4,0,0,0,0,0,0,0,0,0
13277,far,3,4,1,0,0,0,0,0,0,0,0,0
13278,near,9,50,16,0,0,0,0,1,0,2,0,0
13279,far,2,3,1,0,0,0,0,0,0,0,0,0
13280,near,6,7,1,0,0,0,0,0,0,0,0,0
13281,near,1,2,1,0,0,0,0,0,0,0,0,0
13282,exact,2,3,2,0,0,0,0,0,0,0,0,0
13283,exact,1,2,2,0,0,0,0,0,0,0,0,0
13284,exact,5,6,5,0,0,0,0,0,0,0,0,0
13285,near,7,10,2,0,0,0,0,0,0,0,0,0
13286,near,3,4,1,0,0,0,0,0,0,0,0,0
13287,near,3,4,3,0,0,0,0,0,0,0,0,0
13288,exact,8,20,4,0,0,0,0,0,0,0,0,0
13289,near,8,13,5,1,5,5,2,5,5,4,5,5
13290,near,2,3,1,0,0,0,0,0,0,0,0,0
13291,exact,8,19,11,0,0,0,0,0,0,0,0,0
13293,far,5,5,1,0,0,0,0,0,0,0,0,0
13294,exact,1,2,1,0,0,0,0,0,0,0,0,0
13296,exact,7,9,1,0,0,0,0,0,0,0,0,0
13297,exact,1,2,1,0,0,0,0,0,0,0,0,0
13298,near,1,2,2,0,0,0,0,0,0,0,0,0
13299,near,3,4,4,0,0,0,0,0,0,0,0,0
13300,near,3,4,7,0,0,0,0,0,0,0,0,0
13301,near,7,12,2,0,0,0,0,0,0,0,0,0
13302,near,3,4,3,0,0,0,0,0,0,0,0,0
13303,exact,7,9,4,0,0,0,0,0,0,0,0,0
13304,far,1,2,7,0,0,0,0,0,0,0,0,0
13305,exact,1,2,5,0,0,0,0,0,0,0,0,0
13306,exact,7,10,2,0,1,0,0,1,0,0,1,0
13307,near,6,8,1,0,0,0,0,0,0,0,0,0
13308,exact,9,28,10,0,0,0,0,0,0,0,0,0
13309,near,5,6,3,1,1,1,1,0,1,1,1,1
13310,exact,5,6,2,0,0,0,0,0,0,0,0,0
13311,exact,6,8,2,0,0,0,0,0,0,0,0,0
13312,near,2,3,4,0,0,0,0,0,0,0,0,0
13314,exact,3,4,1,0,0,0,0,0,0,0,0,0
13316,near,7,9,2,0,0,0,0,0,0,0,0,0
13318,exact,5,5,4,0,0,0,0,0,0,0,0,0
13319,exact,1,2,3,0,0,0,0,0,0,0,0,0
13320,exact,2,3,1,0,0,0,0,0,0,0,0,0
13321,near,7,10,2,0,0,0,0,0,0,0,0,0
13322,exact,9,22,3,0,0,0,0,0,0,0,0,0
13323,far,7,10,1,0,0,0,0,0,0,0,0,0
13324,far,0,0,1,0,0,0,0,0,0,0,0,0
13325,exact,1,2,1,0,0,0,0,0,0,0,0,0
13326,exact,1,2,2,0,0,0,0,0,0,0,0,0
13327,exact,8,17,7,0,0,0,0,0,0,0,0,0
13328,exact,1,2,5,0,0,0,0,0,0,0,0,0
13329,exact,8,19,10,0,0,0,0,0,0,0,0,0
13330,near,2,3,2,0,0,0,0,0,0,0,0,0
13331,far,7,11,4,2,1,1,2,0,1,2,2,1
13332,exact,5,5,2,0,0,0,0,0,0,0,0,0
13334,near,3,4,6,0,0,0,0,0,0,0,0,0
13335,exact,6,8,3,0,0,0,0,0,0,0,0,0
13336,exact,9,51,22,2,3,0,1,0,0,1,1,0
13338,exact,2,3,2,0,0,0,0,0,0,0,0,0
13339,far,9,31,6,0,0,0,0,0,1,0,0,0
13340,exact,0,1,2,0,0,0,0,0,0,0,0,0
13341,exact,9,33,12,1,1,1,1,1,1,1,1,1
13342,near,3,4,1,0,0,0,0,0,0,0,0,0
13343,exact,2,3,2,0,0,0,0,0,0,0,0,0
13345,far,7,10,1,0,0,0,0,0,0,0,0,0
13346,near,6,8,5,0,0,0,0,0,0,0,0,0
13347,exact,7,9,6,0,0,0,0,0,0,0,0,0
13348,exact,5,5,1,0,0,0,0,0,0,0,0,0
13349,near,6,8,5,0,0,0,0,0,0,0,0,0
13350,exact,6,7,2,0,0,0,0,0,0,0,0,0
13351,far,9,25,11,0,0,0,0,1,0,0,0,0
13352,near,8,14,5,0,0,0,0,0,0,0,0,0
13353,far,5,5,5,1,1,1,1,1,1,1,1,1
13354,exact,7,9,5,0,0,0,0,0,0,0,0,0
13355,near,8,17,5,0,0,0,0,0,0,0,0,0
13356,exact,0,1,4,0,0,0,0,0,0,0,0,0
13357,exact,3,4,3,0,0,0,0,0,0,0,0,0
13358,exact,1,2,1,0,0,0,0,0,0,0,0,0
13359,exact,5,6,4,0,0,0,0,0,0,0,0,0
13360,exact,8,13,6,0,1,0,0,1,0,0,1,0
13361,near,8,19,8,0,0,0,0,0,0,0,0,0
13362,near,5,6,5,0,0,0,0,0,0,0,0,0
13363,near,5,5,2,0,0,0,0,0,0,0,0,0
13364,near,5,5,2,0,0,0,0,0,0,0,0,0
13365,near,2,3,3,0,0,0,0,0,0,0,0,0
13366,exact,8,17,10,0,0,0,0,0,0,0,0,0
13368,exact,6,8,8,0,0,0,0,0,0,0,0,0
13369,exact,3,4,1,0,0,0,0,0,0,0,0,0
13371,exact,5,5,3,0,0,0,0,0,0,0,0,0
13372,exact,7,11,5,0,0,0,0,0,0,0,0,0
13373,near,6,8,3,0,0,0,0,0,0,0,0,0
13374,exact,6,8,1,0,0,0,0,0,0,0,0,0
13375,exact,8,14,11,0,0,0,0,0,0,0,0,0
13376,far,8,13,2,0,0,0,0,0,0,0,0,0
13377,far,0,1,1,0,0,0,0,0,0,0,0,0
13378,exact,5,5,1,0,1,1,1,1,1,0,0,1
13379,exact,8,15,7,0,0,0,0,0,0,0,0,0
13380,near,8,16,5,0,0,0,0,0,0,0,0,0
13381,near,8,19,10,0,0,0,0,0,0,0,0,0
13382,near,6,8,3,0,0,0,0,0,0,0,0,0
13384,exact,9,28,11,0,0,0,0,0,0,0,0,0
13385,far,2,3,1,0,0,0,0,0,0,0,0,0
13386,near,6,8,3,0,0,0,0,0,0,0,0,0
13387,near,7,12,5,0,0,0,0,0,0,0,0,0
13388,near,5,6,2,0,0,0,0,0,0,0,0,0
13389,exact,5,5,2,0,0,0,0,0,0,0,0,0
13390,exact,3,4,2,0,0,0,0,0,0,0,0,0
13391,exact,1,2,1,0,0,0,0,0,0,0,0,0
13392,near,9,45,9,4,7,5,4,6,5,4,6,6
13393,exact,5,5,5,0,0,0,0,0,0,0,0,0
13395,near,5,6,5,0,0,0,0,0,0,0,0,0
13397,exact,9,31,9,0,0,0,1,0,0,0,0,0
13398,exact,8,14,5,0,0,0,0,0,0,0,0,0
13399,near,8,21,10,1,0,1,0,1,1,0,0,1
13401,near,9,26,7,0,0,0,0,0,0,0,0,0
13402,far,1,2,3,0,0,0,0,0,0,0,0,0
13404,near,9,162,61,4,8,5,5,10,10,4,10,6
13405,exact,7,12,3,0,0,0,0,0,0,0,0,0
13406,exact,1,2,2,0,0,0,0,0,0,0,0,0
13407,near,8,16,2,0,0,0,0,0,0,0,0,0
13408,exact,7,10,5,0,0,0,0,0,0,0,0,0
13409,exact,9,26,12,0,0,0,0,0,0,0,0,1
13410,exact,1,2,3,0,0,0,0,0,0,0,0,0
13411,exact,7,12,5,0,0,0,0,0,0,0,0,0
13412,exact,3,4,2,0,0,0,0,0,0,0,0,0
13413,near,8,19,10,0,0,0,0,0,0,0,0,0
13414,near,2,3,1,0,0,0,0,0,0,0,0,0
13415,near,2,3,1,0,0,0,0,0,0,0,0,0
13416,exact,6,7,1,0,0,0,0,0,0,0,0,0
13417,near,3,4,3,0,0,0,0,0,0,0,0,0
13418,exact,8,16,4,0,0,0,0,0,0,0,0,0
13419,near,7,10,1,0,0,0,0,0,0,0,0,0
13420,exact,8,17,6,1,1,1,1,1,1,0,0,1
13421,near,9,173,72,6,3,7,4,4,6,5,6,8
13422,exact,2,3,2,0,0,0,0,0,0,0,0,0
13423,exact,9,24,4,0,0,0,0,0,0,0,0,0
13424,near,5,5,4,0,0,0,0,0,0,0,0,0
13425,near,5,6,1,0,0,0,0,0,0,0,0,0
13426,far,2,3,2,0,0,0,0,0,0,0,0,0
13427,far,9,22,9,0,0,0,0,0,0,0,0,0
13428,far,9,46,17,0,0,1,0,0,0,0,0,1
13429,exact,5,6,4,0,0,0,0,0,0,0,0,0
13431,near,3,4,3,0,0,0,0,0,0,0,0,0
13432,near,8,19,3,0,0,0,0,0,0,0,0,0
13433,near,7,9,1,0,0,0,0,0,0,0,0,0
13435,exact,7,9,3,0,0,0,0,0,0,0,0,0
13436,exact,8,20,5,0,0,0,0,0,0,0,0,0
13437,exact,6,8,5,0,0,0,0,0,0,0,0,0
13439,exact,8,14,2,0,0,0,0,0,0,0,0,0
13441,near,7,9,1,0,0,0,0,0,0,0,0,0
13442,near,8,13,6,0,0,0,1,2,0,0,0,0
13443,exact,7,11,3,0,0,0,0,0,0,0,0,0
13446,exact,9,26,14,1,2,2,1,1,2,1,1,1
13447,exact,8,18,7,1,1,1,1,1,1,1,1,1
13448,near,1,2,1,0,0,0,0,0,0,0,0,0
13449,exact,7,10,5,0,0,0,0,0,0,0,0,0
13450,near,6,8,5,0,0,0,0,0,0,0,0,0
13451,exact,3,4,2,0,0,0,0,0,0,0,0,0
13452,exact,8,17,8,0,0,0,0,0,0,0,0,0
13453,exact,7,9,4,0,0,0,0,0,0,0,0,0
13454,far,5,5,1,0,0,0,0,0,0,0,0,0
13455,exact,6,7,5,0,0,0,0,0,0,0,0,0
13456,near,9,37,10,1,1,1,1,2,1,1,1,1
13457,near,3,4,3,0,0,0,0,0,0,0,0,0
13458,exact,5,6,3,0,0,0,0,0,0,0,0,0
13460,near,2,3,3,0,0,0,0,0,0,0,0,0
13461,near,3,4,2,0,0,0,0,0,0,0,0,0
13462,exact,7,9,3,0,0,0,0,0,0,0,0,0
13463,exact,7,10,3,0,0,0,0,0,0,0,0,0
13464,far,2,3,2,0,0,0,0,0,0,0,0,0
13465,exact,1,2,1,0,0,0,0,0,0,0,0,0
13467,near,8,15,6,0,0,0,0,0,0,0,0,0
13469,exact,7,10,4,0,0,0,0,0,0,0,0,0
13470,exact,3,4,2,0,0,0,0,0,0,0,0,0
13471,exact,3,4,1,0,0,0,0,0,0,0,0,0
13472,exact,2,3,1,0,0,0,0,0,0,0,0,0
13475,exact,7,9,6,0,0,0,0,0,0,0,0,0
13477,exact,9,49,9,2,2,1,2,2,1,1,0,0
13478,exact,8,19,5,1,0,0,1,0,0,1,0,0
13479,exact,2,3,1,0,0,0,0,0,0,0,0,0
13480,exact,0,0,4,0,0,0,0,0,0,0,0,0
13481,near,9,23,12,0,0,0,2,2,2,0,0,0
13482,exact,2,3,1,0,0,0,0,0,0,0,0,0
13483,near,2,3,3,0,0,0,0,0,0,0,0,0
13484,near,1,2,1,0,0,0,0,0,0,0,0,0
13485,exact,2,3,2,0,0,0,0,0,0,0,0,0
13488,exact,0,1,1,0,0,0,0,0,0,0,0,0
13490,exact,1,2,2,0,0,0,0,0,0,0,0,0
13491,exact,9,22,6,0,0,0,0,0,0,0,0,0
13492,exact,5,5,2,0,0,0,0,0,0,0,0,0
13493,exact,9,39,27,0,0,0,0,0,0,0,0,0
13494,exact,1,2,4,0,0,0,0,0,0,0,0,0
13495,exact,8,16,9,0,0,0,0,0,0,0,0,0
13496,exact,3,4,2,0,0,0,0,0,0,0,0,0
13497,near,6,7,1,0,0,0,0,0,0,0,0,0
13498,far,2,3,1,0,0,0,0,0,0,0,0,0
13500,far,7,9,3,0,0,0,0,0,0,0,0,0
13501,near,3,4,3,1,1,1,1,1,0,1,1,1
13504,exact,8,13,11,0,0,0,0,0,0,0,0,0
13505,exact,5,6,1,0,0,0,0,0,0,0,0,0
13507,exact,6,7,1,0,0,0,0,0,0,0,0,0
13508,near,6,7,3,0,0,0,0,0,0,0,0,0
13509,exact,6,8,2,0,0,0,0,0,0,0,0,0
13510,exact,8,15,1,0,0,0,0,0,0,0,0,0
13511,exact,1,2,2,0,0,0,0,0,0,0,0,0
13512,exact,3,4,2,0,0,0,0,0,0,0,0,0
13513,exact,1,2,2,0,0,0,0,0,0,0,0,0
13514,far,9,58,25,0,2,0,0,0,0,0,1,0
13515,exact,3,4,1,0,0,0,0,0,0,0,0,0
13516,exact,3,4,3,0,0,0,0,0,0,0,0,0
13517,near,3,4,1,0,0,0,0,0,0,0,0,0
13518,near,9,33,14,6,6,6,7,6,6,6,5,6
13519,far,3,4,2,0,0,0,0,0,0,0,0,0
13521,near,9,30,11,2,4,2,3,3,2,2,3,1
13522,near,1,2,1,0,0,0,0,0,0,0,0,0
13523,near,9,109,32,3,2,1,2,1,2,2,1,1
13524,near,2,3,3,0,0,0,0,0,0,0,0,0
13525,near,3,4,1,0,0,0,0,0,0,0,0,0
13526,exact,5,5,4,0,0,0,0,0,0,0,0,0
13527,near,7,9,5,0,0,0,0,0,0,0,0,0
13528,exact,5,6,2,0,0,0,0,0,0,0,0,0
13529,exact,7,9,2,0,0,0,0,0,0,0,0,0
13530,near,3,4,1,0,0,0,0,0,0,0,0,0
13531,exact,1,2,3,0,0,0,0,0,0,0,0,0
13532,exact,6,8,5,0,0,0,0,0,0,0,0,0
13533,near,3,4,1,0,0,0,0,0,0,0,0,0
13534,exact,0,0,4,0,0,0,0,0,0,0,0,0
13535,exact,6,7,1,0,0,0,0,0,0,0,0,0
13536,near,3,4,1,0,0,0,0,0,0,0,0,0
13538,exact,2,3,1,0,0,0,0,0,0,0,0,0
13539,far,1,2,3,0,0,0,0,0,0,0,0,0
13541,exact,5,5,1,0,0,0,0,0,0,0,0,0
13542,near,9,46,12,0,0,0,0,0,0,0,1,0
13543,exact,9,102,48,2,2,2,2,3,4,5,2,3
13544,exact,1,2,2,0,0,0,0,0,0,0,0,0
13545,exact,7,10,5,0,0,0,0,0,0,0,0,0
13546,exact,5,5,5,0,0,0,0,0,0,0,0,0
13547,near,5,6,2,0,0,0,0,0,0,0,0,0
13549,exact,3,4,1,0,0,0,0,0,0,0,0,0
13550,exact,2,3,1,0,0,0,0,0,0,0,0,0
13551,near,1,2,1,0,0,0,0,0,0,0,0,0
13552,exact,1,2,1,0,0,0,0,0,0,0,0,0
13553,exact,2,3,2,0,0,0,0,0,0,0,0,0
13554,near,6,7,1,0,0,0,0,0,0,0,0,0
13555,near,2,3,1,0,0,0,0,0,0,0,0,0
13556,exact,8,13,7,0,0,0,0,0,0,0,0,0
13557,exact,7,12,2,0,0,0,0,0,0,0,0,0
13560,near,6,7,1,0,0,0,0,0,0,0,0,0
13561,exact,2,3,2,0,0,0,0,0,0,0,0,0
13562,near,5,5,2,0,0,0,0,0,0,0,0,0
13563,exact,3,4,1,0,0,0,0,0,0,0,0,0
13564,near,5,5,1,0,0,0,0,0,0,0,0,0
13566,exact,2,3,1,0,0,0,0,0,0,0,0,0
13567,near,9,25,10,0,0,0,0,0,0,0,0,0
13568,exact,5,6,1,0,0,0,0,0,0,0,0,0
13569,exact,6,8,1,0,0,0,0,0,0,0,0,0
13570,near,2,3,3,0,0,0,0,0,0,0,0,0
13571,near,3,4,1,0,0,0,0,0,0,0,0,0
13572,far,7,9,4,0,0,0,0,0,0,0,0,0
13573,exact,2,3,2,0,0,0,0,0,0,0,0,0
13574,near,9,55,29,0,0,0,0,1,0,0,2,2
13575,near,9,22,4,0,0,0,0,0,0,0,0,0
13576,near,2,3,1,0,0,0,0,0,0,0,0,0
13577,near,2,3,2,0,0,0,0,0,0,0,0,0
13578,near,5,5,2,0,0,0,0,0,0,0,0,0
13579,near,1,2,1,0,0,0,0,0,0,0,0,0
13580,exact,3,4,5,0,0,0,0,0,0,0,0,0
13581,exact,8,20,4,0,0,0,0,0,0,0,0,0
13582,exact,2,3,1,0,0,0,0,0,0,0,0,0
13585,exact,0,1,2,0,0,0,0,0,0,0,0,0
13586,near,9,47,11,0,0,0,0,0,0,0,0,0
13587,exact,3,4,2,0,0,0,0,0,0,0,0,0
13588,exact,3,4,5,0,0,0,0,0,0,0,0,0
13589,far,9,29,19,1,3,3,1,3,1,1,2,3
13591,near,7,12,7,0,0,0,0,0,0,0,0,0
13593,near,8,14,9,0,0,0,0,0,0,0,0,0
13594,exact,8,15,7,0,0,0,0,0,0,0,0,0
13595,exact,5,5,1,0,0,0,0,0,0,0,0,0
13596,near,5,5,1,0,0,0,0,0,0,0,0,0
13597,exact,5,5,1,0,0,0,0,0,0,0,0,0
13598,exact,2,3,1,0,0,0,0,0,0,0,0,0
13599,exact,2,3,2,0,0,0,0,0,0,0,0,0
13600,exact,9,26,18,0,0,0,0,0,0,0,0,1
13601,near,8,20,7,0,0,0,0,0,0,0,0,0
13602,exact,6,8,3,0,0,0,0,0,0,0,0,0
13604,near,7,11,9,0,0,0,0,0,0,0,0,0
13606,near,8,13,3,0,0,0,0,0,0,0,0,0
13607,near,1,2,1,0,0,0,0,0,0,0,0,0
13608,exact,9,26,3,0,0,0,0,0,0,0,0,0
13609,far,7,10,2,0,0,0,0,0,0,0,0,0
13610,exact,2,3,2,0,0,0,0,0,0,0,0,0
13611,near,6,7,1,0,0,0,0,0,0,0,0,0
13612,exact,7,10,6,0,0,0,0,0,0,0,0,0
13613,exact,9,39,12,0,0,0,0,0,0,0,0,0
13615,exact,9,24,2,0,0,0,0,0,0,0,0,0
13616,near,2,3,1,0,0,0,0,0,0,0,0,0
13618,exact,2,3,1,0,0,0,0,0,0,0,0,0
13619,exact,2,3,3,0,0,0,0,0,0,0,0,0
13620,far,9,22,3,2,3,2,2,3,3,3,3,2
13621,near,3,4,1,0,0,0,0,0,0,0,0,0
13622,exact,8,14,3,0,0,0,0,0,0,0,0,0
13623,far,5,5,4,0,0,0,0,0,0,0,0,0
13624,exact,0,1,3,0,0,0,0,0,0,0,0,0
13625,far,3,4,1,0,0,0,0,0,0,0,0,0
13626,exact,5,6,2,0,0,0,0,0,0,0,0,0
13627,near,2,3,1,0,0,0,0,0,0,0,0,0
13628,exact,2,3,1,0,0,0,0,0,0,0,0,0
13629,exact,3,4,1,0,0,0,0,0,0,0,0,0
13631,near,1,2,2,0,0,0,0,0,0,0,0,0
13632,far,1,2,2,0,0,0,0,0,0,0,0,0
13633,exact,5,5,3,0,0,0,0,0,0,0,0,0
13634,exact,6,8,2,0,0,0,0,0,0,0,0,0
13635,near,9,23,15,1,1,0,0,1,1,0,1,0
13636,far,3,4,2,0,0,0,0,0,0,0,0,0
13638,exact,5,5,1,0,0,0,0,0,0,0,0,0
13639,far,2,3,1,0,0,0,0,0,0,0,0,0
13640,exact,3,4,4,0,0,0,0,0,0,0,0,0
13641,far,9,29,9,0,0,0,0,0,0,0,0,0
13642,near,5,6,7,0,0,0,0,0,0,0,0,0
13643,exact,8,16,5,0,0,0,0,0,0,0,0,0
13644,exact,1,2,3,0,0,0,0,0,0,0,0,0
13645,far,7,11,3,1,2,1,1,2,2,0,2,2
13646,exact,5,6,2,0,0,0,0,0,0,0,0,0
13647,near,8,17,11,0,0,0,0,0,0,0,0,0
13649,near,0,1,2,0,0,0,0,0,0,0,0,0
13650,exact,2,3,2,0,0,0,0,0,0,0,0,0
13651,exact,3,4,3,0,0,0,0,0,0,0,0,0
13652,exact,5,6,5,0,0,0,0,0,0,0,0,0
13653,exact,2,3,1,0,0,0,0,0,0,0,0,0
13654,exact,5,5,2,0,0,0,0,0,0,0,0,0
13655,exact,5,6,4,0,0,0,0,0,0,0,0,0
13656,near,7,9,1,0,0,0,0,0,0,0,0,0
13657,exact,2,3,3,0,0,0,0,0,0,0,0,0
13658,near,1,2,1,0,0,0,0,0,0,0,0,0
13660,near,9,51,21,1,3,3,3,2,3,1,3,2
13661,exact,9,33,9,0,0,0,0,0,0,0,0,0
13663,near,0,1,1,0,0,0,0,0,0,0,0,0
13664,near,1,2,2,0,0,0,0,0,0,0,0,0
13665,far,9,35,11,3,7,7,4,5,6,3,7,8
13666,near,0,1,3,0,0,0,0,0,0,0,0,0
13667,near,9,33,21,1,1,1,1,1,3,0,2,1
13668,exact,8,17,15,1,1,1,1,1,1,1,0,1
13669,near,2,3,2,0,0,0,0,0,0,0,0,0
13670,exact,6,8,3,0,0,0,0,0,0,0,0,0
13671,near,8,15,5,0,0,0,0,0,0,0,0,0
13672,near,6,7,2,0,0,0,0,0,0,0,0,0
13676,exact,1,2,2,0,0,0,0,0,0,0,0,0
13677,near,5,6,1,0,0,0,0,0,0,0,0,0
13678,exact,7,9,1,0,0,0,0,0,0,0,0,0
13679,exact,3,4,1,0,0,0,0,0,0,0,0,0
13680,near,3,4,1,0,0,0,0,0,0,0,0,0
13681,exact,6,7,2,0,0,0,0,0,0,0,0,0
13682,far,2,3,1,0,0,0,0,0,0,0,0,0
13683,exact,2,3,1,0,0,0,0,0,0,0,0,0
13685,exact,9,22,4,0,0,0,0,0,0,0,1,0
13688,exact,9,24,11,0,1,0,0,2,0,0,2,0
13689,far,5,6,1,0,0,0,0,0,0,0,0,0
13690,exact,8,18,5,2,2,2,2,2,2,2,2,2
13691,near,7,12,3,0,0,0,0,0,0,0,0,0
13693,near,3,4,3,0,0,0,0,0,0,0,0,0
13694,exact,9,117,58,1,0,3,2,1,2,3,1,3
13696,far,8,16,6,0,0,0,0,0,0,0,0,0
13698,far,3,4,1,0,0,0,0,0,0,0,0,0
13699,near,8,14,3,0,0,0,0,0,0,0,0,0
13700,near,5,5,2,0,0,0,0,0,0,0,0,0
13701,exact,7,9,6,0,0,0,0,0,0,0,0,0
13702,exact,5,5,1,0,0,0,0,0,0,0,0,0
13703,exact,2,3,1,0,0,0,0,0,0,0,0,0
13705,far,6,8,3,0,0,0,0,0,0,0,0,0
13706,near,9,98,42,1,1,1,1,0,0,2,0,3
13707,near,8,16,8,0,0,0,0,0,0,0,0,0
13708,near,8,17,11,0,0,0,0,0,0,0,0,0
13709,exact,9,26,11,2,2,2,2,2,2,2,1,2
13711,far,7,9,1,0,0,0,0,0,0,0,0,0
13712,exact,1,2,3,0,0,0,0,0,0,0,0,0
13713,exact,8,16,1,0,1,1,0,1,1,1,1,1
13714,exact,2,3,4,0,0,0,0,0,0,0,0,0
13715,near,1,2,1,0,0,0,0,0,0,0,0,0
13716,exact,6,8,1,0,0,0,0,0,0,0,0,0
13717,near,6,8,3,1,1,1,1,1,1,1,1,1
13718,near,2,3,2,0,0,0,0,0,0,0,0,0
13719,near,3,4,4,0,0,0,0,0,0,0,0,0
13720,exact,1,2,1,0,0,0,0,0,0,0,0,0
13721,exact,7,9,3,0,0,0,0,0,0,0,0,0
13722,near,3,4,1,0,0,0,0,0,0,0,0,0
13723,near,9,22,13,0,0,0,0,0,0,0,0,0
13724,exact,9,78,31,0,1,1,1,0,2,1,3,1
13725,far,5,6,7,0,0,0,0,0,0,0,0,0
13726,exact,3,4,6,0,0,0,0,0,0,0,0,0
13728,exact,3,4,3,0,0,0,0,0,0,0,0,0
13729,exact,1,2,1,0,0,0,0,0,0,0,0,0
13730,far,2,3,2,0,0,0,0,0,0,0,0,0
13732,far,2,3,1,0,0,0,0,0,0,0,0,0
13733,exact,9,39,8,0,0,0,0,0,0,0,0,0
13734,exact,7,12,7,0,0,0,0,0,0,0,0,0
13735,exact,0,1,3,0,0,0,0,0,0,0,0,0
13736,exact,3,4,2,0,0,0,0,0,0,0,0,0
13737,exact,9,75,34,3,2,1,1,2,1,2,1,1
13738,exact,0,1,1,0,0,0,0,0,0,0,0,0
13739,exact,3,4,2,0,0,0,0,0,0,0,0,0
13740,exact,0,1,3,0,0,0,0,0,0,0,0,0
13741,near,8,17,4,1,1,1,1,1,1,1,1,1
13742,exact,2,3,2,0,0,0,0,0,0,0,0,0
13743,exact,5,6,4,0,0,0,0,0,0,0,0,0
13744,exact,1,2,2,0,0,0,0,0,0,0,0,0
13746,exact,0,1,1,0,0,0,0,0,0,0,0,0
13747,exact,6,7,5,1,1,1,1,1,1,1,1,1
13748,exact,8,19,5,1,1,1,1,1,1,1,1,1
13750,near,6,7,2,0,0,0,0,0,0,0,0,0
13751,exact,3,4,1,0,0,0,0,0,0,0,0,0
13752,exact,3,4,2,0,0,0,0,0,0,0,0,0
13753,exact,6,7,1,0,0,0,0,0,0,0,0,0
13754,exact,3,4,2,0,0,0,0,0,0,0,0,0
13755,exact,5,5,1,0,0,0,0,0,0,0,0,0
13756,near,7,12,5,1,1,0,0,1,0,1,1,0
13757,exact,7,12,7,0,0,0,0,0,0,0,0,0
13758,near,8,15,5,1,1,1,1,1,1,1,0,1
13759,near,8,13,4,0,0,0,1,0,0,0,0,0
13760,exact,9,34,8,0,1,0,0,0,0,0,0,0
13761,exact,3,4,4,0,0,0,0,0,0,0,0,0
13762,exact,1,2,3,0,0,0,0,0,0,0,0,0
13763,exact,1,2,1,0,0,0,0,0,0,0,0,0
13764,near,2,3,6,0,0,0,0,0,0,0,0,0
13765,far,7,12,4,0,0,0,0,0,0,0,0,0
13766,near,8,19,10,0,0,0,0,0,0,0,0,0
13767,near,9,55,23,2,1,1,1,1,1,1,1,0
13768,far,7,9,8,0,0,0,0,0,0,0,0,0
13769,far,6,8,5,0,0,0,0,0,0,0,0,0
13770,near,1,2,1,0,0,0,0,0,0,0,0,0
13771,exact,5,5,1,0,0,0,0,0,0,0,0,0
13772,near,7,9,2,0,0,0,0,0,0,0,0,0
13773,near,6,7,7,0,0,0,0,0,0,0,0,0
13774,exact,1,2,4,0,0,0,0,0,0,0,0,0
13775,near,9,53,17,1,0,0,1,1,0,1,0,0
13776,near,6,7,1,0,0,0,0,0,0,0,0,0
13777,near,1,2,3,1,1,1,1,0,1,0,0,0
13778,near,3,4,5,0,0,0,0,0,0,0,0,0
13779,exact,5,6,6,0,0,0,0,0,0,0,0,0
13780,far,9,53,9,1,1,1,0,2,1,1,2,2
13781,exact,1,2,2,0,0,0,0,0,0,0,0,0
13782,far,8,16,12,0,0,0,0,0,0,0,0,0
13783,near,5,6,1,0,0,0,0,0,0,0,0,0
13784,exact,9,22,9,0,0,0,1,0,0,0,0,0
13786,exact,8,15,4,0,0,0,0,0,0,0,0,0
13787,near,3,4,2,0,0,0,0,0,0,0,0,0
13788,exact,8,17,3,0,0,0,0,0,1,0,0,0
13790,near,9,39,12,0,0,0,0,0,0,0,0,0
13791,near,9,55,24,0,0,1,1,0,1,0,0,0
13792,exact,2,3,2,0,0,0,0,0,0,0,0,0
13793,exact,8,16,9,0,0,0,0,0,0,0,0,0
13794,near,6,8,4,0,0,0,0,0,0,0,0,0
13795,exact,2,3,1,0,0,0,0,0,0,0,0,0
13796,exact,6,7,1,0,0,1,1,0,1,0,0,1
13797,exact,9,22,12,0,0,0,0,0,0,0,0,0
13798,exact,1,2,2,0,0,0,0,0,0,0,0,0
13799,near,9,40,12,0,0,1,0,0,1,0,0,0
13800,far,7,12,4,0,0,0,0,0,0,0,0,0
13801,near,5,6,3,0,0,0,0,0,0,0,0,0
13802,near,8,18,12,0,0,0,0,0,0,0,0,0
13803,far,5,5,2,0,0,0,0,0,0,0,0,0
13804,near,6,8,2,0,0,0,0,0,0,0,0,0
13805,exact,2,3,1,0,0,0,0,0,0,0,0,0
13806,near,9,28,2,1,1,1,1,1,1,1,1,1
13807,exact,9,36,11,0,0,0,0,0,0,0,0,0
13808,exact,6,8,1,0,0,0,0,0,0,0,0,0
13809,near,2,3,2,0,0,0,0,0,0,0,0,0
13810,exact,5,5,1,0,0,0,0,0,0,0,0,0
13811,near,7,10,5,0,0,0,0,0,0,0,0,0
13812,near,7,9,6,0,0,0,0,0,0,0,0,0
13813,exact,2,3,2,0,0,0,0,0,0,0,0,0
13814,exact,6,7,1,0,0,0,0,0,0,0,0,0
13816,far,2,3,1,0,0,0,0,0,0,0,0,0
13817,far,7,9,7,0,0,0,0,0,0,0,0,0
13818,near,1,2,2,0,0,0,0,0,0,0,0,0
13819,exact,5,6,3,0,0,0,0,0,0,0,0,0
13820,exact,6,7,1,0,0,0,0,0,0,0,0,0
13821,near,3,4,2,0,0,0,0,0,0,0,0,0
13822,far,8,14,11,0,0,0,0,0,0,0,0,0
13823,far,3,4,1,0,0,0,0,0,0,0,0,0
13824,exact,3,4,2,0,0,0,0,0,0,0,0,0
13825,exact,9,22,6,0,0,0,0,0,0,0,0,0
13826,near,9,26,10,0,0,0,0,0,1,0,0,0
13827,near,9,24,3,0,0,0,0,0,0,0,0,0
13828,far,5,5,3,0,0,0,0,0,0,0,0,0
13829,exact,9,33,9,0,0,0,0,0,0,0,0,0
13830,near,1,2,4,0,0,0,0,0,0,0,0,0
13831,exact,8,13,7,0,0,0,0,0,0,0,0,0
13833,near,1,2,3,0,0,0,0,0,0,0,0,0
13834,near,8,14,7,0,0,0,0,0,0,0,0,0
13835,far,8,19,8,0,0,0,0,0,0,0,0,0
13837,exact,7,12,2,0,0,0,0,0,0,0,0,0
13838,exact,8,13,4,0,0,0,0,0,0,0,0,0
13839,exact,2,3,1,0,0,0,0,0,0,0,0,0
13840,far,2,3,2,0,0,0,0,0,0,0,0,0
13841,near,7,9,7,0,0,0,0,0,0,0,0,0
13842,exact,7,11,2,0,0,0,0,0,0,0,0,0
13843,exact,6,7,1,0,0,0,0,0,0,0,0,0
13844,near,8,13,3,0,0,0,0,0,0,0,0,0
13845,exact,2,3,3,0,0,0,0,0,0,0,0,0
13846,near,2,3,1,0,0,0,0,0,0,0,0,0
13847,near,1,2,2,0,0,0,0,0,0,0,0,0
13848,far,5,6,1,0,0,0,0,0,0,0,0,0
13849,exact,1,2,2,0,0,0,0,0,0,0,0,0
13850,exact,1,2,3,0,0,0,0,0,0,0,0,0
13851,exact,3,4,1,0,0,0,0,0,0,0,0,0
13852,far,5,5,1,0,1,0,0,1,0,0,0,0
13853,near,6,7,4,0,0,0,0,0,0,0,0,0
13854,exact,3,4,1,0,0,0,0,0,0,0,0,0
13855,exact,7,10,9,0,0,0,0,0,0,0,0,0
13856,exact,5,6,3,0,1,0,0,0,0,0,0,0
13857,exact,9,52,12,2,3,2,3,3,2,2,2,4
13858,exact,3,4,2,0,0,0,0,0,0,0,0,0
13859,exact,9,26,8,0,0,0,0,0,0,0,0,0
13860,exact,1,2,1,0,0,0,0,0,0,0,0,0
13861,near,8,14,5,0,0,0,0,0,0,0,0,0
13865,exact,5,5,2,0,0,0,0,0,0,0,0,0
13866,near,2,3,4,0,0,0,0,0,0,0,0,0
13867,exact,6,7,3,1,0,0,1,0,1,0,1,1
13868,near,9,28,8,8,8,8,8,8,8,8,8,8
13870,exact,6,7,4,0,0,0,0,0,0,0,0,0
13871,near,6,8,3,0,0,0,0,0,0,0,0,0
13872,exact,5,6,1,0,0,0,0,0,0,0,0,0
13874,exact,7,10,3,0,0,0,0,0,0,0,0,0
13875,exact,7,10,1,0,0,0,0,0,0,0,0,0
13877,exact,7,11,1,0,0,0,0,0,0,0,0,0
13878,exact,2,3,1,0,0,0,0,0,0,0,0,0
13879,exact,1,2,1,0,0,0,0,0,0,0,0,0
13880,exact,6,8,2,0,0,0,0,0,0,0,0,0
13881,near,2,3,3,0,0,0,0,0,0,0,0,0
13882,exact,1,2,2,0,0,0,0,0,0,0,0,0
13883,exact,1,2,3,0,0,0,0,0,0,0,0,0
13884,near,5,5,2,0,0,0,0,0,0,0,0,0
13885,near,1,2,2,0,0,0,0,0,0,0,0,0
13886,exact,8,17,6,0,0,0,0,0,0,0,0,0
13887,near,3,4,2,0,0,0,0,0,0,0,0,0
13888,exact,8,14,6,0,0,0,0,0,0,0,0,0
13889,near,8,19,4,0,0,0,0,0,0,0,0,0
13892,exact,8,20,4,0,0,0,0,0,0,0,0,0
13893,near,2,3,1,0,0,0,0,0,0,0,0,0
13894,near,9,54,12,0,0,0,0,0,1,0,0,0
13895,exact,5,6,4,0,0,0,0,0,0,0,0,0
13896,exact,3,4,1,0,0,0,0,0,0,0,0,0
13897,near,7,9,1,0,0,0,0,0,0,0,0,0
13898,exact,0,1,3,0,0,0,0,0,0,0,0,0
13899,near,3,4,1,0,0,0,0,0,0,0,0,0
13900,exact,0,1,3,0,0,0,0,0,0,0,0,0
13902,near,3,4,1,0,0,0,0,0,0,0,0,0
13903,near,9,39,13,0,1,1,0,1,1,0,0,1
13905,far,3,4,1,0,0,0,0,0,0,0,0,0
13907,far,5,5,3,0,0,0,0,0,0,0,0,0
13908,near,5,6,4,0,0,0,0,0,0,0,0,0
13909,exact,7,11,3,0,0,0,0,0,0,0,0,0
13910,exact,5,6,2,0,0,0,0,0,0,0,0,0
13911,exact,1,2,1,0,0,0,0,0,0,0,0,0
13912,near,2,3,1,0,0,0,0,0,0,0,0,0
13914,far,2,3,1,0,0,0,0,0,0,0,0,0
13915,far,8,15,6,0,0,0,0,0,0,0,0,0
13916,near,9,50,10,2,0,1,1,0,1,2,0,0
13917,far,8,17,8,0,0,0,0,0,0,0,0,0
13918,far,8,13,1,0,0,0,0,0,0,0,0,0
13919,exact,7,9,2,0,0,0,0,0,0,0,0,0
13920,exact,3,4,2,0,0,0,0,0,0,0,0,0
13922,near,3,4,1,0,0,0,0,0,0,0,0,0
13924,exact,7,10,3,0,0,0,0,0,0,0,0,0
13925,near,5,6,3,0,0,0,0,0,0,0,0,0
13926,near,7,9,2,0,0,0,0,0,0,0,0,0
13927,exact,7,10,2,0,0,0,0,0,0,0,0,0
13928,exact,1,2,1,0,0,0,0,0,0,0,0,0
13929,exact,9,70,28,2,0,1,2,1,0,1,1,2
13930,near,2,3,1,0,0,0,0,0,0,0,0,0
13932,exact,9,129,46,2,3,2,4,4,3,4,4,1
13933,near,7,10,5,0,0,0,0,0,0,0,0,0
13934,far,5,5,1,0,0,0,0,0,0,0,0,0
13936,exact,9,54,26,2,2,0,2,1,2,2,1,1
13937,exact,3,4,2,0,0,0,0,0,0,0,0,0
13938,exact,6,8,2,0,0,0,0,0,0,0,0,0
13940,exact,8,16,12,0,0,0,0,0,0,0,0,0
13942,exact,8,16,4,0,0,0,0,0,0,0,0,0
13943,near,9,37,15,0,0,1,0,0,1,0,0,2
13944,exact,3,4,1,0,0,0,0,0,0,0,0,0
13945,exact,7,9,7,0,0,0,0,0,0,0,0,0
13946,exact,2,3,2,0,0,0,0,0,0,0,0,0
13947,exact,9,32,12,0,0,1,0,0,0,0,0,0
13949,near,1,2,1,0,0,0,0,0,0,0,0,0
13950,exact,7,12,1,0,0,0,0,0,0,0,0,0
13952,near,3,4,2,0,0,0,0,0,0,0,0,0
13953,exact,0,1,2,0,0,0,0,0,0,0,0,0
13955,exact,6,7,1,0,0,0,0,0,0,0,0,0
13956,exact,3,4,2,0,0,0,0,0,0,0,0,0
13957,exact,3,4,1,0,0,0,0,0,0,0,0,0
13959,near,5,5,1,0,0,0,0,0,0,0,0,0
13960,near,1,2,2,0,0,0,0,0,0,0,0,0
13961,near,2,3,1,0,0,0,0,0,0,0,0,0
13962,exact,6,8,2,0,0,0,0,0,0,0,0,0
13963,near,3,4,2,1,2,0,1,2,0,0,2,2
13965,near,0,1,2,0,0,0,0,0,0,0,0,0
13966,near,2,3,1,0,0,0,0,0,0,0,0,0
13967,near,7,9,4,0,0,0,0,0,0,0,0,0
13968,exact,9,25,4,0,0,1,0,0,1,1,0,1
13969,exact,0,1,2,0,0,0,0,0,0,0,0,0
13970,near,8,18,7,0,0,0,0,0,0,0,0,0
13971,exact,1,2,3,0,0,0,0,0,0,0,0,0
13972,exact,8,15,6,0,0,0,0,0,0,0,0,0
13973,far,9,122,45,3,0,1,2,2,0,4,1,1
13974,near,5,6,2,0,0,0,0,0,0,0,0,0
13975,near,6,8,3,0,0,0,0,0,0,0,0,0
13976,far,8,18,5,0,0,0,0,0,0,0,0,0
13977,exact,5,5,3,0,0,0,0,0,0,0,0,0
13978,near,1,2,3,0,0,0,0,0,0,0,0,0
13979,near,5,5,1,0,0,0,0,0,0,0,0,0
13980,near,3,4,2,0,0,0,0,0,0,0,0,0
13981,near,6,8,4,0,0,0,1,0,0,0,0,0
13982,near,3,4,1,0,0,0,0,0,0,0,0,0
13984,exact,8,20,5,0,0,0,0,0,0,0,0,0
13985,near,8,15,6,0,0,0,0,0,0,0,0,0
13986,near,5,6,3,0,0,0,0,0,0,0,0,0
13988,exact,8,20,7,1,1,0,2,1,1,1,0,0
13989,far,6,8,2,0,0,0,0,0,0,0,0,0
13990,exact,2,3,2,0,0,0,0,0,0,0,0,0
13991,exact,5,5,4,0,0,0,0,0,0,0,0,0
13992,near,1,2,1,0,0,0,0,0,0,0,0,0
13995,exact,8,15,8,0,0,0,0,0,0,0,0,0
13996,near,7,9,5,0,0,0,0,0,0,0,0,0
13997,exact,2,3,1,0,0,0,0,0,0,0,0,0
13998,near,1,2,2,0,0,0,0,0,0,0,0,0
13999,near,5,5,2,0,0,0,0,0,0,0,0,0
14000,near,3,4,1,0,0,0,0,0,0,0,0,0
14001,near,2,3,3,0,0,0,0,0,0,0,0,0
14002,near,0,1,4,0,0,0,0,0,0,0,0,0
14003,exact,5,6,2,0,0,0,0,0,0,0,0,0
14004,exact,7,11,1,0,0,0,0,0,0,0,0,0
14005,exact,2,3,1,0,0,0,0,0,0,0,0,0
14006,exact,6,7,1,0,0,0,0,0,0,0,0,0
14007,exact,9,34,13,0,0,0,0,0,0,1,0,0
14008,near,2,3,2,0,0,0,0,0,0,0,0,0
14009,exact,8,18,6,0,0,0,0,0,0,0,0,0
14010,exact,5,5,1,0,0,0,0,0,0,0,0,0
14011,near,3,4,2,0,0,0,0,0,0,0,0,0
14013,near,0,1,2,0,0,0,0,0,0,0,0,0
14014,exact,9,61,16,4,2,0,3,2,2,0,2,1
14016,exact,5,6,1,0,0,0,0,0,0,0,0,0
14018,near,3,4,1,0,0,0,0,0,0,0,0,0
14019,exact,5,6,2,0,0,0,0,0,0,0,0,0
14020,near,8,18,5,0,0,0,0,0,1,0,0,0
14022,near,8,21,4,0,0,0,0,0,0,0,0,0
14023,far,7,10,6,0,0,0,0,0,0,0,0,0
14024,near,6,7,1,0,0,0,0,0,0,0,0,0
14025,exact,6,7,1,1,1,1,1,1,1,1,1,1
14026,near,7,9,3,0,0,0,0,0,0,0,0,0
14027,exact,5,5,1,0,0,0,0,0,0,0,0,0
14028,exact,0,1,1,0,0,0,0,0,0,0,0,0
14029,exact,7,9,6,0,0,0,0,0,0,0,0,0
14030,exact,2,3,3,0,0,0,0,0,0,0,0,0
14031,far,9,58,32,0,0,0,0,0,0,0,1,0
14032,exact,3,4,3,0,0,0,0,0,0,0,0,0
14033,near,6,8,3,0,0,0,0,0,0,0,0,0
14035,exact,1,2,1,0,0,0,0,0,0,0,0,0
14038,exact,6,7,2,0,0,0,0,0,0,0,0,0
14039,exact,2,3,1,0,0,0,0,0,0,0,0,0
14040,exact,5,6,5,0,0,0,0,0,0,0,0,0
14041,exact,2,3,3,0,0,0,0,0,0,0,0,0
14042,near,6,7,2,0,0,0,0,0,0,0,0,0
14043,exact,2,3,1,0,0,0,0,0,0,0,0,0
14045,exact,6,8,1,0,0,0,0,0,0,0,0,0
14046,near,6,8,5,0,0,0,0,0,0,0,0,0
14047,exact,1,2,3,0,0,0,0,0,0,0,0,0
14048,near,3,4,1,0,0,0,0,0,0,0,0,0
14049,near,8,18,6,0,0,0,0,0,0,0,0,0
14050,exact,9,26,12,0,0,0,0,0,1,0,0,0
14052,near,5,6,1,0,0,0,0,0,0,0,0,0
14054,near,1,2,1,0,0,0,0,0,0,0,0,0
14055,exact,9,108,27,4,3,2,2,3,2,3,3,2
14056,near,9,30,10,1,2,1,2,2,1,1,1,2
14057,exact,7,10,6,0,0,0,0,0,0,0,0,0
14058,exact,0,1,2,0,0,0,0,0,0,0,0,0
14059,near,8,17,11,1,1,1,1,1,1,1,1,1
14060,near,7,9,2,0,0,0,0,0,0,0,0,0
14061,exact,3,4,4,0,0,0,0,0,0,0,0,0
14062,exact,8,19,5,0,0,0,0,0,0,0,0,0
14063,exact,7,9,3,0,0,0,0,0,0,0,0,0
14064,exact,1,2,2,0,0,0,0,0,0,0,0,0
14065,near,1,2,3,0,0,0,0,0,0,0,0,0
14066,near,1,2,1,0,0,0,0,0,0,0,0,0
14067,exact,3,4,3,0,0,0,0,0,0,0,0,0
14068,near,8,20,10,0,2,1,1,2,1,0,2,1
14069,near,7,12,1,0,0,0,0,0,0,0,0,0
14070,exact,9,36,16,1,1,1,1,1,1,2,1,1
14072,near,3,4,2,0,0,0,0,0,0,0,0,0
14073,exact,7,12,7,0,0,0,0,0,0,0,0,0
14075,exact,8,14,6,0,0,0,0,0,0,0,0,0
14076,exact,2,3,3,0,0,0,0,0,0,0,0,0
14077,exact,7,9,4,0,0,0,0,1,0,0,0,0
14078,exact,3,4,3,0,0,0,0,0,0,0,0,0
14079,exact,5,5,6,0,0,0,0,0,0,0,0,0
14080,exact,9,36,14,0,0,0,0,0,0,0,0,0
14081,far,2,3,1,0,0,0,0,0,0,0,0,0
14083,far,3,4,3,0,0,0,0,0,0,0,0,0
14085,near,6,8,3,0,0,0,0,0,0,0,0,0
14086,exact,6,7,12,1,0,1,1,0,1,0,0,1
14087,far,5,5,4,0,0,0,0,0,0,0,0,0
14088,near,5,5,1,0,0,0,0,0,0,0,0,0
14089,near,9,22,14,1,0,0,0,0,0,0,0,0
14091,exact,6,8,6,1,1,1,1,1,1,0,0,0
14092,exact,1,2,2,0,0,0,0,0,0,0,0,0
14093,near,8,13,2,0,0,0,0,0,0,0,0,0
14094,exact,8,17,14,2,2,2,2,1,2,2,2,2
14095,near,7,10,8,0,0,0,0,0,0,0,0,0
14096,far,9,30,12,1,1,2,2,2,2,1,1,1
14098,exact,2,3,4,0,0,0,0,0,0,0,0,0
14099,near,9,71,31,3,3,1,2,2,2,2,3,2
14100,near,3,4,1,0,0,0,0,0,0,0,0,0
14102,exact,7,12,4,0,0,0,0,0,0,0,0,0
14103,near,5,6,1,0,0,0,0,0,0,0,0,0
14104,exact,5,6,2,0,0,0,0,0,0,0,0,0
14105,exact,7,10,6,0,0,0,0,0,0,0,0,0
14106,exact,5,5,2,0,0,0,0,0,0,0,0,0
14107,exact,0,1,3,0,0,0,0,0,0,0,0,0
14108,exact,5,6,1,0,0,0,0,0,0,0,0,0
14109,near,5,6,1,0,0,0,0,0,0,0,0,0
14110,exact,1,2,1,0,0,0,0,0,0,0,0,0
14113,exact,5,6,1,0,0,0,0,0,0,0,0,0
14115,near,5,6,5,0,0,0,0,0,0,0,1,0
14116,near,5,6,2,1,0,0,1,0,0,0,0,0
14117,exact,5,6,1,0,0,0,0,0,0,0,0,0
14118,near,7,10,5,0,0,0,0,0,0,0,0,0
14119,exact,8,13,1,0,0,0,0,0,0,0,0,0
14120,near,3,4,1,0,0,0,0,0,0,0,0,0
14121,near,8,14,4,0,0,0,0,0,0,0,0,0
14123,exact,7,9,3,0,0,0,0,0,0,0,0,0
14124,near,2,3,1,0,0,0,0,0,0,0,0,0
14125,exact,7,11,3,0,0,0,0,0,0,0,0,0
14126,near,9,24,5,0,0,0,0,0,0,0,0,0
14128,near,2,3,4,0,0,0,0,0,0,0,0,0
14129,near,2,3,2,0,0,0,0,0,0,0,0,0
14130,exact,3,4,2,0,0,0,0,0,0,0,0,0
14131,near,8,13,2,0,0,0,0,0,0,0,0,0
14132,near,1,2,2,0,0,0,0,0,0,0,0,0
14133,exact,2,3,2,0,0,0,0,0,0,0,0,0
14135,exact,2,3,1,0,0,0,0,0,0,0,0,0
14136,exact,5,6,2,0,0,0,0,0,0,0,0,0
14137,far,6,8,3,0,0,0,0,0,0,0,0,0
14139,far,9,101,41,4,4,1,4,2,3,4,3,1
14140,exact,5,6,2,0,0,0,0,0,0,0,0,0
14142,near,8,13,3,0,1,0,0,1,0,0,0,0
14143,exact,5,5,2,0,0,0,0,0,0,0,0,0
14144,near,6,7,7,0,0,0,0,0,0,0,0,0
14145,exact,8,14,4,0,1,1,1,1,1,0,1,0
14146,exact,5,5,4,0,0,0,0,0,0,0,0,0
14147,near,6,8,3,0,0,0,0,0,0,0,0,0
14148,exact,1,2,2,0,0,0,0,0,0,0,0,0
14150,exact,6,7,1,0,0,0,0,0,0,0,0,0
14151,exact,1,2,1,0,0,0,0,0,0,0,0,0
14152,exact,3,4,1,0,0,0,0,0,0,0,0,0
14155,exact,3,4,3,0,0,0,0,0,0,0,0,0
14156,near,8,14,5,0,0,0,0,0,0,0,0,0
14158,near,2,3,2,0,0,0,0,0,0,0,0,0
14159,near,1,2,3,0,0,0,0,0,0,0,0,0
14160,exact,5,6,7,1,0,1,1,0,1,0,0,0
14161,exact,2,3,2,0,0,0,0,0,0,0,0,0
14162,near,5,6,1,0,0,0,0,0,0,0,0,0
14165,near,5,5,2,0,0,0,0,0,0,0,0,0
14166,near,9,120,55,3,1,3,3,3,3,2,0,3
14167,exact,9,42,13,1,2,0,1,1,1,2,2,0
14168,near,5,5,2,0,0,0,0,0,0,0,0,0
14169,exact,5,6,4,0,0,0,0,0,0,0,0,0
14170,near,2,3,1,0,0,0,0,0,0,0,0,0
14171,exact,5,5,2,0,0,0,0,0,0,0,0,0
14172,far,3,4,2,1,1,1,1,1,1,0,1,1
14173,exact,7,9,5,0,0,0,0,0,0,0,0,0
14174,exact,1,2,4,0,0,0,0,0,0,0,0,0
14175,exact,9,50,19,2,1,1,1,1,1,1,1,2
14177,exact,9,23,10,0,0,0,0,0,0,0,0,0
14178,near,3,4,2,0,0,0,0,0,0,0,0,0
14180,exact,9,26,18,0,0,0,0,0,0,0,0,0
14181,exact,2,3,1,0,0,0,0,0,0,0,0,0
14182,near,3,4,1,0,0,0,0,0,0,0,0,0
14183,exact,1,2,3,0,0,0,0,0,0,0,0,0
14184,exact,1,2,3,1,1,1,1,1,1,1,1,1
14185,exact,1,2,2,0,0,0,0,0,0,0,0,0
14186,near,9,44,15,0,1,1,0,2,1,0,1,0
14187,exact,8,16,6,0,0,0,0,0,0,0,0,0
14188,exact,7,9,1,1,0,1,1,1,1,1,0,1
14189,exact,3,4,1,0,0,0,0,0,0,0,0,0
14190,exact,9,22,17,0,1,0,0,0,1,0,0,1
14191,near,8,18,5,0,0,0,0,0,0,0,0,0
14192,far,2,3,2,0,0,0,0,0,0,0,0,0
14193,near,3,4,2,0,0,0,0,0,0,0,0,0
14194,near,0,1,1,0,0,0,0,0,0,0,0,0
14195,exact,5,6,2,0,0,0,0,0,0,0,0,0
14196,exact,5,5,3,0,0,0,0,0,0,0,0,0
14197,exact,0,1,4,0,0,0,0,0,0,0,0,0
14198,exact,8,21,3,0,0,0,0,0,0,0,0,0
14199,exact,2,3,1,0,0,0,0,0,0,0,0,0
14200,exact,1,2,4,0,0,0,0,0,0,0,0,0
14201,near,5,5,2,0,0,0,0,0,0,0,0,0
14202,exact,9,31,12,1,0,0,0,0,0,0,0,0
14203,exact,7,10,1,0,0,0,0,0,0,0,0,0
14204,near,8,13,5,2,2,1,1,2,1,2,2,1
14205,exact,7,12,8,0,0,0,0,0,0,1,0,0
14206,exact,3,4,1,0,0,0,0,0,0,0,0,0
14208,near,9,33,13,0,0,0,0,0,0,0,0,0
14209,exact,0,1,3,0,0,0,0,0,0,0,0,0
14210,far,3,4,1,0,0,0,0,0,0,0,0,0
14211,exact,5,6,2,0,0,0,0,0,0,0,0,0
14212,near,8,15,11,0,1,1,0,0,1,1,1,1
14213,exact,8,15,4,0,0,0,0,0,0,0,0,0
14214,near,7,12,8,0,0,0,0,0,0,0,0,0
14215,far,8,14,8,0,0,0,0,0,0,0,0,0
14216,near,5,5,1,0,0,0,0,0,0,0,0,0
14217,exact,2,3,1,0,0,0,0,0,0,0,0,0
14218,exact,5,5,3,0,0,0,0,0,0,0,0,0
14219,exact,7,10,1,0,0,0,0,0,0,0,0,0
14221,exact,2,3,7,0,0,0,0,0,0,0,0,0
14222,far,7,9,4,0,0,0,0,0,0,0,0,0
14223,exact,6,7,6,0,0,0,0,0,0,0,0,0
14224,far,0,1,2,0,0,0,0,0,0,0,0,0
14225,near,3,4,1,0,0,0,0,0,0,0,0,0
14226,exact,3,4,3,0,0,0,0,0,0,0,0,0
14227,near,5,6,1,0,0,0,0,0,0,0,0,0
14228,exact,5,5,1,0,0,0,0,0,0,0,0,0
14229,far,9,26,10,0,0,0,0,0,0,0,0,0
14230,near,7,9,4,0,0,0,0,0,0,0,0,0
14231,near,3,4,1,0,0,0,0,0,0,0,0,0
14232,near,1,2,1,0,0,0,0,0,0,0,0,0
14233,near,6,7,6,0,0,0,0,0,0,0,0,0
14234,exact,2,3,3,0,0,0,0,0,0,0,0,0
14235,far,7,10,1,0,0,0,0,0,0,0,0,0
14236,near,3,4,1,0,0,0,0,0,0,0,0,0
14237,exact,6,7,1,0,0,0,0,0,0,0,0,0
14239,near,6,7,2,0,0,0,0,0,0,0,0,0
14240,exact,7,9,2,0,0,0,0,0,0,0,0,0
14242,exact,2,3,2,0,0,0,0,0,0,0,0,0
14243,exact,9,44,18,0,1,0,0,1,1,0,2,0
14244,exact,7,9,6,0,0,0,0,0,0,0,0,0
14245,near,7,10,1,0,0,0,0,0,0,0,0,0
14246,near,7,9,2,0,0,0,0,0,0,0,0,0
14247,exact,1,2,2,0,0,0,0,0,0,0,0,0
14248,exact,8,15,7,0,0,0,0,0,0,0,0,0
14249,exact,5,5,7,0,0,0,0,0,0,0,0,0
14250,near,7,10,3,0,0,0,0,0,0,0,0,0
14251,exact,8,21,5,0,0,0,0,0,0,0,0,0
14252,far,2,3,1,0,0,0,0,0,0,0,0,0
14253,exact,9,84,35,2,1,2,2,1,1,0,1,0
14254,near,7,12,4,0,0,0,0,0,0,0,0,0
14255,exact,2,3,2,0,0,0,0,0,0,0,0,0
14257,exact,3,4,2,0,0,0,0,0,0,0,0,0
14258,near,6,7,1,0,0,0,0,0,0,0,0,0
14259,exact,3,4,1,0,0,0,0,0,0,0,0,0
14261,exact,7,9,3,0,0,0,0,0,0,0,0,0
14263,exact,3,4,2,0,0,0,0,0,0,0,0,0
14264,far,9,51,7,7,7,7,7,7,7,7,7,7
14265,near,9,103,34,1,3,2,5,2,3,3,2,1
14266,exact,6,7,2,0,0,0,0,0,0,0,0,0
14267,near,5,5,2,0,0,0,0,0,0,0,0,0
14268,near,6,7,1,0,0,0,0,0,0,0,0,0
14269,exact,2,3,2,0,0,0,0,0,0,0,0,0
14270,near,6,7,4,0,0,0,0,0,0,0,0,0
14271,exact,1,2,2,0,0,0,0,0,0,0,0,0
14272,exact,7,9,4,0,0,0,0,0,0,0,0,0
14273,exact,9,43,17,2,2,2,2,2,2,2,2,2
14274,exact,6,7,1,0,0,0,0,0,0,0,0,0
14275,exact,0,0,1,0,0,0,0,0,0,0,0,0
14276,near,7,11,3,0,0,0,0,0,0,0,0,0
14277,far,5,5,2,0,0,0,0,0,0,0,0,0
14278,exact,3,4,1,0,0,0,0,0,0,0,0,0
14279,exact,6,8,5,0,0,0,0,0,0,0,0,0
14281,near,0,1,2,0,0,0,0,0,0,0,0,0
14282,far,2,3,2,0,0,0,0,0,0,0,0,0
14284,far,2,3,1,0,0,0,0,0,0,0,0,0
14285,near,3,4,1,0,0,0,0,0,0,0,0,0
14286,exact,2,3,1,0,0,0,0,0,0,0,0,0
14287,exact,2,3,2,0,0,0,0,0,0,0,0,0
14288,exact,2,3,2,0,0,0,0,0,0,0,0,0
14289,near,2,3,3,0,0,0,0,0,0,0,0,0
14290,exact,1,2,4,0,0,0,0,0,0,0,0,0
14291,exact,1,2,1,0,0,0,0,0,0,0,0,0
14292,far,9,52,24,2,1,1,3,1,2,2,1,0
14293,exact,3,4,1,0,0,0,0,0,0,0,0,0
14294,exact,8,21,2,0,0,0,0,0,0,0,0,0
14295,near,9,36,12,0,0,0,0,1,0,0,0,0
14296,exact,5,5,4,0,0,0,0,0,0,0,0,0
14297,far,2,3,1,0,0,0,0,0,0,0,0,0
14298,exact,5,5,2,0,0,0,0,0,0,0,0,0
14299,exact,1,2,3,0,0,0,0,0,0,0,0,0
14300,near,2,3,1,0,0,0,0,0,0,0,0,0
14301,near,9,38,8,0,0,0,1,0,0,0,0,0
14302,exact,3,4,2,0,0,0,0,0,0,0,0,0
14303,exact,2,3,2,0,0,0,0,0,0,0,0,0
14304,near,1,2,1,0,0,0,0,0,0,0,0,0
14305,exact,6,8,1,0,0,0,0,0,0,0,0,0
14306,exact,3,4,1,0,0,0,0,0,0,0,0,0
14307,far,6,8,2,0,0,0,0,0,0,0,0,0
14308,exact,1,2,1,0,0,0,0,0,0,0,0,0
14309,near,1,2,2,0,0,0,0,0,0,0,0,0
14311,exact,6,8,3,0,0,0,0,0,0,0,0,0
14312,near,9,61,21,6,7,6,8,7,6,6,6,6
14313,exact,0,0,1,0,0,0,0,0,0,0,0,0
14314,near,3,4,1,0,0,0,0,0,0,0,0,0
14315,near,2,3,3,0,0,0,0,0,0,0,0,0
14316,exact,8,14,3,0,0,0,0,0,0,0,0,0
14317,exact,2,3,1,0,0,0,0,0,0,0,0,0
14319,exact,5,5,2,0,0,0,0,0,0,0,0,0
14320,exact,9,23,13,0,0,0,0,0,0,0,0,0
14321,exact,6,7,3,0,0,0,0,0,0,0,0,0
14322,near,6,7,2,0,0,0,0,0,0,0,0,0
14323,exact,9,46,17,0,0,0,2,0,1,0,0,0
14325,exact,8,17,6,0,0,0,0,0,0,0,0,1
14326,near,8,19,8,0,0,0,0,0,0,0,0,0
14327,exact,7,11,2,0,0,0,0,0,0,0,0,0
14328,near,2,3,1,0,0,0,0,0,0,0,0,0
14329,far,5,6,1,1,0,1,1,1,1,0,0,0
14330,far,9,28,18,0,1,1,1,1,1,0,0,1
14331,near,5,5,2,0,0,0,0,0,0,0,0,0
14332,exact,1,2,2,0,0,0,0,0,0,0,0,0
14333,exact,8,20,12,0,0,0,0,0,0,0,0,1
14334,near,6,8,8,0,0,0,0,0,0,0,0,0
14336,near,9,28,5,0,0,0,0,0,0,0,0,0
14338,exact,9,57,18,1,1,2,2,1,2,1,1,1
14339,exact,6,7,3,0,0,0,0,0,0,0,0,0
14340,far,7,11,5,0,0,0,0,0,0,0,0,0
14341,exact,5,5,1,0,0,0,0,0,0,0,0,0
14342,exact,6,8,5,0,0,0,0,0,0,0,0,0
14343,exact,7,9,3,0,0,0,0,0,0,0,0,0
14344,near,9,22,14,5,6,4,4,5,4,4,6,5
14345,exact,3,4,4,0,0,0,0,0,0,0,0,0
14346,exact,3,4,3,0,0,0,0,0,0,0,0,0
14347,near,8,15,7,0,0,0,0,0,0,0,0,0
14348,exact,6,7,1,0,0,0,0,0,0,0,0,0
14349,exact,8,15,8,0,0,0,1,0,0,0,0,0
14351,exact,3,4,3,0,0,0,0,0,0,0,0,0
14352,near,6,7,1,0,0,0,0,0,0,0,0,0
14353,exact,3,4,3,0,0,0,0,0,0,0,0,0
14355,exact,5,5,1,0,0,0,0,0,0,0,0,0
14356,near,1,2,2,0,0,0,0,0,0,0,0,0
14357,near,0,1,1,0,0,0,0,0,0,0,0,0
14358,exact,8,15,10,0,0,0,0,0,0,0,0,0
14359,exact,2,3,2,0,0,0,0,0,0,0,0,0
14360,exact,5,5,1,0,0,0,0,1,1,0,0,0
14361,exact,5,6,3,0,0,0,0,0,0,0,0,0
14363,exact,5,5,4,0,0,0,0,0,0,0,0,0
14364,exact,6,8,8,0,0,0,0,0,1,0,0,0
14365,near,5,6,2,0,0,0,0,0,0,0,0,0
14366,exact,3,4,1,0,0,0,0,0,0,0,0,0
14367,exact,6,8,3,1,1,1,1,1,1,1,1,1
14368,exact,2,3,2,0,0,0,0,0,0,0,0,0
14369,far,8,19,10,1,1,0,0,0,0,0,0,0
14370,near,9,44,3,0,0,0,1,0,0,1,0,0
14371,exact,5,5,1,0,0,0,0,0,0,0,0,0
14372,exact,2,3,3,0,0,0,0,0,0,1,0,0
14375,near,8,17,6,0,0,0,0,0,1,0,0,0
14376,near,9,30,3,0,1,1,1,1,1,1,1,1
14377,exact,5,5,2,0,0,0,0,0,0,0,0,0
14378,exact,5,5,5,0,0,0,0,0,0,0,0,0
14379,near,6,8,4,0,0,0,0,0,0,0,0,0
14380,far,9,24,6,0,0,0,0,0,0,0,0,0
14381,exact,7,12,3,0,0,0,0,0,0,0,0,0
14382,far,5,5,1,0,0,0,0,0,0,0,0,0
14383,exact,3,4,1,0,0,0,0,0,0,0,0,0
14384,far,6,8,2,0,0,0,0,0,0,0,0,0
14385,exact,8,16,7,0,0,0,0,0,0,0,0,0
14386,exact,2,3,1,0,0,0,0,0,0,0,0,0
14387,near,5,5,1,0,0,0,0,0,0,0,0,0
14388,exact,5,6,4,0,0,0,0,0,0,0,0,0
14389,near,5,5,2,0,0,0,0,0,0,0,0,0
14390,exact,7,10,6,0,0,0,0,0,0,0,0,0
14391,exact,2,3,1,0,0,0,0,0,0,0,0,0
14392,near,8,17,7,0,0,0,0,0,0,0,0,0
14393,far,1,2,3,0,0,0,0,0,0,0,0,0
14394,exact,5,5,3,0,0,0,0,0,0,0,0,0
14395,exact,9,34,21,1,2,2,2,3,3,3,2,3
14397,exact,6,7,1,0,0,0,0,0,0,0,0,0
14398,exact,9,22,8,0,0,0,0,0,0,0,0,0
14399,exact,8,14,2,0,0,0,0,0,0,0,0,0
14400,exact,0,1,3,0,0,0,0,0,0,0,0,0
14401,near,8,18,7,0,0,0,0,0,0,0,0,0
14402,exact,2,3,4,0,0,0,0,0,0,0,0,0
14403,exact,3,4,4,0,0,0,0,0,0,0,0,0
14404,near,7,10,2,0,0,0,0,0,0,0,0,0
14406,near,5,6,4,0,0,0,0,0,0,0,0,0
14407,exact,5,5,1,0,0,0,0,0,0,0,0,0
14408,exact,8,17,7,0,0,0,0,0,0,0,0,0
14410,exact,6,8,4,0,0,0,0,0,0,0,0,0
14412,exact,8,18,11,0,0,0,0,1,0,0,0,0
14413,exact,8,21,6,0,0,0,0,0,1,0,0,0
14414,far,3,4,1,0,0,0,0,0,0,0,0,0
14415,near,9,29,14,0,0,0,0,0,0,0,0,0
14416,near,5,6,1,0,0,0,0,0,0,0,0,0
14417,near,9,24,10,0,0,0,0,0,0,0,0,0
14418,near,8,13,4,0,1,1,0,1,0,0,1,1
14420,exact,0,1,3,0,0,0,0,0,0,0,0,0
14421,near,1,2,3,0,0,0,0,0,0,0,0,0
14422,exact,6,8,1,0,0,1,0,0,1,0,0,1
14423,near,8,17,6,0,0,0,0,0,0,0,0,0
14424,exact,3,4,1,0,0,0,0,0,0,0,0,0
14425,near,5,5,1,0,0,0,0,0,0,0,0,0
14426,exact,5,5,1,0,0,0,0,0,0,0,0,0
14427,near,2,3,2,1,1,1,1,1,1,1,0,1
14428,near,3,4,2,0,0,0,0,0,0,0,0,0
14429,far,7,10,4,0,0,0,0,0,0,0,0,0
14430,near,5,5,1,0,0,0,0,0,0,0,0,0
14431,near,2,3,1,0,0,0,0,0,0,0,0,0
14432,exact,3,4,1,0,0,0,0,0,0,0,0,0
14433,exact,7,9,6,0,0,0,0,0,0,0,0,0
14434,near,9,30,8,0,0,0,0,0,0,0,0,0
14435,exact,3,4,2,0,0,0,0,0,0,0,0,0
14437,near,7,10,5,0,0,0,0,0,0,0,0,0
14438,exact,8,15,5,0,0,0,0,0,0,0,0,0
14439,exact,3,4,2,0,0,0,0,0,0,0,0,0
14440,near,2,3,1,0,0,0,0,0,0,0,0,0
14441,exact,6,7,1,0,0,0,0,0,0,0,0,0
14442,near,7,9,1,0,0,0,0,0,0,0,0,0
14443,exact,7,10,5,0,0,0,0,0,0,0,0,0
14444,far,8,13,5,0,0,0,0,0,0,0,0,0
14445,near,6,8,2,0,0,0,0,0,0,0,0,0
14446,exact,1,2,2,0,0,0,0,0,0,0,0,0
14448,exact,5,5,1,0,0,0,0,0,0,0,0,0
14449,far,6,8,3,0,0,0,0,0,0,0,0,0
14450,far,5,5,2,0,0,0,0,0,0,0,0,0
14451,exact,8,14,3,0,0,0,0,0,0,0,0,0
14452,near,1,2,1,0,0,0,0,0,0,0,0,0
14453,near,8,18,5,0,0,0,0,0,0,0,0,0
14454,exact,8,15,6,0,0,0,0,0,0,0,0,0
14455,near,5,5,3,0,0,0,0,0,0,0,0,0
14456,near,3,4,1,0,0,0,0,0,0,0,0,0
14457,near,5,5,2,0,0,0,0,0,0,0,0,0
14458,exact,2,3,1,0,0,0,0,0,0,0,0,0
14459,near,8,15,7,0,0,0,0,0,0,0,0,0
14461,far,8,16,3,0,0,0,0,0,0,0,0,0
14462,near,7,9,3,0,0,0,0,0,0,0,0,0
14463,near,1,2,2,0,0,0,0,0,0,0,0,0
14464,exact,0,1,9,0,0,0,0,0,0,0,0,0
14465,exact,3,4,1,0,0,0,0,0,0,0,0,0
14466,far,0,1,2,0,0,0,0,0,0,0,0,0
14467,exact,6,7,3,0,0,0,0,0,0,0,0,0
14468,exact,5,5,2,0,0,0,0,0,0,0,0,0
14469,near,7,10,4,0,0,0,0,0,0,0,0,0
14470,exact,9,35,4,0,0,0,0,0,0,0,0,0
14471,exact,1,2,2,0,0,0,0,0,0,0,0,0
14472,exact,5,5,4,0,0,0,0,0,0,0,0,0
14473,exact,8,13,6,1,1,1,1,1,1,1,1,1
14474,exact,2,3,2,0,0,0,0,0,0,0,0,0
14476,near,1,2,2,0,0,0,0,0,0,0,0,0
14477,near,1,2,1,0,0,0,0,0,0,0,0,0
14478,far,2,3,1,0,0,0,0,0,0,0,0,0
14479,exact,5,5,2,0,0,0,0,0,0,0,0,0
14480,exact,6,7,6,0,0,0,0,0,0,0,0,0
14481,far,8,19,4,0,0,0,0,0,0,0,0,0
14482,exact,7,11,4,0,0,0,0,0,0,0,0,0
14483,far,8,20,13,0,0,0,1,0,0,0,0,0
14485,exact,2,3,1,0,0,0,0,0,0,0,0,0
14486,exact,5,5,4,0,0,0,0,0,0,0,0,0
14487,near,5,5,1,0,0,0,0,0,0,0,0,0
14490,near,7,11,7,0,0,0,0,0,0,0,0,0
14491,near,5,5,1,0,0,0,0,0,0,0,0,0
14492,exact,3,4,1,0,0,0,0,0,0,0,0,0
14493,exact,3,4,1,0,0,0,0,0,0,0,0,0
14494,far,0,1,3,0,0,0,0,0,0,0,0,0
14495,exact,1,2,2,0,0,0,0,0,0,0,0,0
14496,exact,7,11,1,0,0,0,0,0,0,0,0,0
14498,exact,6,7,1,0,0,0,0,0,0,0,0,0
14499,exact,5,5,3,0,0,0,0,0,0,0,0,0
14501,near,8,16,3,0,0,0,0,0,0,0,0,0
14502,near,9,25,8,0,0,1,0,0,1,0,0,0
